date,title,processed_description,category,url,document,topic,gamma,topic_name
"Publish : 26 May 2025, 17:36",'Army remains uncompromising on national sovereignty',bangladesh armi remain uncompromis question countri sovereignti brigadi md nazim ud daula director director militari oper armi headquart mondai corridor relat issu highli sensit armi nation compromis countri independ secur sovereignti brief organis armi headquart dhaka canton unb report respond question corridor issu brig gen nazim border situat myanmar sensit armi maintain level alert mention 30 000 uniform reportedli kuki chin nation front knf chattogram knf repres kuki commun popul 12 000 30 000 uniform produc truth involv armi take matter investig refer push in citizen border countri india brig gen nazim action accept desir border guard bangladesh bgb tackl matter effect direct govern armi interven situat highli undesir ad early colonel md shafiqul islam colonel staff director militari oper outlin armi activ past 40 dai strict measur mob violenc disrupt social secur shafiqul islam observ compar past law situat remain stabl improv maintain law armi sole respons requir coordin effort law enforc agenc relev institut bring improv,bangladesh,https://en.ittefaq.com.bd//en.ittefaq.com.bd/12062/army-remains-uncompromising-on-national,1,7,0.653108868015455,Education
"Publish : 26 May 2025, 15:26","CA, Japanese PM to hold budget-focused talks on May 30",chief advis professor muhammad yunu japanes prime minist shigeru ishiba hold bilater talk tokyo japan 30 discuss strateg bilater issu strengthen relat front bilater talk tokyo roll red carpet chief advis amid guard honour unb report act foreign secretari md ruhul alam siddiqu brief report ministri foreign affair mondai afternoon note chief advis pai offici visit 28 31 main focu visit budgetari support siddiqu respond question ad strateg bilater issu discuss total mou sign offici visit chief advis bangladesh seek 1 billion japan budgetari support form soft loan announc formal bilater talk exchang note sign act foreign secretari prof yunu leav dhaka japan 27 tuesdai night chief advis attend nikkei 30th futur asia event deliv keynot speech plenari session director east asia pacif wing moham nore alam director public diplomaci wing shah asif rahman speak brief februari japanes parliamentari vice minist foreign affair ikuina akiko invit chief advis prof yunu visit japan nikkei 30th futur asia event hold 29 30 tokyo prof yunu recipi nikkei asia prize 2004 plan free indo pacif initi japan sustain develop region japan strengthen engag bangladesh bai bengal initi countri aim support qualiti infrastructur develop project encourag japanes manufactur product compani expand industri chain bangladesh plan free indo pacif initi japan sustain develop region bangladesh embassi tokyo polit econom sector cooper issu trade invest peopl peopl connect cultur exchang forcibli displac myanmar nation rohingya secur cooper region global issu discuss visit diplomat sourc tell unb countri strengthen bilater relationship wide ring includ secur economi econom cooper peopl peopl cultur exchang japan bangladesh strateg partnership,bangladesh,https://en.ittefaq.com.bd//en.ittefaq.com.bd/12061/ca-japanese-pm-to-hold-budget-focused-talks-on,2,8,0.6585418709640382,Weather
"Publish : 26 May 2025, 13:41",NBR resumes operations after nearly 2 weeks’ disruption,nation board revenu nbr resum normal oper countri mondai employe return govern assur meet demand week disrupt 14 return govern assur hope fine offici wish anonym unb report demand repeal ordin dissolv nbr remov chairman public revenu reform advisori committe recommend nbr websit ensur sustain revenu system reform review discuss relev stakehold nbr reform uniti council start pen 14 suspend 19 govern propos dialogu initi direct chief advis start scale abstent saturdai press home demand 21 meet hold confer financ divis 13 deleg nbr reform uniti council advis dr salehuddin ahm presenc advis nbr reform uniti council term meet financ advis unsuccess revenu reform advisori committe nation board revenu nbr secretari financ ministri chairman nation board revenu meet nbr reform uniti council wednesdai announc seri programm includ ongo cooper nbr chairman press home demand sit programm hold nbr offic dhaka thursdai sundai night financ ministri press releas nation board revenu nbr elev statu independ specialis depart govern issu clarif elimin ambigu posit revenu polici administr reform ordin 2025 structur separ revenu polici implement safeguard bc custom excis bc taxat cadr finalis discuss nbr revenu reform advisori committe kei stakehold process focu strengthen nbr establish specialis institut revenu polici mention amend ordin juli 31 2025 ensur proper separ revenu polici formul revenu administr importantli ordin enforc amend complet assur agit nbr reform uniti council call programm start daili routin mondai visit revenu build agargaon offici employe engag duti express hope interim govern leadership nobel laureat professor muhammad yunu step fulfil legitim demand,bangladesh,https://en.ittefaq.com.bd//en.ittefaq.com.bd/12059/nbr-resumes-operations-after-nearly-2-weeks%E2%80%99,3,10,0.9990765814184652,International
"Publish : 26 May 2025, 11:07",Rains likely in parts of country as monsoon approaches,bangladesh meteorolog depart predict light moder rain countri 24 hour commenc 9am mondai light moder rain thunder shower lightn flash temporari gusti wind rangpur rajshahi mymensingh sylhet divis dhaka khulna barish chattogram divis moder heavi fall rangpur rajshahi mymensingh sylhet divis meet offic bulletin unb report southwest monsoon advanc chattogram divis condit favour advanc low pressur form north bai bengal adjoin 27 dai temperatur remain unchang night temperatur fall slightli countri,bangladesh,https://en.ittefaq.com.bd//en.ittefaq.com.bd/12056/rains-likely-in-parts-of-country-as-monsoon,4,7,0.996879049664303,Education
"Publish : 25 May 2025, 21:09",NBR Reform Unity Council withdraws strike upon govt’s assurance,nbr reform uniti council sundai withdraw previous announc fledg strike welcom govern announc amend revenu polici administr reform ordin 2025 juli 31 announc clarif financ ministri start nbr dissolv strengthen independ special depart ministri financ unb report special institut form revenu polici formul exist ordin implement amend council statement issu sundai night govern commit sustain revenu reform discuss nbr revenu reform advisori committe kei stakehold mark begin bangladesh journei establish internation benchmark independ empow revenu agenc statement read council declar govern prove legitimaci stand demand programm note demand remov current nbr chairman remain unmet hope govern posit decis favor demand previous announc cooper movement current nbr chairman continu declar statement council support confid sustain peopl orient revenu system build countri ad council recal early commit nation promis demand fulfil offic hour backlog line commit announc addit regular offic hour begin statement,bangladesh,https://en.ittefaq.com.bd//en.ittefaq.com.bd/12052/nbr-reform-unity-council-withdraws-strike-upon,5,10,0.9984368144852863,International
"Publish : 25 May 2025, 18:11",Storms brewing across the country,rain thundershow occur dhaka 17 district 6 pm sundai 25 bulletin issu bangladesh meteorolog depart rain start region includ faridpur barguna light shower report dhaka weather bulletin 10 30 6 pm district experi rain thundershow accompani gusti squalli wind manikganj munshiganj dhaka gazipur tangail gopalganj kushtia rajbari pabna faridpur jashor magura jhenaidah chuadanga sylhet cumilla chandpur wind speed reach 45 60 kilomet hour thunderstorm accompani rain meteorologist kazi zebunnesa meteorolog depart rain start barguna baris divis faridpur chattogram dhaka manikganj district rainfal ad possibl rain capit possibli 3 pm amount rainfal expect light,bangladesh,https://en.ittefaq.com.bd//en.ittefaq.com.bd/12050/storms-brewing-across-the-country,6,7,0.996879049664303,Education
"Publish : 25 May 2025, 14:27",NBR staff’s full-fledged strike enters 2nd day,fledg nationwid strike enforc offic employe nation board revenu nbr press home 4 dai enter 2nd dai sundai strike start offic incom tax custom vat offic 9 continu till 5 pm keep custom hous lc station purview unb report offici banner nbr reform uniti council threaten continu protest demand meet demand repeal ordin dissolv nbr remov chairman public revenu reform advisori committe recommend nbr websit ensur sustain revenu system reform review discuss relev stakehold nbr reform uniti council initi strike april 29 respons interim govern propos restructur nbr initi protest hundr offici tax zone dhaka particip demonstr nbr headquart meet nbr chairman abdur rahman khan express concern urg revis propos ordin govern proceed reform offici dissolv nbr establish separ entiti revenu polici divis rpd revenu manag divis rmd 13 2025 action intensifi unrest revenu offici view move undermin role integr tax administr system start pen strike 14 suspend 19 wednesdai announc seri programm includ ongo cooper nbr chairman press home demand,bangladesh,https://en.ittefaq.com.bd//en.ittefaq.com.bd/12048/nbr-staff%E2%80%99s-full-fledged-strike-enters-2nd-day,7,10,0.9985650906436171,International
"Publish : 25 May 2025, 13:21",Govt employees continue strike at Secretariat,govern employe continu protest consecut dai sundai secretariat demand withdraw draft govern servic amend ordin 2025 disrupt offici activ organis banner bangladesh secretariat offic employe unit council protest morn 12 40pm unb report employe depart refrain gather secretariat premis voic opposit ordin signific offici staff demonstr dai protestor move main gate secretariat hold protest ralli 11 30am entri exit vehicl gate complet block hamper normal oper draft ordin receiv nod advisori council 22 prompt employe strike protest demonstr respons govern assign advis review draft protestor strongli condemn ordin label repress draconian demand cancel argu propos amend curtail employe right increas govern control civil servant,bangladesh,https://en.ittefaq.com.bd//en.ittefaq.com.bd/12047/govt-employees-continue-strike-at-secretariat,8,7,0.5131982657063521,Education
"Publish : 25 May 2025, 10:20",Railway begins advance ticket sales for Eid-ul-Azha,bangladesh railwai sundai morn start sell advanc train ticket june 4 journei ahead eid ul azha eas process passeng 100 percent ticket regular interc train sell onlin sale station counter unb report onlin base ticket sale western region 8am eastern region start 2pm ten special train oper rout run june 4 6 june 9 14 train run eid dai unlik regular servic ticket special train station counter onlin total 43 interc train oper countri eid offer 33 315 seat 25 percent train capac alloc stand ticket sell station counter railwai eid schedul ticket 31 sale 21 june 2 ticket 23 june 3 ticket 24 ticket june 5 6 sale 26 27 passeng seat singl transact ticket buy advanc refund 6 council advis approv 10 dai vacat occas eid ul azha begin june 5,bangladesh,https://en.ittefaq.com.bd//en.ittefaq.com.bd/12042/railway-begins-advance-ticket-sales-for,9,4,0.9979869041900837,Economy
"Publish : 24 May 2025, 23:28",BTRC caps SIM limit to 10 per person,bangladesh telecommun regulatori commiss btrc decis sim card person regist saturdai 24 btrc sourc confirm decis btrc light intern practice nation secur concern maximum sim person regist reduc 15 10 socio econom context bangladesh consider btrc state limit 10 person sim enforc approxim 6 7 million sim belong 2 6 million user deactiv btrc offici explain previous individu regist 15 sim card decis cap 10 worth note octob 2017 maximum sim limit nation id set 15 octob 2022 btrc issu notic urg user 15 sim retain prefer deregist rest btrc conduct lotteri deactiv excess sim limit,bangladesh,https://en.ittefaq.com.bd//en.ittefaq.com.bd/12041/btrc-caps-sim-limit-to-10-per-person,10,5,0.5707698515524336,Crime
"Publish : 24 May 2025, 15:36",CA exit rumours dismissed,chief advis muhammad yunu resign confirm plan advis wahiduddin mahmud chief advis stai advis stai carri respons assign saturdai 24 interim govern advisori council hold close door meet meet plan advis brief report meet 12 20 pm 2 20 pm nec confer sher bangla nagar dhaka early execut committe nation econom council ecnec hold meet 11 venu meet 12 15 pm unschedul advisori council meet commenc meet chair chief advis professor muhammad yunu attend 19 advis due urgent commit environ advis syeda rizwana hasan leave meet shortli 2 pm state discuss meet focus elect reform juli declar press brief meet comment resign chief advis shortli afterward foreign affair advis touhid hossain local govern advis asif mahmud sajib bhuiyan leav meet sourc advisori council allow ecnec meet cabinet secretari plan secretari govern offici leav nec confer light current polit unrest advisori council meet consid highli signific afternoon chief advis schedul meet leader polit parti includ bnp jamaat islami,bangladesh,https://en.ittefaq.com.bd//en.ittefaq.com.bd/12037/ca-exit-rumours-dismissed,11,8,0.8608831074164021,Weather
"Publish : 24 May 2025, 14:53",NBR officials go on full-fledged countrywide strike,fledg nationwid strike enforc offic employe nation board revenu nbr underwai fledg nationwid strike enforc offic employe nation board revenu nbr underwai peacefulli saturdai press demand unb report strike enforc nbr reform uniti council morn offic tax custom vat depart keep custom hous lc station purview offici threaten continu protest demand meet demand repeal ordin dissolv nbr remov chairman public revenu reform advisori committe recommend nbr websit ensur sustain revenu system reform review discuss relev stakehold amid grow tension armi polic deploi nbr headquart capit morn nbr reform uniti council wednesdai announc seri programm includ ongo cooper nbr chairman press home demand sit programm hold nbr offic dhaka thursdai nbr reform uniti council start pen 14 suspend 19 govern propos dialogu initi direct chief advis,bangladesh,https://en.ittefaq.com.bd//en.ittefaq.com.bd/12035/nbr-officials-go-on-full-fledged-countrywide,12,10,0.9982691919135834,International
"Publish : 24 May 2025, 13:58","Escalating Tensions: Army, police deployed at NBR",armi polic deploi front nation board revenu nbr headquart capit saturdai morn amid escal tension ongo protest nbr offici wit secur personnel station nbr premis morn unb report learn polic forc deploi instruct home affair advis nbr offici tell unb nbr chairman schedul govern semi govern bank school colleg direct govern avoid unpleas situat armi polic forc deploi nbr reform uniti council wednesdai announc seri fresh programm includ continu cooper nbr chairman press home demand schedul programm offici nbr gather build placard sit programm stage nbr respect offic dhaka thursdai statement export intern passeng servic exempt complet strike observ offic tax custom vat depart custom hous lc station 24 25 strike observ 9 5 pm custom hous lc station dai export intern passeng servic exempt strike complet strike observ offic tax custom vat depart intern passeng servic 26 uniti wednesdai includ demand remov nbr chairman md abdur rahman demand issu ordin immedi repeal recommend advisori committe revenu reform publish websit public discuss review draft propos nbr recommend advisori committe sustain revenu system reform ensur opinion stakehold includ aspir organis busi organis civil societi polit leadership process form ad hoc committe nbr reform uniti council compris offici employe level custom vat tax depart nbr finalis,bangladesh,https://en.ittefaq.com.bd//en.ittefaq.com.bd/12034/escalating-tensions-army-police-deployed-at-nbr,13,10,0.9988969781881486,International
"Publish : 24 May 2025, 12:40",UNHCR requires $383.1mn in 2025 to stabilize lives of Rohingyas,unhcr refuge agenc call intern commun stand solidar countri region includ bangladesh host rohingya refuge situat myanmar rakhin peac conduc safe voluntari return intern commun continu support effort provid life save assist rohingya refuge agenc unb report unhcr requir 383 1 million 2025 stabil live refuge host commun bangladesh india indonesia malaysia thailand displac insid myanmar 30 cent amount receiv unhcr grave concern report boat tragedi coast myanmar early month estim 427 rohingya perish sea deadly tragedi sea involv rohingya refuge attempt safeti 1 5 peopl attempt peril sea movement region report dead miss 2025 andaman sea bai bengal water deadly world detail confirm report suggest 514 rohingya travel separ boat boat carri 267 peopl half reportedli leave refuge camp cox bazar bangladesh remaind depart rakhin myanmar boat sink 9 66 survivor boat carri 247 rohingya refuge cox bazar camp flee rakhin capsiz 10 21 survivor unhcr verifi detail survivor report boat carri 188 rohingya intercept leav myanmar 14 dire humanitarian situat exacerb fund cut devast impact live rohingya resort danger journei seek safeti protect dignifi life famili hai kyung jun director unhcr region bureau asia pacif tragedi chill remind access mean protect countri asylum respons share collect effort sea rout essenti save live annual monsoon season arriv region bring strong wind rainfal rough sea boat travel danger time reflect desper journei save live rescu distress sea humanitarian imper longstand duti intern maritim law unhcr call author region urgent action prevent futur tragedi,bangladesh,https://en.ittefaq.com.bd//en.ittefaq.com.bd/12033/unhcr-requires-383.1mn-in-2025-to-stabilize-lives,14,4,0.9988610556029973,Economy
"Publish : 23 May 2025, 19:50",EC orders speedy disposal of NID correction applications,elect commiss ec direct region elect offic send report design tabl expedit dispos applic correct inform nation ident card nid direct sign muhammad hasanuzzaman director administr financ nation ident registr divis elect commiss ec field level region elect offic tuesdai bss report direct state quickli dispos applic relat nation ident card servic separ investig report final approv secretariat divid expatri employe categori type applic ascertain type occup applic investig offic fill applic tabl attach 1 2 3 send electron settl offic form advanc letter opinion memorandum,bangladesh,https://en.ittefaq.com.bd//en.ittefaq.com.bd/12025/ec-orders-speedy-disposal-of-nid-correction,15,7,0.5778848122262009,Education
"Publish : 23 May 2025, 12:15","Marches rise, markets fall",past month 500 demonstr dhaka 10 dai 50 protest stage capit road block alongsid demonstr citi resid suffer sever traffic jam caus persist rain occupi dhaka street demand result nation economi standstil journei 30 minut stretch hour employe govern privat autonom institut struggl reach offic time face delai return home normal circumst dhaka chronic traffic congest wast estim 8 2 million hour daili translat financi loss bdt 139 crore dai bdt 50 000 crore annual economist suggest loss multipli significantli past 10 dai due protest relat traffic jam recent protest bnp leader ishraq hossain support hold dai street demonstr demand swear mayor dhaka south citi corpor jagannath univers student block kakrail intersect demand dismiss armi personnel stage sit in nation press club nation citizen parti ncp protest elect commiss headquart elector reform garment worker demand unpaid wage march chief advis resid block polic kakrail teacher staff hold 10 dai sit press club call nation institut jatiyatabadi chhatra dal stage blockad shahbagh alleg neglig investig kill leader samya technic student stage demonstr demand dhaka notori traffic daili struggl unrest compound miseri previous protest center nation press club shahbagh spread citywid protest set camp list chain demand juli upris subsequ format govern lead dr muhammad yunu dhaka street constant agit dhaka metropolitan polic dmp protest event occur daili averag 500 interim govern ordinari citizen profession public privat sector worker particip ad citi grow dysfunct secur forc overwhelm prompt expert suggest alloc design protest zone citi dweller check road block leav home thursdai morn ishraq support block road citi corpor build court matsya bhaban kakrail 10 5 pm chhatra dal occupi shahbagh intercontinent hotel protest investig neglig samya murder afternoon ncp march jatrabari elector demand doctor major hospit post facebook morn protest avoid absolut comment share frustrat citi march citi mosqu rickshaw dhaka citi protest fall awami leagu govern august citi demand movement protest past 9 month interim govern assum offic august 8 protest erupt issu launch auto rickshaw dhaka student demand automat promot increas benefit ansar reinstat dismiss armi polic personnel releas compens imprison bdr appoint depriv bc candid separ colleg affili dhaka univers nation ebtedayi teacher recruit recommend candid primari school movement includ polytechn student roadblock intern doctor demand stipend increas protest railwai employe worker institut bangladesh betar btv wasa desa secretariat street promot denial lack job perman minor demand constitut recognit adivasi indigen peopl ncp call ban awami leagu polit nurs student demand diploma cours recogn equival bachelor degre jagannath univers student block road hous allow 18 major protest dhaka push citi break dai dismiss armi stage sit press club ishraq support protest 4 consecut dai demonstr spread secretariat nagar bhaban dai blockad hold demand court rule barrier swear ishraq support continu protest kakrail matsya bhaban chhatra dal lay sieg shahbagh polic station block intersect samya death dai worker threaten nationwid shutdown wage eid bonus pay stock market investor protest wear burial shroud fall share price polytechn student protest court shrine gate reason unrest expert identifi kei reason surg protest belief major upris overthrow power awami leagu ideal time press demand previous anti govern protest crush harshli current percept repress sever secur forc clamp strongli encourag protest grievanc teacher worker unresolv polit motiv actor pro govern fuel unrest crowd anti govern voic impact protest protest typic involv march sit in blockad kei intersect shut massiv traffic jam rippl surround road allei eventu entir citi altern rout caus gridlock journei hour minut worker reach offic home time instanc shahbagh home countri medic univers birdem hospit suffer heavili protest thousand seek treatment daili road block patient famili suffer doctor hospit staff late disrupt care protest toll mental health disrupt daili routin increas stress short temper physic psycholog effect linger citi resid silent past 16 act reckless urgenc secur govern govern lenienc quick respons protest embolden world bank dhaka chief economist dr zahid hussain note protest directli harm economi busi suffer complet time peopl leav home uncertainti rickshaw puller wait hour custom charg quadrupl fare passeng didn reach destin pai peopl incom expens time disrupt warn big danger investor decis base futur unrest continu will adopt wait approach lose opportun win,bangladesh,https://en.ittefaq.com.bd//en.ittefaq.com.bd/12023/marches-rise-markets-fall,16,7,0.9473325926044098,Education
"Publish : 23 May 2025, 10:31",Trade chokes through Sylhet borders amid Indian restrictions,lushgreen hill tranquil borderland sylhet hush fall bustl trade arteri tamabil sheola land port export activ critic cross grind halt result abrupt ban impos neighbour india decis send rippl distress sylhet trade commun unb report sourc crux issu li india decis block import restrict list iron precis blacklist item constitut lion share export tamabil india picturesqu meghalaya sheola connect assam seren border sylhet beanibazar upazila thick veil uncertainti loom sylhet export futur port aliv hum trade rhythm transnat commerc eerili silent busi leader sound alarm impass endur bangladesh stand lose vital foothold lucr northeastern market india refer sister region histor reliant import access land port emerg promis consum base bangladeshi convers local import export reveal sober realiti india utilis rout ship bangladesh draw eas transit strateg proxim seamless movement render bangladeshi product exception competit seek india remot northeast item typic cross border readi garment fruit fruit juic household consum plastic product furnitur crockeri fall squar purview india newli reinforc restrict face challeng trader incent dispatch limit remain permiss item result de facto cessat export activ ad graviti situat sourc numer manufactur hub set industri belt habiganj sylhet strateg align serv demand border factori focus consum plastic item confront precari futur restrict lift urgenc financi toll enterpris devast human cost disrupt export import industrialist reel sudden event ago shipment plastic product fruit juic flow regularli port truck lade unsold unmet expect shah alam clear forward agent station sheola land port paint bleak pictur major industri unit suffer export ban continu caution forc scale product india restrict product allow import quantiti ban target volum virtual crippl port activ ad solitari truck melamin manag cross india sheola mondai 19 numer bear plastic consum item compel retreat due prevail ban echo collect anxieti sylhet busi commun foyez hasan ferdou presid sylhet chamber commerc industri natur india restrict neg impact sylhet export trade bangladeshi indian busi affect ferdou urg nation seek diplomat resolut construct bilater dialogu emphasis initi provid relief trader commun border silenc tamabil sheola persist hope reason resolut prevail breath life trade rout connect peopl aspir border,bangladesh,https://en.ittefaq.com.bd//en.ittefaq.com.bd/12018/trade-chokes-through-sylhet-borders-amid-indian,17,3,0.5210973532959056,Entertainment
"Publish : 22 May 2025, 18:33",Redesigned banknotes likely before Eid,ahead eid ul azha currenc note releas market central bank issu note eid ul fitr time prepar upcom eid ul azha bangladesh bank readi releas redesign tk 20 50 1000 banknot secur print corpor commonli taksal gazipur begin print note note featur imag sheikh mujibur rahman includ graphic relat juli upris revert early design arif hossain khan execut director spokesperson bangladesh bank state design note releas eid prepar print process final stage exact date note releas senior offici bangladesh bank speak condit anonym print tk 20 note complet hand bangladesh bank week tk 50 tk 1000 note hand week decis note circul bangladesh bank offici note distribut motijheel offic bangladesh bank branch commerci bank plan releas limit note eid holidai mention volum print note low market demand due controversi banknot bear sheikh mujibur rahman imag bangladesh bank march 10 instruct bank halt exchang note addition bank branch direct preserv note stock exchang exchang note complet suspend lead increas wear note circul,bangladesh,https://en.ittefaq.com.bd//en.ittefaq.com.bd/12015/redesigned-banknotes-likely-to-hit-market-before,18,7,0.9984820477903533,Education
"Publish : 22 May 2025, 14:44",Rainfall to continue for 5 more days,ongo rainfal countri expect persist dai bangladesh meteorolog depart inform share forecast issu thursdai 22 morn weather bulletin state trend rainfal continu dai intens increas dai bulletin southwest monsoon advanc akyab coast myanmar condit favor advanc addition weak low pressur trough extend west bengal southwestern bangladesh northern bai bengal forecast mention low pressur system form southern bai bengal 26 24 hour period 9 forecast suggest light moder rain thundershow rangpur mymensingh sylhet divis dhaka rajshahi divis temporari gusti wind accompani rain khulna barish chattogram divis experi moder heavi rainfal rangpur mymensingh sylhet divis chanc moder heavi rain rain heatwav affect region mild heatwav sweep madaripur pabna khulna jashor chuadanga kushtia satkhira condit persist dai yesterdai temperatur countri record jashor 37 4 24 hour lead 6 record rainfal sylhet 110 millimet dhaka record 33 millimet period,bangladesh,https://en.ittefaq.com.bd//en.ittefaq.com.bd/12010/rainfall-to-continue-for-5-more-days,19,7,0.9981135900853311,Education
"Publish : 22 May 2025, 13:56",Govt issues gazette of Cyber Security Ordinance,govern issu gazett cyber secur ordin 2025 identifi prevent suppress subsequ crime commit cyberspac ensur cyber secur confirm matter law justic parliamentari affair ministri spokesperson dr md rezaul karim gazett issu 21 ordin effect immedi bss report early 6 law advis dr asif nazrul ordin announc week vet ministri law affair 32 page gazett presid formul issu ordin provis civil protect inadequ cyber secur act 2023 pave abus oppress act undermin fundament right includ freedom express announc ordin previou cyber secur act cancel law advis early ordin internet access recognis civic time ad onlin gambl ban repress sexual harass child woman cyberspac recognis punish offenc releas content repress sexual harass woman child spread religi hatr exagger violenc identifi punish offenc ordin commit crime artifici intellig recognis offenc time south asia dr asif nazrul tell press brief foreign servic academi meet council advis,bangladesh,https://en.ittefaq.com.bd//en.ittefaq.com.bd/12009/govt-issues-gazette-of-cyber-security-ordinance,20,10,0.6263308867252484,International
"Publish : 22 May 2025, 11:43",Dhaka's street chaos takes root beneath its Metro Rail,dhaka metro rail launch symbol modern organis citi sleek track smooth train ride offer hope capit final move forward beneath elev track pictur emerg unb report space metro line design greeneri public tree plant plan uproot tree walkwai home homeless inaugur mrt line 6 decemb 28 2022 uttara agargaon citi gradual extend metro servic motijheel space track intend clean zone pedestrian commun overrun farmgat karwan bazar kazipara mirpur hawker beggar domin makeshift stall street child pile wast line footpath forc commut navig chao have build metro rail top slum tanvir hasan univers student farmgat chang citi push local describ scene disturb plastic sheet serv roof mattress lie grind vendor fry snack danger close foot traffic beggar sit station gate compet attent mini bazaar afternoon asma khatun garment worker mirpur 10 ad noisi crowd filthi don feel safe walk anymor transform didn happen overnight singl vendor homeless peopl space shelter entir stretch resembl inform market visibl action author regul reclaim space mean revolut urban transport layer disord suppos clean modern dhaka mahbub alam privat sector employe commut daili metro station feel mess shopkeep karwan bazar metro station struggl difficult custom walk rina akter run groceri nearbi footpath block vendor dirti urban expert lack post construct plan design purpos space walkwai green zone park wouldn happen dr shafiq rahman regular metro user origin plan public benefit includ pedestrian walkwai space mean smooth foot traffic track give peopl access interfer street vendor green space park section featur park green belt beautifi resid break concret jungl park bicycl stand design park wheeler bicycl plan support eco friendli commut control commerci zone discuss set regul kiosk retail booth serv metro user organis chaotic public amen basic facil seat toilet inform booth propos metro travel comfort realiti plan realis remain unmanag vendor homeless move freeli dhaka north south citi corpor dhaka mass transit compani limit dmtcl announc firm strategi deal situat resid daili contradict glimps modern glide chao unfold,bangladesh,https://en.ittefaq.com.bd//en.ittefaq.com.bd/12006/dhaka-s-street-chaos-takes-root-beneath-its-metro,21,5,0.6849479827251543,Crime
"Publish : 22 May 2025, 10:37",Railway opens June 1 Eid ticket sales,assum june 7 date eid ul azha bangladesh railwai begin advanc ticket sale holidai travel ticket dai eid journei june 1 sale conveni passeng ticket sell onlin thursdai 22 ticket sale train oper western region bangladesh railwai start 8 ticket sale eastern region train begin 2 pm interc train depart dhaka destin countri total 33 315 seat inform reveal special eid oper plan prepar bangladesh railwai plan ticket 31 sell 21 ticket june 2 sell 23 june 3 24 june 4 25 june 5 26 june 6 27 railwai decis ticket dai prior eid sell advanc special arrang ticket refund person purchas ticket time,bangladesh,https://en.ittefaq.com.bd//en.ittefaq.com.bd/12005/railway-opens-june-1-eid-ticket-sales,22,4,0.9974789934106516,Economy
"Publish : 21 May 2025, 19:26",DSCC services halted amid protests,citizen servic dhaka south citi corpor dscc halt due protest support bnp leader ishraq hossain stoppag employe dscc administr md shahjahan mia confirm develop medium wednesdai 21 citizen servic insid nagar bhaban suspend past dai region offic dscc close result unabl provid servic resid dhaka south support ishraq stage week protest front nagar bhaban demand swear mayor due protest build lock halt servic addit region offic dscc close discuss dscc employe union administr md shahjahan mia inform author matter decis,bangladesh,https://en.ittefaq.com.bd//en.ittefaq.com.bd/11997/dscc-services-halted-amid-protests,23,7,0.928550061429525,Education
"Publish : 21 May 2025, 19:17",'Pay your workers by May 28 or prepare for jail',garment factori owner settl outstand wage worker 28 arrest imprison warn ship advis brig gen retd sakhawat hossain wednesdai warn speak press brief secretariat meet eid ul azha prepar unb report plan worker besieg labour ministri jamuna build factori jurisdict ministri industri commerc respons fall tuesdai sit factori owner decid worker due 28 sell hous fail arrest warrant issu advis warrant issu owner find abroad red alert activ proper channel ad pai worker sell hous vehicl pai worker month sector urg owner pai worker prepar jail arrest warrant haven activ owner tell stai dhaka arrest warrant issu factori owner advis refer ferri servic roumari chilmari rout advis medium size ferri introduc rout northern bangladesh ferri servic rout oper trial basi expect launch offici rout connect jamalpur directli oper reduc travel time dhaka 100 kilomet peopl region signific achiev plan begin ferri servic thursdai ahead eid rout restor dredg advis,bangladesh,https://en.ittefaq.com.bd//en.ittefaq.com.bd/11995/pay-your-workers-by-may-28-or-prepare-for-jail,24,7,0.9307006751168914,Education
"Publish : 20 May 2025, 20:41",Torrential rain disrupts Dhaka life,persist rainfal trigger low pressur west bengal north bai southwestern bangladesh caus signific disrupt dhaka tuesdai compound woe commut face sever traffic congest due protest kei citi rain noon continu afternoon even disrupt normal life peopl unb report shahnaz sultana meteorologist bangladesh meteorolog depart bmd meet offic record 26 mm rainfal 12 pm 6 pm tuesdai possibl increas rainfal dai southern countri downpour offer temporari relief scorch heat home purpos suffer lot due rainfal activ traffic standstil capit shahbagh kakrail intersect ongo demonstr continu rain protest brave weather escal congest muddi street resid express frustrat struggl reach destin amid twin challeng traffic gridlock heavi rainfal describ experi unbear meet offic bulletin light moder rain thunder shower lightn flash temporari gusti wind occur rangpur mymensingh sylhet divis rajshahi dhaka divis khulna barish chattogram divis moder heavi heavi fall rangpur mymensingh sylhet divis dai night temperatur remain unchang countri trough low li west bengal north bai southwestern bangladesh rangpur record rainfal countri 118 mm 24 hour till 6 tuesdai,bangladesh,https://en.ittefaq.com.bd//en.ittefaq.com.bd/11992/torrential-rain-disrupts-dhaka-life,25,7,0.998535036649884,Education
"Publish : 20 May 2025, 14:32","NBR strike deepens revenue crisis, threatens fiscal stability: Economists",bangladesh fiscal stabil mount pressur pen strike nation board revenu nbr offici exacerb signific revenu shortfal economist revenu collect hamper due pen strike emin economist professor abu ahm director chairman invest corpor bangladesh report unb justifi govern offici posit resort strike respond queri recov loss abu ahm scope recoup loss incur strike initi respons govern recent decis dissolv nbr establish separ entiti revenu manag divis rmd revenu polici divis rpd disrupt tax collect process nationwid govern move restructur nbr formalis presidenti ordin 13 2025 aim enhanc effici revenu collect polici formul abrupt transit meet resist nbr employe express concern job secur potenti dilut role framework pen strike lead signific delai process tax return custom clearanc vat collect industri action compound exist challeng revenu mobil half fiscal 2024 25 nbr report 25 declin revenu collect compar period previou amount shortfal approxim tk 57 724 crore revenu collect target upto march 2025 tk 322 151 crore collect tk 256 486 crore downturn attribut combin polit unrest decreas import system ineffici tax administr economist warn ongo strike imped revenu collect effort potenti widen fiscal deficit centr polici dialogu cpd project current trend persist revenu shortfal reach tk 105 000 crore fiscal deficit compel govern curtail public expenditur increas borrow affect econom growth develop initi respons crisi financ ministri offici initi dialogu repres strike employe address grievanc facilit smooth transit organis structur govern explor interim measur maintain essenti revenu collect function strike situat remain fluid stakehold close monitor develop resolut strike success implement revenu divis critic restor confid bangladesh fiscal manag ensur continu essenti public servic doubt pen strike caus loss senior nbr offici tell unb condit anonym situat resolv recov pend revenu task complet amic solut reach cover shortfal shouldn major challeng ad,bangladesh,https://en.ittefaq.com.bd//en.ittefaq.com.bd/11988/nbr-strike-deepens-revenue-crisis-threatens,26,7,0.5441938967088473,Education
"Publish : 20 May 2025, 12:48",Turkish flight makes emergency landing at Dhaka,turkish airlin flight emerg land hazrat shahjal intern airport tuesdai morn minut takeoff airport turkei bind flight tk 713 carri 290 passeng depart airport 7am minut emerg land due unexpect bird strike engin statement team tk dhaka unb report airport sourc notic fire engin pilot decid emerg land exhaust reserv fuel roam sky avert unexpect incid final aircraft land 8 15am casualti plea confirm passeng crow aircraft safe aircraft requir repair process time read statement early 16 biman bangladesh airlin flight emerg land dhaka airport detach wheel takeoff cox bazar airport,bangladesh,https://en.ittefaq.com.bd//en.ittefaq.com.bd/11987/turkish-flight-makes-emergency-landing-at-dhaka,27,4,0.997173347475412,Economy
"Publish : 20 May 2025, 11:05",Storm likely in 5 regions by noon,thunderstorm gusti wind reach 60 kilomet hour sweep region countri meteorolog depart issu warn special bulletin inland river port effect 1 pm tuesdai 20 bulletin sign meteorologist nazmul haqu temporari gusti squalli wind blow speed 45 60 km west northwest affect region rangpur mymensingh patuakhali cumilla sylhet river port advis displai cautionari signal 1 weather forecast issu mondai night rangpur mymensingh sylhet divis rajshahi dhaka chattogram divis isol khulna baris divis experi temporari gusti wind accompani lightn light moder rain thundershow addition moder heavi rainfal rangpur mymensingh sylhet divis,bangladesh,https://en.ittefaq.com.bd//en.ittefaq.com.bd/11985/storm-likely-in-5-regions-by-noon,28,7,0.9971347494814318,Education
"Publish : 19 May 2025, 18:36",NBR Reform Unity Council suspends pen-down programme,nbr reform uniti council suspend ongo protest programm govern propos dialogu initi direct chief advis offici statement council mondai receiv call discuss behalf govern unb report meet schedul tuesdai 3 30 pm council announc observ 6 hour pen strike dai mondai council financ advis advisori council expect particip talk maintain dialogu decid deleg join discuss statement light develop council announc ongo protest programm temporarili paus tomorrow action determin base outcom meet statement nbr reform uniti council observ pen strike dai press home demand sustain inclus nbr reform council kei demand includ withdraw propos revenu ordin public disclosur nbr reform advisori committe report comprehens reform revenu system mean consult stakehold nbr offici busi associ civil societi polit leader,bangladesh,https://en.ittefaq.com.bd//en.ittefaq.com.bd/11980/nbr-reform-unity-council-suspends-pen-down,29,10,0.998130398042549,International
"Publish : 19 May 2025, 14:52","'RMG workers must get bonus by May, salary by June'",garment worker pay eid bonu salari june 1 3 home affair advis lt gen retd jahangir alam chowdhuri instruct mondai garment worker bonu salari clear june 1 3 talk report meet law coordin committe ahead eid ul azha unb report urg factori owner accept worker logic demand advis warn law enforc agenc action attempt block road disrupt public movement irrat demand buse train launch allow carri passeng capac eid rule appli vehicl transport sacrifici anim demand urg ministri address justifi resort irrat demand advis urg rais concern respect premis avoid public inconveni,bangladesh,https://en.ittefaq.com.bd//en.ittefaq.com.bd/11976/rmg-workers-must-get-bonus-by-may-salary-by,30,7,0.7902734254692598,Education
"Publish : 19 May 2025, 13:25",Biman forms 2 probe bodies over wheel detachment,biman bangladesh airlin form investig committe outlin action plan wheel detach dash 8 aircraft cox bazar 16 biman bangladesh airlin flight safe land hazrat shahjal intern airport dhaka lose wheel shortli cox bazar unb report incid biman initi intern review form separ committe statement biman bangladesh airlin committe lead chief flight safeti conduct safeti investig engin materi manag director probe technic inspect mainten record recommend prevent measur committe submit report dai biman author preliminari assess suggest wheel detach due bear failur aircraft manufactur de havilland aircraft canada mainten manual bear failur lead wheel separ exact confirm investig statement arriv dhaka engin confirm leave wheel 2 miss biman engin depart immedi inspect wheel dash 8 aircraft base dhaka biman contact de havilland canada agre send specialis technic team 19 ad biman reiter commit passeng safeti aircraft mainten strict toler polici,bangladesh,https://en.ittefaq.com.bd//en.ittefaq.com.bd/11975/biman-forms-2-probe-bodies-over-wheel-detachment,31,4,0.9982691919135835,Economy
"Publish : 19 May 2025, 12:22",Bangladesh sees sharp rise in unemployment,unemploi peopl countri increas bangladesh bureau statist bb total unemploi peopl countri rise 2 61 million 2024 bb sundai publish quarterli report labor forc survei octob decemb period 2024 unemploi peopl increas 60 000 compar previou month juli septemb septemb 2024 unemploi popul 2 55 million unemploi peopl increas 2024 unemploy rate countri 4 48 compar 4 15 2023 intern labour organ ilo guidelin unemploi individu defin opportun hour exchang wage dai seek month pay employ bb definit unemploy calcul 2023 total unemploi peopl countri 2 46 million mean unemploi peopl increas 160 000 bb datum unemploi 1 8 million unemploi woman 820 000 unemploy rate increas 3 65 compar 3 35 period previou unemploy rate 3 75 3 46 woman peopl emploi particip labor forc countri decreas significantli result increas unemploi peopl unemploi peopl low begin gradual increas unemploi popul grow 160 000 period employ agricultur servic industri sector declin unemploi increas significantli woman ag popul declin decemb 2024 ag peopl countri decreas 71 73 million 73 45 million 2023 mean ag popul shrink 1 72 million male femal labor forc declin large peopl countri agricultur sector servic industri sector youth labor forc countri 22 6 million 26 7 million 2023 indic declin youth labor forc bb state labor forc survei kei labor market indic woman ag 15 urban rural region estim quarterli basi datum collect 30 816 household 1 284 select sampl countri base random sampl,bangladesh,https://en.ittefaq.com.bd//en.ittefaq.com.bd/11974/bangladesh-sees-sharp-rise-in-unemployment,32,2,0.9985142913306354,Sports
"Publish : 19 May 2025, 11:46","Rains, thundershowers likely across country",bangladesh meteorolog depart bmd predict rain divis countri includ dhaka 24 hour commenc 9 mondai light moder rain thundershow lightn flash temporari gusti wind rangpur rajshahi mymensingh sylhet divis dhaka divis khulna barish chattogram divis moder heavi heavi fall rangpur mymensingh sylhet divis meet offic bulletin unb report dai temperatur rise 1 2 khulna baris chattogram divis remain unchang countri night temperatur remain unchang countri countri temperatur record 34 5 degre celsiu iswardi upazila rajshahi sundai,bangladesh,https://en.ittefaq.com.bd//en.ittefaq.com.bd/11973/rains-thundershowers-likely-across-country,33,7,0.9968790496643032,Education
"Publish : 19 May 2025, 10:23",Photo exhibition on childcare launched,documentari filmmak photograph mohammad rakibul hasan solo photograph exhibit keep childcar pictur photograph exhibit childcar practice bangladesh sundai drik galleri capit organ intern labour organ bangladesh institut labour studi bil ceremoni exhibit join mamtaz ahm senior secretari ministri woman child affair chief guest keya khan director depart woman affair join ceremoni special guest unb report sy sultan uddin ahm execut director bil chairman labour reform commiss ann drong nation project coordin ilo event speaker bil director nazma yesmin moder ceremoni exhibit increas woman join workforc demand childcar servic bangladesh rise meet demand type childcar model oper formal inform,bangladesh,https://en.ittefaq.com.bd//en.ittefaq.com.bd/11970/photo-exhibition-on-childcare-launched,34,7,0.9041790232159287,Education
"Publish : 18 May 2025, 18:47",Court defers probe report submission to July 2,dhaka court sundai defer date submiss investig report file bangladesh bank bb reserv heist juli 2 dhaka addit chief metropolitan magistr wahiduzzaman fix date crimin investig depart cid agenc probe fail submit report unb report report schedul submit sundai intern robber steal 101 million bangladesh bank account feder reserv bank fraudul instruct target 1 billion februari 2016 bangladesh recov 18 million 81 million transfer philippin suspect dridex malwar attack march 15 2016 deputi director account budget depart bangladesh bank zubair bin huda lodg unidentifi peopl monei launder prevent act motijheel polic station,bangladesh,https://en.ittefaq.com.bd//en.ittefaq.com.bd/11965/court-defers-probe-report-submission-to-july-2,35,7,0.9663540051995275,Education
"Publish : 18 May 2025, 17:01",Film actress Nusrat Faria detained at Dhaka airport,nusrat faria popular film actress detain hazrat shahjal intern airport dhaka sundai immigr polic detain thailand flight biman mazharul islam offic charg bhatara polic station unb report file bhatara polic station anti discrimin student movement nusrat faria start career model appear televis commerci print advertis act debut dhallywood film aashiqui plai role sheikh hasina bangabandhu biopic mujib nation,bangladesh,https://en.ittefaq.com.bd//en.ittefaq.com.bd/11962/film-actress-nusrat-faria-detained-at-dhaka,36,5,0.24699604500798114,Crime
"Publish : 18 May 2025, 16:21",Finance Adviser to discuss NBR reforms with officials Tuesday,financ advis dr salehuddin ahm sit nation board revenu nbr offici discuss reform issu tuesdai meet start 3 30 pm financ ministri tuesdai al amin sheikh public relat offic nbr unb report hour fresh pen strike enforc nbr reform uniti council observ sundai press home demand sustain inclus nbr reform council kei demand includ withdraw propos revenu ordin public disclosur nbr reform advisori committe report comprehens reform revenu system mean consult stakehold nbr offici busi associ civil societi polit leader uniti council emphasis desir peac resolut dialogu govern hope govern sit discuss door dialogu remain continu remain statement saturdai early saturdai hour pen strike spontan observ 10 00 3 00 pm offic custom vat tax depart nation board revenu nbr offici employe level particip programm stakehold sector express solidar movement statement council reiter time sustain reform revenu system essenti nation note nbr offici demand reform govern issu ordin consult stakehold respons implement report reform committe form govern public discuss council top approach reform sever destabilis countri revenu administr,bangladesh,https://en.ittefaq.com.bd//en.ittefaq.com.bd/11961/finance-adviser-to-discuss-nbr-reforms-with,37,10,0.9986569347493046,International
"Publish : 18 May 2025, 11:42","49,000 Bangladeshi pilgrims reach KSA, 7 fatalities recorded",total 49 103 bangladeshi pilgrim reach kingdom saudi arabia ksa hajj addition bangladeshi pilgrim pass bring total bangladeshi hajj pilgrim di hajj bulletin ministri religi affair death report saturdai deceas md zainal hossain 60 gazipur sadar travel privat manag arrang bulletin midnight saturdai total 124 flight airlin transport 49 103 pilgrim saudi arabia total 87 100 pilgrim bangladesh expect perform hajj 5 200 pilgrim travel govern arrang 81 900 pilgrim privat arrang facilit transport pilgrim biman bangladesh airlin oper 62 flight saudi airlin fly 42 flight flyna airlin conduct 16 flight hajj pilgrimag schedul hold june 5 depend sight moon flight carri pilgrim saudi arabia april 29 continu 31 return flight pilgrim commenc june 10 juli 10,bangladesh,https://en.ittefaq.com.bd//en.ittefaq.com.bd/11956/49-000-bangladeshi-pilgrims-reach-ksa-7,38,4,0.9971733474754125,Economy
"Publish : 18 May 2025, 10:08","Titas to upgrade Dhaka, N'ganj pipelines",tita ga transmiss distribut plc embark massiv project worth tk 8 000 crore replac approxim 5 500 km ag ga pipelin infrastructur aim modernis ga distribut network dhaka narayanganj citi offici sourc project titl replac improv exist ga network dhaka narayanganj citi corpor incorpor gi map scada system schedul implement 2025 2030 unb report offici initi design secur ga transmiss distribut 25 lakh consum prevent leakag geograph inform system gi scada supervisori control datum acquisit system gi provid real time datum enabl detect repair leakag distribut servic pipelin shahnewaz parvez manag director tita ga interview unb gi technologi assist monitor locat spread ga leak affect ad project aim enhanc ga suppli capac current 275 million cubic foot dai mmcfd 1 008 mmcfd instal 2 781 46 km pipelin upstream downstream ga station upgrad intend serv exist futur custom tita franchis tfa dhaka narayanganj citi corpor reduc carbon emiss 0 50 million tonn carbon dioxid equival tco annual minimis ga leakag relat incid 66 month project state object offici express sceptic time implement develop project propos dpp await clearanc plan commiss month dpp total project cost tk 8 160 81 crore financ combin govern tita ga fund tk 4 000 crore loan donor agenc tk 4 160 crore develop bank ndb commonli bric bank ndb multilater develop bank establish brazil russia india china south africa bric shahnewaz parvez tita ga complet techno econom feasibl studi overhaul ag accid prone pipelin dhaka narayanganj offici sourc replac ag pipelin matter urgenc seri recent explos fire attribut faulti leak ga line incid occur moghbazar june massiv explos kill peopl injur fire servic offici suspect leakag tita ga line probabl devast tragedi mosqu fatullah 2020 leak tita pipelin lead explos air condition result death 27 peopl injur dozen fridai prayer remain bad ga relat accid countri histori addit incid issu pipelin leakag gain attent tita instal pre pay ga meter citi instal tita team reportedli find signific leakag custom util pipelin tita ga transmiss distribut compani custom base 2 874 million respons ga suppli dhaka mymensingh region large ga distribut entiti establish 1964 tita oper 13 197 km underground pipelin network distribut ga consum industri insid note portion network consider ag pipelin date 40 50 line lose structur integr suffer frequent leakag replac critic,bangladesh,https://en.ittefaq.com.bd//en.ittefaq.com.bd/11952/titas-to-upgrade-dhaka-n-ganj-pipelines,39,5,0.8222891188305137,Crime
"Publish : 17 May 2025, 17:17",NBR Reform Unity Council to observe 6-hr pen-down strike Sunday,nbr reform uniti council saturdai announc fresh hour pen strike schedul sundai 9 00 3 00 pm press home demand sustain inclus revenu reform announc press confer hold revenu build unb report council kei demand includ withdraw propos revenu ordin public disclosur nbr reform advisori committe report comprehens reform revenu system mean consult stakehold nbr offici busi associ civil societi polit leader reiter previou strike intern passeng servic export oper nation budget prepar exempt pen strike uniti council emphasis desir peac resolut dialogu govern hope govern sit discuss door dialogu remain continu remain statement early dai hour pen strike spontan observ 10 00 3 00 pm offic custom vat tax depart nation board revenu nbr offici employe level particip programm stakehold sector express solidar movement statement council reiter time sustain reform revenu system essenti nation note nbr offici demand reform govern issu ordin consult stakehold respons implement report reform committe form govern public discuss council top approach reform sever destabil countri revenu administr uniti council express deep gratitud particip pen strike extend journalist medium civil societi stakehold unwav support demand issu apologi temporari inconveni caus taxpay servic recipi state short term sacrific aim secur term benefit nation peopl council commit offici hour resolv pend matter demand meet favour reform strongli support agre revenu polici revenu administr separ disagr reform realist inclus base stakehold input recogn experi compet offici staff statement council clarifi movement remain peac systemat begin strongli condemn attempt outsid disrupt movement yesterdai infiltr statement ad,bangladesh,https://en.ittefaq.com.bd//en.ittefaq.com.bd/11949/nbr-reform-unity-council-to-observe-6-hr-pen-down,40,10,0.9990724997063106,International
"Publish : 17 May 2025, 16:25",Govt offices open today to recover extended Eid holidays,govern offic court educ institut due extend 10 dai govern holidai eid ul azha offic remain 24 compens addit holidai grant festiv bss report eid ul azha bangladesh expect observ jun 7 depend sight moon previous govern declar 6 dai holidai jun 5 10 revis schedul offici eid ul azha holidai 5 14 june govern declar public holidai june 11 12 ahead regular weekli holidai june 13 14 govern semi govern offic autonom bodi oper select saturdai eid ul azha accommod extend break bank privat compani educ institut adjust schedul remain extend holidai ministri public administr issu notif adjust calendar ad holidai june eid compens extra dai 17 24 saturdai facilit 10 dai break govern employe advisori council adjust holidai schedul alloc busi rule essenti servic includ hospit electr water ga energi suppli fire servic port oper sanit telecommun internet postal servic vehicl personnel revis eid holidai,bangladesh,https://en.ittefaq.com.bd//en.ittefaq.com.bd/11948/govt-offices-open-today-to-recover-extended-eid,41,7,0.9982547964814961,Education
"Publish : 17 May 2025, 15:39",Hilsa returns to Chandpur markets after ban,month ban net spin-dry hope belov hilsa return chandpur market rekindl excit fisherman food lover alik renew suppli lead notic fall price bring relief fish lover low incom famili unb report recent visit chandpur main fish land station chandpur fish land centr boro station macch ghat mark rise activ 50 maund hilsa bring daili cooli fazal alma nonstop handl increas volum senior fish trader includ nurul islam didar khan shajahan sardar hilsa southern coastal hatiya bhola sandwip charfesson start arriv pickup van recent dai daili deliveri 40 50 maund fish trawler bring 150 200 maund time resum oper ban grow suppli pickup van past dai help stabilis market drive retail price declin visibl chandpur kei market natun bazar pal bazar wireless bazar puran bazar baburhat week ago kilogram hilsa price tk 3 000 sell tk 2 500 medium size fish weigh 700 800 gram price tk 1 700 1 800 kilogramm tk 2 300 hilsa 300 400 gram ring sell kilo tk 1 000 1 100 biponi bagh chandpur busy fish market trend kilogramm padma hilsa retail tk 2 200 2 500 tk 3 000 3 200 fish weigh 600 700 gram sell tk 1 500 1 550 kilogramm compar early rate tk 2 200 2 300 shopper smile leav market prize fish hand trader hilsa southern coastal district afford padma river kilogramm coastal hilsa price tk 1 700 1 800 varieti tk 800 900 kilogramm buyer lack distinct tast aroma padma hilsa fisheri offici includ miznur rahman mahbub rashid sound optimist li ahead juli septemb abund catch offici hilsa trader fisherman share outlook shabebarat sarkar trader 40 experi presid local fish trader associ volum river hilsa rise sharpli monsoon set sea fish remain separ ban increas rainfal june juli water level river current rise condit ideal hilsa migrat expect large catch low price come week ad hilsa return price eas chandpur market buzz energi fish trade cheer happi custom,bangladesh,https://en.ittefaq.com.bd//en.ittefaq.com.bd/11947/hilsa-returns-to-chandpur-markets-after-ban,42,3,0.9571073838159485,Entertainment
"Publish : 17 May 2025, 11:27","One sentenced to death, 3 acquitted",magura court saturdai sentenc death acquit peopl talk verdict sensat rape murder asiya court sentenc hitu sheikh 50 prime accus father law asiya sister death acquit hitu wife jabeda begum 40 son sajib sheikh 20 ratul sheikh 25 unb report judg md zahid hasan magura woman child repress prevent tribun announc judgment total 29 wit testifi piec evid seiz ad rape night march 5 victim visit sister law hous nijnanduali villag sadar upazila bed sister night midnight sister find miss search frantic search girl find unconsci yard hous initi admit magura hospit transfer faridpur medic colleg hospit condit worsen move dhaka medic colleg hospit dmch combin militari hospit cmh dhaka di march 13 brutal incid spark protest countri univers student includ dhaka univers stage demonstr campus demand capit punish accus polic arrest hitu sheikh famili connect incid april 13 inspector md alauddin magura sadar polic station investig offic submit charg sheet court chief judici magistr name accus early april 23 court frame charg prime accus hitu sheikh charg rape murder confession statement court,bangladesh,https://en.ittefaq.com.bd//en.ittefaq.com.bd/11945/one-sentenced-to-death-3-acquitted,43,10,0.6708175944764928,International
"Publish : 16 May 2025, 18:15",19 cattle markets get nod for Dhaka,author fridai set 19 makeshift cattl market purview dhaka north dhaka south citi corpor occas eid ul azha offici concern 10 cattl trade station set purview dhaka north citi corpor dncc ring dhaka south citi corpor dscc bss report dncc dscc offici float tender alloc space cattl market lea agreement dai citi corpor makeshift cattl market design citi corpor urg sacrifici anim seller bring sale cattl design receiv bidder respons set makeshift cattl market jurisdict dscc chief execut offic dr zillur rahman tell bss dncc public relat offic farzana bobi hand float tender set 11 makeshift cattl market jurisdict receiv document bidder cattl market start oper dai ahead eid dai run dai offici municip entiti secur arrang leasehold punit action violat rule govern guidelin early dncc administr mohammad ejaz emphasis leasehold maintain cleanli avoid disrupt public road offici due court direct popular market aftabnagar meradia allow dncc purview perman market gabtoli function alongsid temporari bosila mirpur khilkhet badda dscc market set locat space north shahjahanpur maitre sangha club sadek hossain khoka field citi corpor pledg ensur proper manag market strict monitor wast dispos eid season,bangladesh,https://en.ittefaq.com.bd//en.ittefaq.com.bd/11941/19-cattle-markets-get-nod-for-dhaka,44,7,0.9985036967692722,Education
"Publish : 16 May 2025, 17:42",Biman flight lands safely in Dhaka after losing wheel mid-air,biman bangladesh airlin flight safe land hazrat shahjal intern airport dhaka fridai afternoon lose wheel shortli cox bazar abm rawshan kabir manag public relat own airlin tell unb confirm exact reason detail mid air wheel loss inspect engin depart determin unb report control cox bazar airport wheel flight bg 436 detach suddenli moment aircraft runwai flight carri 71 passeng depart cox bazar 1 17pm successfulli land dhaka 2 17pm incid flight oper remain usual dhaka airport,bangladesh,https://en.ittefaq.com.bd//en.ittefaq.com.bd/11940/biman-flight-lands-safely-in-dhaka-after-losing,45,4,0.99673328612001455,Economy
"Publish : 16 May 2025, 12:32",Fire guts over 100 shops in Munshiganj,100 shop gut devast fire sreenagar bazar munshiganj district fridai fire affect shop lungi patti baina patti mithai sweetmeat patti dudh milk patti seka ruti patti murgi chicken patti unb report deputi assist director munshiganj fire servic civil defenc shafiqul islam fire start yogurt shop adjac mithai patti 2am spread initi night guard accompani dous flame fail seek fire servic firefight unit rush spot dous flame hour effort 8am fire servic offici fire manzurul islam owner wholesal shop anowar bastra bitan lungi patti rush nearbi harpara villag attempt save busi avail lose lungi worth tk 60 lakh morn sreenagar upazila nirbahi offic uno md mohin uddin visit scene assur victim govern assist provid local express frustrat question extens damag occur fire station proxim market,bangladesh,https://en.ittefaq.com.bd//en.ittefaq.com.bd/11934/fire-guts-over-100-shops-in-munshiganj,46,4,0.6614576185107433,Economy
"Publish : 15 May 2025, 13:47",JnU students continue sit-in for 2nd day,student jagannath univers jnu continu sit protest consecut dai thursdai occupi busi kakrail intersect dhaka press home demand block road kakrail chant slogan aposh na sngram sangram sangram dalali na rajpath rajpath rajpath lorai lorai lorai sai lorai kora bashta sai unb report demand hous allow 70 student univers fiscal approv budget jagannath univers 2025 26 fiscal build campu univers student declar vacat street demand meet law enforc personnel includ armi polic swat team deploi maintain protest 14 student march guesthous jamuna offici resid chief advis teacher student particip march press demand,bangladesh,https://en.ittefaq.com.bd//en.ittefaq.com.bd/11925/jnu-students-continue-sit-in-for-2nd-day,47,7,0.9966816247036239,Education
"Publish : 15 May 2025, 10:04",Dhaka growing too fast leaving children behind,ten araf student mohammadpur stand local commun meet speak truth adult run plai breath freeli build car park space word echo social medium captur heart thousand unb report parent teacher urban planner join choru lament vanish space citi 20 million soul concret triumph greeneri urban expert remind world health organ recommend 9 squar meter green space person dhaka offer bare citi child grow shadow rise lung fill fume ear numb endless blare traffic leisur dr samina rahman public health specialist dhaka univers lack access space contribut rise childhood obes mental stress development issu laughter spill playground alleywai fade stand den jungl cement steel child build fort stick imagin castl dust confin wall weight screen studi schedul dhaka field playground wither 150 24 twenti recess school shrink class child tumbl traffic tuition seldom game expert loss plai erasur imagin plai fun child sens world dr nusrat jahan child develop expert base dhaka imagin plai spark creativ build solv skill develop social understand cognit emot growth stunt toll bodi match mind world health organ urg hour physic activ dai child dhaka meet mark obes rise postur issu poor sleep sign diabet hypertens burden exam glare screen absenc natur add quiet mental storm anxieti attent disord depress childhood companion urban child silent stress dr tahmid rahman paediatrician privat hospit dhaka loud miss essenti free movement social bond unstructur plai screen fill void tree stand 2023 local survei find child ag 6 12 dhaka spend 5 hour daili screen recommend limit digit devic replac crayon storybook cardboard castl attent spin shrink curio dim creativ falter barrag passiv content call grow loud urban planner educ parent plead bold step reclaim public land green schoolyard design safe share space child simpli child build citi child mind recip term social emot architect urban design rafiq hasan design build live park walkwai librari safe plai zone local spark flicker life rooftop plai corner mobil librari weekend pop park remain isol effort citywid maze neglect expert speak hope child incredibli resili dr nusrat space time encourag creativ health return citi liter figur citizen ayushi 10 mirpur dream extravag ride bike draw pictur plai cricket happi busi vanish park rise gang unseen cost steal childhood dhaka street ring joi child game lane echo tension dark realiti creep rise adolesc gang tell sober tale youth leave idl disillus disconnect cramp home crowd school citi teenag escap playground pave sport field lose construct gang neighbourhood mohammadpur mirpur kamalapur emerg adolesc bond boredom bravado gang bear hunger belong drift theft drug violenc concret replac grass crush opportun dhaka playground count plummet 150 24 teenag leave adrift school system famili pressur danger structur street statist chill 2024 report dhaka metropolitan polic paint bleak pictur crime involv adolesc ag 12 18 surg 35 gang relat violenc cross 500 report 25 jump petti theft assault robberi rise month 2024 250 incid ti adolesc gang beneath surfac run poison drug methamphetamin heroin find hand narcot control board 40 drug relat arrest dhaka 2023 involv minor speak silenc lose dream restless even youth danc ski duck alleywai citi relentless ambit child afterthought araf ayushi remind dream remain simpl sincer park friendship fresh air dhaka listen child call commun meet whisper hope rebellion,bangladesh,https://en.ittefaq.com.bd//en.ittefaq.com.bd/11921/dhaka-growing-too-fast-leaving-children-behind%C2%A0,48,5,0.9994481509265405,Crime
"Publish : 14 May 2025, 19:55",Eid bus ticket sales start Friday,prepar upcom eid ul adha advanc ticket sale distanc buse begin 16 announc bu owner ticket journei 29 dai eid advanc sale decis meet bangladesh bu truck owner associ wednesdai afternoon associ act secretari shubhankar ghosh rakesh inform medium decis shubhankar ghosh rakesh bu owner decid start sell advanc ticket fridai 16 dai passeng purchas ticket simultan onlin ticket counter transport oper sell ticket onlin time result passeng access ticket counter onlin platform addit fare collect shubhankar ghosh rakesh manag director shyamoli nr travel state bu fare collect rate set brta bangladesh road transport author extra fare list price allow bu owner instruct comment ac bu fare rakesh eid complaint ac bu fare govern set fare ac buse owner determin price base luxuri level buse time discuss owner decid ac bu fare reason level,bangladesh,https://en.ittefaq.com.bd//en.ittefaq.com.bd/11917/eid-bus-ticket-sales-start-friday,49,4,0.9352119348459159,Economy
"Publish : 14 May 2025, 19:25",NBR staff observes pen-down protest against its split,nbr reform uniti council press releas wednesdai thank nbr employe offici enthusiast particip dai event dai pen abstent protest split revenu author press releas platform relev stakehold express solidar movement unb report nbr reform uniti council press releas call modern sustain reform nation revenu system offici express deep concern recent promulg revenu ordin claim impos consult thousand offic employe custom taxat servic kei stakehold reform process note govern form reform committe recommend public subject mean discuss council fear implement ordin transpar stakehold engag lead chao revenu administr press releas nbr reform uniti council apologis taxpay servic seeker inconveni caus council emphasis temporari sacrific aim safeguard nation ensur sustain reform revenu system protest action continu thursdai saturdai 10am 3pm intern passeng servic export oper nation budget prepar activ remain purview strike avoid disrupt essenti servic relat develop press releas kei bc custom vat associ includ vice presid secretari treasur joint secretari resign associ execut committe protest institut indiffer servic relat issu concern similarli offic bearer bc taxat associ start resign respect post phase claim grow unrest underscor urgent govern initi inclus dialogu stakehold ensur mean sustain revenu reform,bangladesh,https://en.ittefaq.com.bd//en.ittefaq.com.bd/11916/nbr-staff-observes-pen-down-protest-against-its,50,10,0.9987887346375036,International
"Publish : 26 May 2025, 11:49",EC plans major shift in JS seat boundaries,elect commiss ec contempl major reshuffl parliamentari constitu boundari ahead nation elect focus logic demand regard commiss receiv 400 applic seek 66 parliamentari seat boundari district unb report applic seek restor 2001 demarc parliamentari constitu demarc process ec applic logic demand promulg nation parliament constitu delimit amend ordin 2025 dai ago elect commiss start process draft demarc 300 parliamentari constitu exist law ec give import applic submit peopl censu datum administr geograph integr demarc process 19 ec receiv 416 applic 60 constitu seek boundari applic submit bnp leader activist includ mp local govern repres 90 percent applic submit seek restor 2001 constitu boundari 103 applic submit chang pirojpur 2 constitu compris kaukhali upazila bhandaria upazila necharabad upazila 92 cumilla 10 constitu compris sadar dakkhin upazila lalmai upazila nangalkot upazila 38 applic demand rise parliamentari seat manikganj district applic submit demand addit seat chandpur ec decid account logic applic applic scrutini elect commission md anwarul islam sarker mondai tell unb applic submit delimit constitu review logic applic submit delimit logic aspect applic consid person motiv respons question ec return 2001 boundari argument appli valid boundari chang seat demand seat exist boundari logic elect commission logic applic aspect censu datum administr integr demarc parliamentari seat ec offici constitu citi dhaka chattogram declin seat rural elect commiss publish draft delimit 300 constitu gazett receiv object dispos object commiss publish final delimit 300 constitu gazett nation elect ec offici chang boundari constitu affect neighbor seat time delimit parliamentari constitu wit major chang 2008 boundari 100 constitu chang 2008 major chang bring delimit constitu 2014 2018 2024 elect 50 constitu wit 2014 elect 25 parliamentari seat 2018 elect 12 constitu 2024 elect local govern secretari abu alam shahid khan elect commiss bring parliamentari constitu negoti govern judiciari ec avoid legal complic invit risk delai nation elect routin ec petit file court challeng ec decis delimit constitu creat risk delai elect tell unb secretari ec carri job agreement avoid legal complex regard 66 constitu includ satkhira 3 4 rangpur 1 barguna 1 2 pirojpur 1 2 kishoreganj 2 manikganj 1 2 3 munsiganj 1 2 3 dhaka 1 2 3 7 12 gazipur 3 5 narayanganj 1 2 3 4 5 rajbari 1 2 faridpur 4 shariatpur 2 sylhet 3 brahmanbaria 2 3 cumilla 1 2 6 9 10 chandpur 1 2 3 4 5 feni 2 3 noakhali 1 2 3 4 chattogram 4 5 7 8 gaibandha 3 sirajganj 2 5 6 jashor 2 jhalokathi 2 barish 3,politics,https://en.ittefaq.com.bd//en.ittefaq.com.bd/12057/ec-plans-major-shift-in-js-seat-boundaries,51,10,0.8153478908245587,International
"Publish : 25 May 2025, 23:17",Will feel guilty if we can't arrange fair polls: Prof Yunus,chief advis professor muhammad yunu sundai feel guilti fair elect arrang stress war situat courag sit feel guilti hold fair elect press secretari shafiqul alam quot chief advis convei polit leader separ meet unb report prof yunu effort underwai destabilis countri ban impos activ bangladesh awami leagu alam brief report front guesthous jamuna sundai night chief advis deputi press secretari apurba jahangir abul kalam azad majumd meet mahmudur rahman manna presid nagorik oikya chief advis tell countri crisi due indian hegemoni chief advis believ entir nation remain unit manna prof yunu start discuss crisi talk conspiraci indian hegemoni refer crisi indian hegemoni accept chang destroi dai word manna quot chief advis quot chief advis press secretari alam prof yunu assur polit leader harm countri posit highlight import polit consensu chief advis divis polit leader extend support chief advis assur stand respond question elect roadmap alam chief advis reiter june 30 trust early polit leader includ liber democrat parti ldp presid col retd oli ahm mahmudur rahman manna meet chief advis discuss press nation issu includ upcom nation elect polit reform meet hold guesthous jamuna offici resid chief advis polit leader mujahidul islam selim ganosamhati andolan chief coordin zonai saki ab parti chief mujibur rahman manju join advis includ industri advis adilur rahman khan phase maulana sadiqur rahman maulana rezaul karim maulana mamunul haqu maulana ahm abdul quader maulana azizul haqu islamabadi maulana manjurul islam affendi nurul haqu noor maulana musa bin izhar mufti maulana shakhawat hossain razi hold talk chief advis saturdai bnp jamaat islami nation citizen parti leader meet prof yunu separ prof yunu saturdai reiter posit elect stress govern june prof yunu word cut time wont alam tell report refer nation elect hold decemb 2025 june 2026 alam chief advis convei bnp leader meet chief advis resid chief advis repeatedli mention decemb june 30 stress chief advis word press alam june 30 specif date chief advis alam polit leader express confid ca leadership meet hold friendli environ saturdai interim govern saturdai decis peopl countri govern autonomi reform effort justic process fair elect plan normal oper obstruct duti unmanag instig defeat forc foreign conspiraci perform respons imposs govern reason public step peopl council advis statement unschedul meet obstacl council advis interim govern continu fulfil respons put nation interim govern uphold public expect juli upris council advis,politics,https://en.ittefaq.com.bd//en.ittefaq.com.bd/12053/will-feel-guilty-if-we-can-t-arrange-fair-polls,52,8,0.9993467943394312,Weather
"Publish : 25 May 2025, 19:21",Tarique Rahman expects credible polls soon under CA,bnp act chairman tariqu rahman sundai hope countri peopl immedi credibl nation elect countri histori leadership chief advis dr muhammad yunu expect peopl immedi free imparti nation elect countri histori leadership skill compet internation acclaim head interim govern virtual address discuss unb report nation peopl parti npp arrang programm institut diploma engin bangladesh mark 18th find anniversari tariqu polit parti meet chief advis demand announc date time nation elect bnp demand nation elect hold decemb bnp protest street continu cooper interim govern reform public administr law forc hold nation elect take advantag excus unnecessari delai establish govern account peopl peopl bangladesh peopl vote fall fugit defeat autocrat wait rise bnp leader warn prevent rehabilit fascist subvers evil forc establish right peopl fascism free bangladesh procedur systemat differ anti fascist polit parti term respect parti ideologi programm firmli democraci love peopl bangladesh unit august 5 side issu tackl rise fascism large countri peopl tariqu sens instabl creat countri citizen forc peopl walk life profess street dai demand pai heed demand polit parti face oppress plot suppress rule fascist awami leagu bnp leader polit parti aim resist polit comeback fall fascist polit empower peopl govern autocrat countri peopl polit empow elect govern empow countri peopl bnp act chairman oppos govern sudden move reform nation board revenu nbr nation budget warn neg impact revenu collect economi,politics,https://en.ittefaq.com.bd//en.ittefaq.com.bd/12051/tarique-rahman-expects-credible-polls-soon-under,53,8,0.9657404486781598,Weather
"Publish : 24 May 2025, 20:33",BNP delegation joins meeting with Dr Yunus,bnp deleg sit meet chief advis dr muhammad yunu saturdai even effort defus mount polit tension countri meet lead bnp stand committe dr khandak mosharraf hossain 7 35pm chief advis offici resid jamuna unb report deleg includ stand committe dr abdul moyeen khan amir khosru mahmud chowdhuri salahuddin ahm speak report early dai attend programm capit bnp stand committe amir khosru mahmud chowdhuri discuss chief advis focu prevail polit situat upcom elect roadmap return democrat govern current context altern credibl prompt elect restor democrat discuss centr quickli achiev bnp leader formal agendum meet urgenc situat press issu bangladesh determin move forward return democrat bnp leader restor democrat countri credibl elect central issu discuss countri crisi report chief advis intent resign khosru bnp view situat crisi countri urgent elect account govern parliament establish fair transpar elect overcom challeng face highlight sacrific peopl past 16 khosru await restor democraci respons question bnp expect satisfi round talk report dissatisfact previou meet dr yunu khosru repli satisfact polit satisfact peopl reflect hope aspir nation elect govern vote matter respond question elect hold decemb wait decemb programm bnp stand committe dr abdul moyeen khan democrat transit solut countri ongo crisi evolv polit scenario bangladesh dictatorship 15 solut transit democraci altern 180 million peopl countri discuss dr moyeen pose question nation reflect develop past month peopl bangladesh start sing song freedom transform event 5 august august 5 histor dai citizen mark liber 15 tyranni dictatorship begin era democrat transit transit forward amid current uncertainti 180 million peopl bangladesh realis understand accept truth assert medium report chief advis prof yunu resign frustrat polit parti demonstr comment armi chief offic address wednesdai govern elect,politics,https://en.ittefaq.com.bd//en.ittefaq.com.bd/12038/bnp-delegation-joins-meeting-with-dr-yunus,54,8,0.9991647944839729,Weather
"Publish : 24 May 2025, 11:10",BNP to meet Chief Adviser this evening,amid grow polit tension specul bnp deleg hold meet chief advis dr muhammad yunu saturdai meet chief advis offici resid jamuna 7pm bnp stand committe tell unb fridai night unb report invit chief advis offic hold meet polit situat bnp leader learn chief advis hold meet bangladesh jamaat islami parti meet attend meet effort defus polit tension misunderstand interim govern bnp leader parti chief advis step stage trigger fresh polit crisi share observ chief advis tomorrow request promptli complet reform process roadmap elect early dai bnp stand committe salahuddin ahm tell privat televis channel time meet chief advis mondai time bnp demand chief advis resign seek resign controversi advis roadmap nation elect decemb choos resign give roadmap decis resign early thursdai parti issu stern warn compel reconsid cooper interim govern specif roadmap hold elect decemb announc immedi speak press confer bnp stand committe dr khandak mosharraf hossain urg interim govern immedi reliev controversi advis includ allegedli affili newli form polit parti nation secur advis sake neutral govern credibl medium report chief advis prof yunu resign frustrat polit parti demonstr comment armi chief offic address wednesdai govern elect,politics,https://en.ittefaq.com.bd//en.ittefaq.com.bd/12030/bnp-to-meet-chief-adviser-this-evening,55,8,0.9988422023564015,Weather
"Publish : 23 May 2025, 22:06",BNP urges CA to announce polls schedule to avoid unrest,state delai hold parliamentari elect fuell instabl countri bnp leader zainul abedin farroqu fridai parti aggriev interim govern chief professor muhammad yunu depart disgrac appear wave unrest sweep countri main culprit instabl attempt delai elect person dr yunu tell protest ralli unb report farroqu bnp chairperson advisori council govern provid elect roadmap street sheikh hasina tenur face countless persecut engag construct elect orient dr yunu haven roadmap instabl bnp accept respons farroqu opposit chief whip parliament urg govern immedi announc date elect aparajeyo bangladesh organis programm titl resist conspiraci foil nation elect rise thevpeopl countri front jatiya press club refer medium report professor muhammad yunu resign farroqu respect figur forc depart disgrac hurt etch golden letter histori justic shahabuddin ahm ensur fair elect hold vote daylight hour safeguard vote legaci rememb histori bnp leader urg chief advis set ensur peac democrat transit futur gener pride accept honour figur nation earnestli request immedi send letter individu asif mahmud sajib bhuiyan mahfuj alam khalilur rahman urg resign advisori council fall remov farroqu reform carri creat corridor myanmar chattogram port fall hand caution reform empow conspir delai elect push professor yunu govern instabl overcom instabl farroqu professor yunu announc elect schedul dai,politics,https://en.ittefaq.com.bd//en.ittefaq.com.bd/12027/bnp-urges-ca-to-announce-polls-schedule-to-avoid,56,8,0.9987956866176001,Weather
"Publish : 22 May 2025, 22:11",BNP seeks quick election roadmap,bnp thursdai issu stark warn forc reconsid cooper interim govern specif roadmap hold elect decemb announc immedi speak press confer bnp stand committe dr khandak mosharraf hossain urg interim govern immedi reliev controversi advisor includ allegedli affili newli form polit parti nation secur advis sake neutral govern reput unb report prioriti establish elect polit govern accord aspir peopl restor lose democrat right constitut right human right vote right embodi aspir student lead juli mass upris demand announc specif roadmap format nation parliament decemb 2025 fair free imparti elect ad mosharraf primari agendum interim govern meet peopl aspir credibl nation elect difficult bnp parti peopl continu cooper govern warn bnp leader interim govern ensur neutral prepar upcom nation elect stress retain polit bias individu advisori role damag govern imag public confid understand advisor interim govern directli indirectli involv polit parti presenc advisori council constantli question partisan ident govern reliev duti protect imag govern dr mosharraf wednesdai comment nation secur advis khalilur rahman involv bnp act chairman tariqu rahman spark fresh controversi protect integr govern reliev duti rais demand remov advisor cohort fascism time past main task govern hold nation parliamentari elect bnp leader advis lean advisori council conduct routin daili activ advisori council govern disregard parti propos concern rais press confer past bnp compel reconsid cooper interim administr bnp stand committe arrang press confer parti chairperson gulshan offic bnp stand committe dr abdul moyeen khan amir khosru mahmud chowdhuri salahuddin ahm press confer controversi advis bnp leader mention press confer don mosharraf recent activ interim govern creat public doubt neutral observ implement agendum quarter polit gain govern action plan sole mandat interim govern conduct fair free imparti nation parliamentari elect chief advis press secretari act govern spokesperson claim administr mandat bnp leader stress examin govern statement action humanitarian corridor chattogram port serv nation peopl countri interim provision govern author nation signific term polici decis assert decis matter govern elect peopl basi nation consensu reform process trial awami leagu mosharraf reform elector process continu simultan trial fall fascist forc individu parti accus crime human proce ncp demonstr front elect commiss ec ongo discuss formul reform charter base polit consensu parti decis lai sieg ec similar issu demand local govern elect embarrass bnp govern bnp leader elect commiss legal constitut search committe quarter demand reconstitut govern seek opinion restructur constitut bodi repres elect commiss unfairli irration question issu gazett notif accord court verdict mayor dhaka south citi corpor mosharraf ec constitut respons conduct presidenti parliamentari elect context move besieg ec local govern poll appear deliber mysteri respons question ec form search committe opinion parti call reconstitut aim creat confus delai nation elect mosharraf urg govern respect verdict elect tribun court promptli arrang ishraqu hossain swear mayor dhaka south citi corpor criticis govern act pressur time manner behaviour damag credibl encourag follow similar tactic press demand govern bear respons unfortun embarrass situat repli question bnp stand committe amir khosru mahmud chowdhuri countri head elect decemb expect nation view govern begin transit caretak mode limit advisori council current advisori committe downsiz transit previous caretak govern compris 10 advis commit neutral controversi exclud bnp stand committe arrang press confer parti chairperson offic gulshan countri polit situat alongsid mosharraf khosru bnp stand committe dr abdul moyeen khan salahuddin ahm,politics,https://en.ittefaq.com.bd//en.ittefaq.com.bd/12016/bnp-seeks-quick-election-roadmap,57,8,0.9995796927528006,Weather
"Publish : 22 May 2025, 15:33",'It’s people’s victory as HC clears way for Ishraque to take oath',bnp secretari mirza fakhrul islam alamgir thursdai peopl achiev victori court verdict clear ishraqu hossain oath mayor dhaka south citi corpor dscc court deliv verdict demonstr respect law undoubtedli victori peopl democraci phone thailand unb report bnp leader alleg awami leagu rig dscc mayor elect snatch result forc time resid dhaka entir nation declar ishraqu hossain mayor call local govern ministri step arrang ishraqu swear ceremoni hope ministri act creat complic promptli step ishraqu hossain oath take eas situat fakhrul early dai court dismiss writ petit seek direct administ oath offic bnp leader ishraqu hossain mayor dscc clear swear fakhrul call bnp leader activist support step street court verdict matter resolv court peopl win continu block road hope govern act sensibli ensur ishraqu swear support road sake public relief fakhrul altern elect roadmap fakhrul urg govern specif elect roadmap promptli overcom polit crisi reiter resolv current polit crisi announc roadmap nation elect discuss state reform continu process bnp leader propos agre polit parti framework nation consensu commiss formal announc charter prepar excess caus delai reform complic situat peopl expect roadmap announc elect arrang ongo reform propos consensu implement observ reform propos consensu fakhrul ongo process charter mirza fakhrul travel bangkok 14 ey surgeri success oper leave ey perform dai rutnin ey hospit remain close observ doctor,politics,https://en.ittefaq.com.bd//en.ittefaq.com.bd/12011/it%E2%80%99s-people%E2%80%99s-victory-as-hc-clears-way-for,58,8,0.9989624286942136,Weather
"Publish : 16 May 2025, 17:37",BNP demands clear roadmap to polls,bnp consist call nation elect swift reform parti leader fear decemb elect deadlin quietli slip interim govern appear drag foot sign prepar poll senior bnp leader month interim govern format lack focu elect controversi move allow human corridor rakhin outsourc port oper rais doubt true intent unb report situat parti rank file mount pressur street forc govern announc elect roadmap hold elect bnp leader wish remain anonym parti fear ban activ awami leagu grow conflict nation citizen parti ncp jamaat islami increas unnecessari street protest slide law situat complic polit scenario countri dai concern polit polaris impact nation elect ban awami leagu activ complet trial leader bnp leader suspect ban awami leagu activ suspens parti registr elect commiss ploi local intern actor prolong power interim govern stand committe meet discuss issu elect reform voic frustrat lack visibl progress hold elect bnp leader discuss grow pressur grassroot leader activist launch movement demand govern hold elect decemb bnp stand committe recent express concern anger delai elect 12 senior bnp leader mirza abba alleg dubiou foreign arriv bangladesh accus interim govern serv peopl countri accus govern orchestr incid divert public attent misde abba alleg deliber effort underwai elimin parti claim pro bnp offici replac loyal awami leagu jamaat islami administr kei govern offic dai early bnp stand committe salahuddin ahm parti occas demand awami leagu parti bring trial govern pay heed chief advis matter consider time lead embarrass situat dai demonstr shahbagh ad claim peopl countri eager vote parliamentari elect bnp leader call chief advis announc roadmap elect embarrass situat aris 13 bnp stand committe amir khosru mahmud chowdhuri parti readi implement reform propos agre polit consensu delai consensu stand submit propos wait consensu li hesit state hold peopl hostag talk reform sole serv select scope bangladesh impos forc exclud peopl time bnp leader lament hide fear sheikh hasina lectur reform issu bring forward reform drag situat flux appear large conspiraci defer elect indefinit bnp stand committe tell unb condit anonym parti hold youth ralli divis drum support encourag gener involv bnp polit youth ralli hold 28 massiv showdown dhaka ralli bnp send strong messag govern unnecessarili delai elect bnp leader contact bnp stand committe gayeshwar chandra roi observ move delai elect pretext includ reform process delai elect creat instabl awami leagu time reorganis creat chao countri elect delai situat spiral control warn bnp leader interim govern role restor peopl mandat lack genuin urg govern elector roadmap peopl youth vote fair bnp elect hold reform complet quickli,politics,https://en.ittefaq.com.bd//en.ittefaq.com.bd/11939/bnp-demands-clear-roadmap-to-polls,59,8,0.999451038426378,Weather
"Publish : 13 May 2025, 20:38",Delhi concerned over ban on AL; supports early polls,india tuesdai express concern ban impos interim govern activ bangladesh awami leagu ban awami leagu due process develop spokesperson ministri extern affair randhir jaiswal regular medium brief delhi unb report democraci india natur concern curtail democrat freedom shrink polit space strongli support hold free fair inclus elect bangladesh mea spokesperson govern issu gazett notif ban activ bangladesh awami leagu affili organis anti terror act intern crime tribun ict complet trial parti leader activist,politics,https://en.ittefaq.com.bd//en.ittefaq.com.bd/11902/delhi-concerned-over-ban-on-al-supports-early,60,10,0.6102606492203183,International
"Publish : 12 May 2025, 23:29",EC suspends AL's registration,elect commiss ec mondai suspend registr bangladesh awami leagu al ec senior secretari akhtar ahm confirm report meet ec decis continu notif issu home ministri gazett notif issu regard ec secretari ministri home affair ban activ awami leagu front associ brotherli organ continu elect commiss decid suspend registr awami leagu home ministri publish gazett ban activ parti meet commiss hold 5 30 pm chief elect commission amm nasir uddin chair,politics,https://en.ittefaq.com.bd//en.ittefaq.com.bd/11890/ec-suspends-al-s-registration,61,10,0.8246324939060368,International
"Publish : 12 May 2025, 17:25","AL banned, gazette issued",govern issu offici gazett notif ban activ awami leagu notif publish mondai 12 confirm home advis lt gen retd md jahangir alam chowdhuri gazett sign senior secretari nasimul gani form govern januari 6 2009 oust amid mass student public upris august 5 2024 bangladesh awami leagu affili fratern organ establish reign terror countri includ attack abduct murder kill tortur rape opposit polit parti dissent voic notif detail student public movement juli 15 august 5 2024 awami leagu wing accus enforc disappear murder burn peopl aliv genocid illeg detent inhuman tortur loot arson terrorist activ crime human alleg substanti nation intern report numer pend leader activist awami leagu affili intern crime tribun countri crimin court gazett august 5 2024 awami leagu organ involv attack student public demonstr organ provoc ralli distribut anti leaflet engag crimin speech social medium exil leader activ includ attempt damag person properti pose threat nation sovereignti secur creat fear plaintiff wit ongo disrupt justic significantli deterior countri law situat notif mention govern possess suffici evid awami leagu affili organ involv illeg activ conspiraci similar terrorist organ aim destabil instil fear public govern justifi believ power vest section 18 1 anti terror amend ordin 2025 anti terror act 2009 declar ban activ awami leagu affili complet trial leader activist intern crime tribun gazett declar complet trial intern crime tribun form public medium coverag onlin social medium promot ralli meet confer activ organ awami leagu affili strictli prohibit presid decis implement effect,politics,https://en.ittefaq.com.bd//en.ittefaq.com.bd/11885/al-banned-gazette-issued,62,10,0.9990019113857314,International
"Publish : 12 May 2025, 14:46",EC awaits official gazette on AL: CEC,chief elect commission amm nasir uddin mondai elect commiss decid awami leagu al registr receiv offici gazett notif wait gazett notif sun rise sky wait tell report citi unb report cec remark repli question meet deleg carter center nirbachan bhaban capit awami leagu registr cancel gazett issu cec repli decis base medium report gazett issu sit decid notif represent peopl rpo polit parti ban registr elect commiss automat subject cancel demand student leader 2024 mass upris polit parti includ nation citizen parti ncp jamaat islami interim govern decid ban awami leagu activ council advis special meet saturdai night decid ban activ awami leagu includ cyberspac anti terror act trial bangladesh awami leagu leader intern crime tribun complet sundai council advis approv draft anti terror amend ordin 2025 incorpor provis ban individu entiti involv terrorist activ oper anti terror act 2009 enact deter terrorist activ ensur effect punish relev provis amend incorpor provis ban activ entiti adapt prohibit dissemin content onlin social medium platform,politics,https://en.ittefaq.com.bd//en.ittefaq.com.bd/11882/ec-awaits-official-gazette-on-al-cec,63,10,0.8416489457953207,International
"Publish : 10 May 2025, 23:32",Govt bans all activities of AL,activ oust awami leagu al declar ban juli august mass upris press confer saturdai night law advisor asif nazrul share inform journalist emerg meet advisori council lead chief advisor dr muhammad yunu statement meet advisori council announc amend intern crime tribun act approv todai session amend intern crime tribun punish polit parti affili organ support statement mention trial bangladesh awami leagu leader conclud intern crime tribun decis ban activ awami leagu includ presenc cyberspac anti terror act aim protect nation secur sovereignti ensur safeti juli movement activist safeguard plaintiff wit intern crime tribun circular matter issu dai addition meet decid final publish juli declar 30 dai,politics,https://en.ittefaq.com.bd//en.ittefaq.com.bd/11862/govt-bans-all-activities-of-al,64,10,0.9979065676590149,International
"Publish : 10 May 2025, 23:16",'18cr people of Bangladesh no longer want AL',bnp secretari mirza fakhrul islam alamgir saturdai 18 crore peopl countri awami leagu hand hold ralli chattogram ralli hold market dhaka demand awami leagu ban youth grand ralli polo grind chattogram unb report jubo dal swechchhasebak dal chhatra dal organis ralli fakhrul awami leagu establish baksal bnp founder ziaur rahman lay foundat multi parti democraci freedom press restor ziaur rahman lay foundat garment industri khaleda zia introduc caretak govern system ad bnp leader warn peopl return abroad attempt era histori allow distort truth address youth job busi peac educ institut genuin democraci call action youth rise resist conspiraci reclaim right sheikh hasina unleash repress countri past 15 peopl million suffer fascist rule thousand lose live 60 lakh peopl fals implic 20 000 peopl kill 1 700 forcibli disappear ad fakhrul prime minist khaleda zia unjustli jail act bnp act chairman tariqu rahman remain unabl return countri tariqu rahman dream build modern bangladesh compromis nation declar final decis street realiti fakhrul prais organis ralli call unpreced gather effort jubo dal swechchhasebak dal chhatra dal chattogram special attent citi ziaur rahman declar countri independ fakhrul ad,politics,https://en.ittefaq.com.bd//en.ittefaq.com.bd/11860/18cr-people-of-bangladesh-no-longer-want-al,65,8,0.7467410267993613,Weather
"Publish : 09 May 2025, 20:35",Shahbagh blocked demanding AL ban,protest block shahbagh intersect 4 40 pm fridai demand ban awami leagu al vow continu sit demand meet announc hasnat abdullah chief coordin nation citizen parti ncp southern region ralli hold front intercontinent hotel unb report demand reach ear interim govern hasnat declar 4 30 pm leav ralli venu head shahbagh leav demand fulfil assert shortli declar process march minto road reach shahbagh 4 40 pm demonstr sit ralli hasnat accus awami leagu dismantl democraci awami leagu polit parti mean 1974 form baksal replac democraci mafia system hasnat alleg fifteen lakh peopl di starvat due awami leagu loot blood peopl hand india support kill patriot armi offic protest early dai 2 45 pm recit holi quran ncp leader ashraf mahadi mitig heat ralli site dhaka north citi corpor dncc reportedli sprai water water cannon 3 pm polit includ jamaat islami inquilab mancha islam movement ab parti express solidar protest movement gain momentum student lead ncp gather front chief advis resid jamuna thursdai night demand ban awami leagu sit formal 10 pm thursdai hasnat leadership,politics,https://en.ittefaq.com.bd//en.ittefaq.com.bd/11842/protesters-block-shahbagh-demanding-al-ban,66,7,0.5876937649551092,Education
"Publish : 09 May 2025, 17:11","Govt considers ban on AL citing dictatorship, terror links",interim govern fridai due import demand rais polit parti organis public ban awami leagu al charg dictatorship terrorist activ govern establish contact polit parti regard discuss decis govern statement share chief advis press wing unb report govern regard take consider report terrorist activ leader support awami leagu govern urg maintain patient govern ban terrorist organis chhatra leagu exist law respect public demand statement govern initi bring amend intern crimin court act action organis involv crime human press wing statement govern awar public anger foreign travel presid fascist govern abdul hamid murder accus govern determin legal action involv incid statement read,politics,https://en.ittefaq.com.bd//en.ittefaq.com.bd/11841/govt-considers-ban-on-al-citing-dictatorship,67,10,0.5565400694404685,International
"Publish : 08 May 2025, 18:43",Disillusioned AL members welcome to join BNP: Rizvi,bnp set launch month membership drive start 15 parti door disillus awami leagu al previous inact distanc protest parti misde speak press brief bnp nayapaltan central offic parti senior joint secretari ruhul kabir rizvi remain vigil prevent awami leagu affili involv act terror land grab monei launder plunder infiltr parti unb report journalist awami leagu leader worker bnp rizvi respond inact polit time individu support awami leagu grow disillus misrul brutal loot monei launder support activ distanc awami leagu shouldn allow join parti parti target fresh peopl reput accept societi retir offici teacher govern employe banker ngo worker farmer labour criterion parti person believ ideal bnp leader parti expect peopl sector societi support bnp loyal parti uphold nationalist ideal parti bnp leader assur implement review system ensur undesir element infiltr parti explain parti purchas primari membership form tk 20 payment receipt affidavit refer applic form outlin parti constitut wish primari requir fill applic form form undergo verif process verif individu involv crimin activ terror land grab monei launder infiltr strongli avoid focus fresh individu societi reput respect peopl commun rizvi parti conduct primari membership collect drive alongsid renew programm 15 juli 15 rizvi mention parti early form committe conven bnp treasur rashiduzzaman millat secretari carri membership renew campaign committe meet early dai parti central offic decid conduct month drive collect bnp membership collect renew drive rizvi assess peopl engag parti polit drive begin inaugur programm division citi division organis secretari assist secretari supervis campaign,politics,https://en.ittefaq.com.bd//en.ittefaq.com.bd/11829/disillusioned-al-members-welcome-to-join-bnp,68,8,0.6384258829186494,Weather
"Publish : 07 May 2025, 22:48",Khaleda likely to step back from politics,khaleda zia resolut bangladesh polit 1984 serv chairperson bangladesh nationalist parti bnp prime minist countri time imprison februari 8 2018 distanc polit time suffer complex ill absenc eldest son tariqu rahman charg act chairman parti continu lead tariqu rahman perform role fall awami leagu govern august 5 khaleda zia acquit london advanc medic treatment januari 8 month treatment london bnp chairperson return countri 6 tuesdai prime minist suffer live cirrhosi kidnei heart diseas return health stabil return spark curio parti polit circl alik question activ polit bnp sourc return countri khaleda zia directli activ parti polit tariqu rahman continu lead parti act chairman street due ag health plai role parti intern sourc bnp state parti leader believ regularli sit gulshan offic return tariqu rahman complet dismiss possibl recent visit london reportedli express intent front jamaat leader reliabl jamaat sourc bnp leader khaleda zia chairperson parti presenc countri mean polit view guardian bnp polit multipl senior leader bnp mention health remain stabl khaleda zia particip parti program futur physic join virtual parti hope khaleda zia activ polit absenc act chairman countri expect plai role street recent past expect provid guidanc direct parti bnp joint secretari abdu salam azad hope allah healthi lead democraci polit polit analyst khaleda zia return receiv treatment abroad pave democrat transit countri argu democraci exist elect current circumst polit parti concern complex surround elect situat khaleda zia presenc mean overcom crisi wide accept respect leader histori struggl democraci return expect strengthen demand nation elect,politics,https://en.ittefaq.com.bd//en.ittefaq.com.bd/11817/khaleda-likely-to-exit-politics,69,10,0.6348295790446993,International
"Publish : 05 May 2025, 18:55",Khaleda reaches Heathrow for homecoming,bnp chairperson khaleda zia reach heathrow airport mondai return home aboard special air ambul provid emir qatar month receiv advanc treatment london bnp chief leave home old son bnp act chairman tariqu rahman 2 00pm gmt reach airport 40 minut person physician dr azm zahid hossain tariqu person drive mother heathrow airport khaleda sit rear seat tariqu zubaida rahman daughter seat car airport hundr leader activist bnp uk chapter gather airport khaleda parti leader worker shout slogan khaleda vehicl wave hand prof zahid accompani flight bnp chief depart london heathrow airport 4 10pm 9 10pm bst air ambul provid emir qatar sheikh tamim bin hamad al thani complet procedur flight schedul reach hamad intern airport doha 2 30am local time khaleda zia daughter law eldest son tariqu rahman wife dr zubaida rahman late son arafat rahman koko wife syeda shamila rahman accompani bnp chief entourag includ medic team expect land hazrat shahjal intern airport 10am tuesdai hope reach dhaka time bnp secretari mirza fakhrul islam alamgir tell unb urg parti leader activist remain alert traffic jam give bnp chief recept return home ssc exam schedul tuesdai bnp secretari urg law enforc parti leader worker ensur public inconveni aris recept bnp chairperson khaleda zia khaleda zia travel london januari 8 special air ambul emir qatar arriv admit london clinic privat hospit remain care renown specialist professor patrick kennedi professor jennif cross 17 dai 25 januari receiv treatment resid old son tariqu rahman 17 dai london clinic supervis specialist prof patrick kennedi prof jennif cross tariqu rahman resid bnp complet prepar bnp chief massiv recept gulshan resid hazrat shahjal intern airport bnp chief travel dhaka airport resid gulshan kakoli rout fakhrul urg stand road madam stand footpath greet instruct parti leader activist hold nation bnp flag receiv urg public elev expresswai airport kakoli dai khaleda return avoid traffic congest bnp chief gulshan resid firoza locat hous 1 road 80 prepar zubaida homecom 17 tariqu rahman dr zubaida daughter zaima rahman live london 2008 17 exil dr zubaida rahman return home mother law plan stai father dhanmondi resid father hous mahbub bhaban locat road 5 dhanmondi prepar zubaida hous addit arrang zubaida stai comfort secur,politics,https://en.ittefaq.com.bd//en.ittefaq.com.bd/11777/khaleda-zia-ready-to-fly-back-to-dhaka-on-%E2%80%98wings,70,10,0.6834007577755061,International
"Publish : 05 May 2025, 13:52",'EC not to engage in political controversies',chief elect commission cec mm nasir uddin mondai elect commiss involv activ creat polit controversi ec engag polit controversi decis commiss singl person make decis view exchang meet elect offici mymensingh region citi corpor auditorium unb report ec commit hold upcom nation elect free fair neutral manner chanc time vote cast night respond question dhaka south citi corpor mayor ishraq hossain swear cec respons ministri local govern elect commiss role matter meet focus voter list updat prepar elect region elect offic shahinur islam pramanik presid event addit region elect offic district addit district elect offic upazila elect offic region,politics,https://en.ittefaq.com.bd//en.ittefaq.com.bd/11770/ec-not-to-engage-in-political-controversies,71,8,0.7678532836361609,Weather
"Publish : 05 May 2025, 10:12",Zubaida Rahman returning home after 17yrs,17 exil dr zubaida rahman wife bnp act chairman tariqu rahman set return dhaka tuesdai plan stai father dhanmondi resid mark poignant homecom zubaida return home mother law prime minist begum khaleda zia air ambul provid emir qatar unb report leave dhaka husband tariqu rahman daughter zaima rahman 17 ago 11 septemb 2008 hous mahbub bhaban locat road 5 dhanmondi resid late father navi chief rear admir mahbub ali khan prepar underwai zubaida patern home stai ail mother bnp medium cell atikur rahman rumman tell unb secur renov resid zubaida rahman come stai hous arrang includ decor cctv instal ensur util servic stai comfort rumman readi ahead zubaida arriv mahbub bhaban prepar receiv mahbub bhaban home zubaida mother syeda iqbal mand banu famili old sister shahina zaman syeda iqbal mand banu recent admit hospit dhaka rumman extens secur measur resid includ instal cctv camera perimet wall deploy polic bnp chairperson special secur forc csf personnel hous have addit arrang view zubaida rahman return bnp act chairman tariqu rahman specif instruct secur arrang inconveni neighbour have tell avoid disturb surround resid chairman care respect rumman mahbub bhaban featur flower garden front dedic guard secur personnel separ vehicl secur team arrang dr zubaida stai bangladesh 30 april bnp chairperson person secretari abm abdu sattar write inspector polic request arm protect polic presenc resid instal archwai scanner cite potenti secur threat zubaida rahman rumman offici polic intellig agenc inspect hous outlin measur safeti tariqu rahman dr zubaida daughter zaima rahman live london 2008 zubaida return bangladesh 17 entangl legal troubl 1 11 militari caretak govern subsequ awami leagu administr 26 septemb 2008 anti corrupt commiss file kafrul polic station tariqu rahman zubaida rahman mother syeda iqbal mand banu amass wealth sourc incom zubaida sentenc prison fine tk 35 lakh dhaka court stai fall awami leagu govern august bear sylhet 18 1972 zubaida admit dhaka medic colleg insist parent pass secondari examin distinct zubaida marri tariqu rahman 3 februari 1994 pass mbb examin merit career govern doctor bc 1995 zubaida rank bangladesh civil servic bc health examin sheikh hasina govern dismiss posit london studi leav 2008 move london zubaida obtain postgradu degre medicin imperi colleg zubaida father rear admir mahbub ali khan serv chief bangladesh navi govern presid ziaur rahman 4 novemb 1978 6 august 1984 subsequ serv minist commun agricultur govern hussain muhammad ershad mag osmani command chief bangladesh liber war zubaida uncl bnp sourc qatari air ambul carri khaleda entourag includ dr zubaida rahman late son arafat rahman koko wife syeda sharmila rahman medic team depart heathrow airport 6 15pm london time mondai expect reach dhaka 10 30am tuesdai stopov doha khaleda zia travel london 8 januari special air ambul emir qatar arriv admit london clinic privat hospit remain care renown specialist professor patrick kennedi professor jennif cross 17 dai 25 januari receiv treatment resid old son tariqu rahman,politics,https://en.ittefaq.com.bd//en.ittefaq.com.bd/11763/zubaida-rahman-returning-home-after-17yrs,72,10,0.5058726304050851,International
"Publish : 04 May 2025, 10:23",Khaleda Zia’s return set for Tuesday,return date bnp chairperson prime minist khaleda zia undergo medic treatment london uk postpon dai 5 return countri 6 tuesdai bnp medium cell shayrul kabir khan inform medium 11 45 pm saturdai 3 shayrul kabir khan share updat direct khaleda zia physician bnp stand committe dr azm zahid hossain bnp secretari mirza fakhrul islam alamgir early saturdai even bnp secretari mirza fakhrul islam alamgir tell medium khaleda zia return dhaka london special air ambul emir qatar plan bnp chairperson return countri regular bangladesh airlin flight,politics,https://en.ittefaq.com.bd//en.ittefaq.com.bd/11745/khaleda-zia%E2%80%99s-return-set-for-tuesday,73,10,0.9972109193792694,International
"Publish : 03 May 2025, 20:10","Khaleda to fly home in air ambulance, not Biman",receiv medic treatment bnp chairperson khaleda zia set return bangladesh london uk mondai initi bnp announc return regular flight biman bangladesh airlin parti confirm return air ambul emir qatar exact time arriv final saturdai even 3 bnp chairperson medium wing shairul kabir khan state madam return countri mondai 5 air ambul emir qatar early fridai bnp secretari mirza fakhrul islam alamgir tell medium khaleda zia return london 5 mondai month inshaallah madam return countri morn 5 accompani daughter law zubaida rahman wife tariqu rahman syeda sharmila rahman wife arafat rahman khaleda zia current health bnp secretari alhamdulillah mode return ad air ambul receiv emir qatar madam london face technic delai reason madam decid air ambul arrang moment return biman bangladesh flight worth note khaleda zia london advanc medic treatment januari 8 17 dai hospit discharg london clinic januari 25 move resid tariqu rahman time bnp chairperson celebr eid famili,politics,https://en.ittefaq.com.bd//en.ittefaq.com.bd/11740/khaleda-to-fly-home-in-air-ambulance-not-biman,74,10,0.9984597631664521,International
"Publish : 03 May 2025, 15:04","Hefazat unveils 3-month drive, May 23 protest",hefazat islam bangladesh announc month seri division confer nationwid protest march 23 demand establish woman right entitl announc organ secretari sajidur rahman grand ralli hold saturdai 3 dhaka suhrawardi udyan ralli 9 00 presid hefazat amir allama shah muhibullah babunagari conduct azizul haqu islamabadi mufti kefayet ullah azhari event conclud 1 11 pm prayer lead amir speech secretari state establish woman right division confer hold month addit protest march hold countri jumuah prayer 23 base kei demand joint secretari azizul haqu islamabadi read write statement behalf amir sheikh hasina flee power august 5 glimps freedom conspiraci haven stop build strong uniti come movement issu warn interim govern influenc ngo take anti islam decis hefazat accept recommend repeal woman reform commiss blasphemi law withdraw harsh punish ensur disrespect religion declar read hefazat nayeb amir secretari befaqul madarisil arabia maulana mahfuzul haqu woman reform commiss anti quran report scrap commiss form scholar trust allah reinstat constitut term plural remov ad blood martyr shapla chattar juli movement vain justic serv massacr label awami leagu murder parti activ ban bring justic hefazat leader call medium reform demand strict action new broadcast hurt religi sentiment,politics,https://en.ittefaq.com.bd//en.ittefaq.com.bd/11733/hefazat-unveils-3-month-drive-may-23-protest,75,10,0.5528771644036012,International
"Publish : 01 May 2025, 20:14",Decision on corridor must come from Parliament: Tarique,democrat nation world bnp leader standard practice establish norm sensit decis involv countri sovereignti parliament oppos interim govern move provid humanitarian corridor myanmar rakhin bnp act chairman tariqu rahman thursdai elect parliament sensit decis unb report freedom love peopl countri decis grant corridor peopl especif directli elect nation parliament virtual address mammoth ralli democrat nation world bnp leader standard practice establish norm sensit decis involv countri sovereignti parliament jatiyatabadi sramik dal labour wing bnp organis ralli front parti nayapaltan central offic particip thousand leader activist worker mark dai obliqu refer medium report tariqu interim govern polici decis bangladesh corridor deliv humanitarian aid myanmar rakhin embroil intern conflict bemoan interim govern inform public consult polit parti repres peopl sensit matter directli relat countri independ sovereignti bnp leader debat interim govern decis posit interim govern prioritis peopl bangladesh act safeguard foreign power myanmar india pakistan countri bangladesh foremost sole object tariqu observ saturdai foreign advis touhid hossain announc interim govern principl agre humanitarian corridor supervis subject condit provid detail matter tariqu democrat parti countri includ bnp continu unconstitut support interim govern establish elect govern account peopl fascism free bangladesh pro democrat peopl feel logic continu support interim govern indefinit bnp leader emphasis imper establish govern account peopl fugit dictat rise countri mantra dictat write constitut law countri fascism emerg disobedi constitut law tariqu journei fascism begin person quarter consid indispens start impos unilater decis peopl crucial establish elect nation parliament account govern repres directli elect peopl latent desir aspir mind individu quarter remain power time vote lead govern fascism tariqu caretak interim govern form ouster fascist govern mass upris govern form special circumst illeg govern form special circumst altern directli elect govern state bnp carri reform past propos overhaul bnp leader urg interim govern wast unnecessari time reform hold elect speak programm bnp secretari mirza fakhrul islam alamgir nation establish govern peopl restor democraci nation elect fall fascist regim exist bangladesh depend democrat transit restor democrat govern system democrat system restor countri solv demand includ worker meet state bnp carri reform past propos overhaul bnp leader urg interim govern wast unnecessari time reform hold elect todai worker ralli demand immedi implement reform propos polit parti reach consensu arrang elect promptli fakhrul propos consensu nation charter sign parti implement parliament elect govern sign agreement ignor polit parti peopl bangladesh fakhrul ad thousand gather nayapaltan ralli sramik dal ralli bnp leader includ stand committe mirza abba gayeshwar chandra roi nazrul islam khan speech oppos interim govern decis offer humanitarian corridor rakhin warn consequ caution govern provid humanitarian corridor sidestep polit parti bnp parti strong resist sramik dal coordin shamsur rahman shimul biswa set recommend ralli urg govern meet demand recommend includ hold nation elect immedi hold trial fascist ruler sheikh hasina reopen close factori industri set factori industri ensur free right trade union announc discrimin free wage board pai scale worker implement recommend labour reform commiss revok black law includ road transport act 2018 thousand leader activist sramik dal dhaka south north citi unit district adjoin dhaka join ralli wear red cap carri nation parti flag banner festoon placard inscrib slogan favour right,politics,https://en.ittefaq.com.bd//en.ittefaq.com.bd/11720/decision-on-corridor-must-come-from-parliament,76,8,0.9995593937316833,Weather
"Publish : 30 Apr 2025, 23:19",Fakhrul urges govt to hold nat’l polls quickly,bnp secretari mirza fakhrul islam alamgir urg professor muhammad yunu chief advis interim govern hold nation elect caus delai hold nation elect caus delai govern select peopl fakhrul professor muhammad yunu ad peopl select repres vote process bnp secretari remark event munshirhat girl school thakurgaon sadar upazila wednesdai even fakhrul ad hold elect delai hasina attempt return bangladesh destabil countri creat unrest early dai fakhrul attend view exchang meet hindu lakshmi hat baragaon union sadar upazila meet hindu muslim buddhist christian faith live commun harmoni creat divis unit goal establish peac democraci,politics,https://en.ittefaq.com.bd//en.ittefaq.com.bd/11711/fakhrul-urges-to-hold-nat%E2%80%99l-polls-quickly-%C2%A0,77,8,0.997416924988669,Weather
"Publish : 30 Apr 2025, 17:12",Ishraque gazetted as DSCC Mayor following court verdict,elect commiss publish gazett notif declar bnp leader ishraqu hossain mayor dhaka south citi corpor dscc implement court verdict opinion receiv law ministri stipul timefram elect commission abdul fazal md sanaullah wednesdai implement court publish gazett avoid deviat direct court tell report meet elect commiss capit unb report meet hold chief elect commission amm nasir uddin chair elect commission ec senior secretari sanaullah ec wait 5 pm sundai law ministri opinion ec didn receiv repli commiss publish gazett compli elect tribun oblig resolv 10 dai resolv repli question gazett notif declar ishraqu hossain dscc mayor receiv opinion law ministri seek opinion april 25 10 dai dai fridai dai wait 5 00pm sundai receiv repli implement court deviat ec april 27 issu gazett notif dai law advis asif nazrul claim ec act receiv opinion law ministri march 27 judg elect tribun dhaka md nurul islam nullifi result declar sheikh fazl noor taposh elect 2020 dscc elect declar ishraqu hossain winner dscc elect hold februari 1 2020 awami leagu taposh declar winner defeat ishraqu 190 000 vote taposh assum offic 16 meet elect bodi hold june term elect bodi set june,politics,https://en.ittefaq.com.bd//en.ittefaq.com.bd/11707/ishraque-gazetted-as-dscc-mayor-following-court,78,8,0.5567644298915458,Weather
"Publish : 27 Apr 2025, 12:09",Khaleda Zia likely to return home this week from London,plan bnp chairperson prime minist khaleda zia return bangladesh london month april sourc prime minist khaleda zia undergo medic check up old son tariqu rahman resid unit kingdom prepar return home special air ambul qatar medium sourc khaleda zia expect return wednesdai april 30 daughter law zubaida rahman syeda shamila rahman return sourc dhaka mention arrang khaleda zia return london bnp secretari mirza fakhrul islam alamgir write letter week interim govern foreign affair advisor md tawhid hossain request special air ambul qatar letter state prime minist khaleda zia london advanc medic treatment health condit stabl complet danger nonetheless express desir return home week april health situat doctor advis travel special air ambul letter bnp secretari govern reportedli arrang bangladesh commiss london doha bring khaleda zia home khaleda zia return wednesdai april 30 bnp chairperson khaleda zia imprison central jail dhaka 2018 convict corrupt covid 19 pandem previou govern releas special consider fall awami leagu govern student public upris august 5 presid md shahabuddin khaleda zia releas subsequ court annul verdict corrupt imprison januari 8 khaleda zia london advanc medic treatment 17 dai treatment transfer london clinic tariqu rahman resid januari 25 time half decad khaleda zia celebr eid famili imprison spend eid jail bangladesh medic univers hospit khaleda zia undergo comprehens health check up tariqu rahman resid suffer physic ailment time includ live cirrhosi kidnei heart diseas diabet arthriti notabl bnp chairperson visit london juli 15 2017 travel abroad,politics,https://en.ittefaq.com.bd//en.ittefaq.com.bd/11662/khaleda-zia-likely-to-return-home-this-week-from,79,10,0.9990472310223465,International
"Publish : 20 Apr 2025, 13:10","BNP backs reform efforts, says Salahuddin",bnp stand committe salahuddin ahm sundai parti extend sincer cooper reform initi undertake interim govern cooper reform initi transpar sincer serious matter ahead dai talk bnp nation consensu commiss ld hall jatiya sangsad complex unb report bnp deleg lead stand committe nazrul islam khan join talk 11 00am nation consensu commiss vice chairman prof ali riaz chair bnp deleg includ chairperson advisori council ismail jabiullah secretari abu mohammad moniruzzaman suprem court bar associ secretari barrist ruhul kuddu kajol early thursdai bnp particip round discuss hold 10 35am 4 45pm nation consensu commiss launch dialogu process polit parti march 20 aim build unifi posit kei reform propos initi interim govern hold talk 13 polit parti form februari 15 2025 leadership chief advis prof muhammad yunu commiss task shape share nation stanc critic reform,politics,https://en.ittefaq.com.bd//en.ittefaq.com.bd/11569/bnp-backs-reform-efforts-says-salahuddin,80,8,0.9981469091263185,Weather
"Publish : 19 Apr 2025, 20:44",WRC for 600 JS seats,woman reform commiss wrc report propos rais seat jatiya sangsad 600 shireen parveen huq chairperson wrc statement press brief saturdai even foreign servic academi bailei road dhaka brief commiss submit report chief advis professor muhammad yunu propos constitu featur seat reserv woman notabl seat fill direct elect aim ensur gender pariti parliamentari represent early afternoon 4 30 pm woman reform commiss lead shireen parveen huq submit report chief advis guest hous jamuna report submiss commiss includ mahin sultan senior fellow brac institut govern develop fauzia karim firoz presid bangladesh nation woman lawyer associ kalpana akter presid bangladesh garment industri worker feder ten woman reform commiss form interim govern novemb 18 shireen parveen huq find naripokkho human right activist appoint chair,politics,https://en.ittefaq.com.bd//en.ittefaq.com.bd/11560/wrc-proposes-600-js-seats,81,8,0.5558566739606189,Weather
"Publish : 19 Apr 2025, 14:53",'Bangladesh to see ‘best election’ in history',reaffirm govern commit free fair elect chief advis prof muhammad yunu interim administr determin ensur upcom nation elect serv mileston countri democrat progress elect bangladesh histori mileston countri democrat journei tell deleg asian network free elect anfrel unb report dr yunu bangladesh host free fair elect decemb 2025 june 2026 anfrel team meet guest hous jamuna dhaka thursdai chief advis press wing saturdai anfrel deleg includ execut director brizza rosal consult bangladesh elect democraci programm butoi senior programm offic campaign advocaci tharindu abeyrathna programm offic ayan rahman khan programm associ afsana amei anfrel region network civil societi organ dedic advanc elector democraci asia activ support elect observ democrat reform civic engag region decad meet anfrel share ongo initi bangladesh commit rebuild independ citizen lead elect observ effort deleg discuss ongo activ conduct stakehold map assess aim identifi opportun strengthen civil societi engag promot elector transpar anfrel express appreci opportun engag dialogu chief advis reaffirm commit continu collabor stakehold bangladesh support transpar credibl elect,politics,https://en.ittefaq.com.bd//en.ittefaq.com.bd/11556/bangladesh-to-see-%E2%80%98best-election%E2%80%99-in-history,82,8,0.8561279992619961,Weather
"Publish : 17 Apr 2025, 11:04",BNP joins talks with Consensus Commission,bangladesh nationalist parti bnp join ongo dialogu nation consensu commiss thursdai morn commiss hold seri talk polit parti forg nation consensu reform initi undertake interim govern unb report bnp deleg particip session 10 35am ld hall jatiya sangsad bhaban discuss nation consensu commiss vice chairman prof ali riaz chair bnp stand committe salahuddin ahm nazrul islam khan repres parti early april 16 bnp deleg lead secretari mirza fakhrul islam alamgir meet chief advis prof muhammad yunu voic dissatisfact meet outcom absenc specif elect timelin happi state elect hold decemb countri polit social situat worsen increasingli difficult manag mirza fakhrul tell report meet nation consensu commiss dialogu process polit parti march 20 aim build share posit kei reform propos initi interim govern hold talk 11 polit parti form februari 15 2025 leadership chief advis prof muhammad yunu commiss task shape unifi nation stanc critic reform initi phase compil kei recommend reform commiss address constitut public administr elector judici anti corrupt reform share 39 polit parti feedback date 34 parti respond commiss aim complet round talk polit parti week begin round week reach nation consensu mid juli,politics,https://en.ittefaq.com.bd//en.ittefaq.com.bd/11524/bnp-joins-talks-with-consensus-commission,83,8,0.9987673886412917,Weather
"Publish : 16 Apr 2025, 15:30",BNP-CA talks end in frustration,bnp wednesdai express dissatisfact chief advis prof muhammad yunu reiter nation elect hold decemb june happi elect hold decemb countri polit social situat deterior bnp secretari mirza fakhrul islam alamgir emerg meet chief advis guest hous jamuna unb report tell ca decemb cut time elect ad bnp deleg lead parti secretari mirza fakhrul islam alamgir hold meet chief advis dr muhammad yunu press specif roadmap hold nation elect decemb meet begin 12 10pm bnp medium cell sayrul kabir khan,politics,https://en.ittefaq.com.bd//en.ittefaq.com.bd/11515/bnp-unhappy-says-fakhrul-%C2%A0,84,8,0.9971347494814324,Weather
"Publish : 16 Apr 2025, 13:55",BNP’s meeting with Dr Yunus underway,bnp deleg lead parti secretari mirza fakhrul islam alamgir hold meet chief advis dr muhammad yunu press specif roadmap hold nation elect decemb meet guest hous jamuna 12 10pm bnp medium cell sayrul kabir khan unb report deleg includ bnp stand committe jamiruddin sircar mirza abba nazrul islam khan amir khosru mahmud chowduri salahuddin ahm iqbal hasan mahmud chowduri early tuesdai night bnp stand committe lead act chairman tariqu rahman meet discuss parti stanc elect potenti talk meet talk unb bnp senior leader deliv strong messag accept attempt delai nation elect decemb parti urg chief advis issu statement elect timelin urg ongo decemb june uncertainti parti provid reason logic justif demand hold nation elect decemb bnp leader parti call head interim govern step complet reform process come june dispel public concern attempt delai elect pretext restructur demand meet commit parti shift focu elect prepar devis strategi win voter consensu reach meet bnp leader launch movement demand restor democraci hold nation elect parti insid bnp outlin seri peac programm month organis prepar 13th nation elect expect decemb programm includ ralli march process begin grassroot level expand nationwid public gather plan initi recent meet parti organis secretari inform commun top leadership bnp receiv messag elect timelin meet chief advis parti begin implement programm month,politics,https://en.ittefaq.com.bd//en.ittefaq.com.bd/11513/bnp%E2%80%99s-meeting-with-dr-yunus-underway,85,8,0.9902882871657884,Weather
"Publish : 15 Apr 2025, 20:18",EC gears up for nat'l polls,prepar 13th nation parliamentari elect elect commiss ec secretariat plan start procur essenti paper print materi avoid minut delai ec offici tuesdai sit meet offici depart print public nirbachan bhaban capit assess demand elect materi budget estim current stock unb report speak report meet ec senior secretari akhtar ahm prepar plan elector prepar delai organis ensur elect prepar delai offici meet take month complet task paper procur print ec offici parliamentari elect requir print 21 type form 17 type packet kind id card code conduct symbol poster elect oper manual train guid materi meet stress complet store print item septemb ahead elect meet timelin ec start procur announc elect schedul nomin paper symbol alloc finalis ballot paper candid name symbol print distribut countri 12th parliamentari elect ec procur approxim 161 000 ream paper cost tk 33 crore time requir expect rise 170 000 ream cost increas tk 36 crore secretari akhtar ahm tuesdai meet focus estim paper requir upcom elect budget meet discuss dispos print materi store bg press qualiti declin materi deterior dispos properli ad repres bg press meet,politics,https://en.ittefaq.com.bd//en.ittefaq.com.bd/11502/ec-gears-up-for-nat-l-polls,86,7,0.6826081105805553,Education
"Publish : 30 Mar 2025, 18:10",'Khaleda may return home in mid-April',bnp chairperson khaleda zia return bangladesh london middl month hear madam khaleda return home mid april speak report bnp chairperson gulshan offic unb report bnp leader khaleda zia health condit improv london celebr eid famili eid celebr sundai celebr eid famili khaleda celebr eid ul fitr eldest son tariqu rahman wife dr zubaida rahman daughter zaima rahman son arafat rahman koko wife shamila rahman granddaught zafia rahman zahia rahman speak unb london person doctor azm zahid hossain bnp chief famili arrang eid ensur share joi occas love understand lot emot involv ad mark khaleda zia eid celebr london stai 2017 2015 eid event zahid mention bnp chief mental strong stabl health khaleda receiv treatment home supervis professor patrick kennedi jennif cross london clinic discharg hospit januari 25 possibl khaleda return bangladesh dr zahid return time eid depend advic medic board hope will return home medic board decis condit stabl khaleda london januari 8 advanc medic care admit london clinic discharg clinic januari 25 bnp chairperson move tariqu rahman resid receiv treatment supervis professor john patrick kennedi professor jennif cross 79 prime minist suffer health condit includ live cirrhosi kidnei heart issu diabet arthriti,politics,https://en.ittefaq.com.bd//en.ittefaq.com.bd/11305/khaleda-may-return-home-in-mid-april,87,10,0.9988292828973612,International
"Publish : 30 Mar 2025, 14:26",Fakhrul urges CA to remove advisers compromising govt neutrality,bnp secretari mirza fakhrul islam alamgir sundai chief advis dr muhammad yunu remov advis compromis neutral govern speak report bnp chairperson gulshan offic warn parti accept govern lose neutral ahead elect unb report expect complet neutral govern expect professor yunu believ undermin neutral remov cabinet remain clean fakhrul chief advis fail action peopl begin govern unabl maintain neutral recent report newspap advis leave disappoint govern imparti fakhrul advis connect polit parti govern fund sector purpos consid imparti bnp leader alleg govern resourc utilis promot polit parti activ undoubtedli erod imparti overlook issu govern fund alloc develop specif mosqu templ observ bnp leader activ send messag section interim govern neutral fakhrul express frustrat chief advis failur provid elect roadmap hold elect decemb lack specif elect roadmap reflect polit inexperi roadmap provid significantli reduc exist polit crisi allow polit parti focu elect move forward elector process,politics,https://en.ittefaq.com.bd//en.ittefaq.com.bd/11301/fakhrul-urges-ca-to-remove-advisers-compromising,88,8,0.975527229960109,Weather
"Publish : 28 Mar 2025, 20:48",'Govt creating confusion over nat'l polls',bnp senior joint secretari ruhul kabir rizvi fridai accus interim govern creat confus nation elect contradictori statement similar oust autocrat ruler sheikh hasina attempt creat confus elect decemb june march statement time similar sheikh hasina statement saidm unb report rizvi comment distribut eid gift rickshaw van puller auto rickshaw driver behalf bnp act chairman tariqu rahman parti nayapaltan central offic call govern assur nation elect announc specif deadlin poll contradictori statement bnp leader criticis claim movement hold nation elect movement carri sheikh hasina ensur free fair elect countri battlefield cling power rizvi current interim govern form massiv movement sacrific bloodsh interim govern directli elect peopl rizvi enjoi support public parti involv anti fascist movement urg interim govern step elimin confus surround elect maintain public confid rizvi lament worker 122 garment factori receiv wage worker 150 garment factori receiv festiv bonus govern respons ensur payment worker salari bonus demand arrang delai govern act intermediari employ worker respons matter li govern worker hungri receiv salari eid famili enjoi festiv spirit philanthrop duti govern address bnp leader rizvi mention 17 rickshaw puller lose live juli august movement famili endur extrem hardship famili di anti fascism movement leave suffer hunger govern respons famili ensur child receiv proper educ famili elig employ provid job,politics,https://en.ittefaq.com.bd//en.ittefaq.com.bd/11276/govt-creating-confusion-over-nat-l-polls,89,8,0.7684820251462279,Weather
"Publish : 27 Mar 2025, 23:44",BNP backs restoration of caretaker govt,elector system reform commiss recommend month caretak govern system overse nation elect local govern elect tenur bnp agre reform propos reinstat caretak govern system overse upcom nation elect parti insist maintain previou 90 dai tenur 120 dai period propos elector system reform commiss unb report caretak govern system except measur context bangladesh realiti constitut provis design enabl run elect repres public regard prefer caretak govern 90 dai period past parti respons reform recommend elector system reform commiss recent submiss nation consensu commiss bnp main respons caretak govern ensur conduct fair credibl nation elect role limit arrang nation parliamentari elect elect hold 90 dai tenur elector system reform commiss recommend month caretak govern system overse nation elect local govern elect tenur nation consensu commiss lead chief advis prof muhammad yunu februari 15 2025 aim build consensu reform recommend forward reform commiss commiss identifi kei recommend report reform commiss constitut reform commiss public administr reform commiss elector system reform commiss judiciari reform commiss acc reform commiss solicit opinion polit parti subsequ consensu commiss spreadsheet 166 recommend 38 polit parti request specif opinion reform propos march 23 bnp submit opinion nation consensu commiss kei recommend reform commiss provid simpl respons parti view separ column recommend 27 reform recommend relat elector system bnp partial agre 8 9 remain recommend parti disagre state constitution signific decid elect parliament elector reform commiss recommend propos caretak govern grant author reform law rule reshuffl administr routin function ensur fair imparti credibl elect bnp strongli oppos recommend argu pertain constitut matter administr reshuffl routin duti caretak govern scope govern undertak respons routin function elect period elector reform commiss suggest establish perman nation constitut council finalis appoint head caretak govern head caretak govern appoint addit 20 advis recommend bnp issu pertain constitut reform involv fundament chang parti argu elect nation parliament power amend constitut 3 major vote decis matter matter hold local govern elect nation elect poll time govern bnp primari respons caretak interim govern conduct nation elect local govern elect nation parliament dissolv essenti hold parliamentari elect 90 dai scope hold local govern elect nation parliament elect caretak govern parti bnp oppos propos establish perman independ author delimit constitu state constitu delimit kei constitut respons elect commiss creat separ author task lead dual author administr complex undesir commiss propos establish perman nation constitut council ncc appoint constitut bodi includ elect commiss bnp reject argu format council appear contradict constitut commiss propos elect commission fail perform duti violat oath parliamentari committe investig recommend action presid respons bnp argu elect commiss independ constitut bodi account parliamentari committe caution action undermin independ commiss propos includ regist polit parti inform act 2009 bnp agre principl propos bnp oppos propos amend intern crime tribun rpo prevent accus crime human particip parliamentari elect qualif disqualif candid nation parliamentari elect outlin constitut rpo parti note attempt disqualifi accus atroc includ kill countless student woman child requir constitut amend recommend limit prime minist tenur maximum term bnp highlight 31 reform propos includ commit amend constitut impos maximum consecut term suggest disqualifi time elect prime minist presid parti state matter constitut reform reform commiss propos person hold posit parti chief prime minist leader hous simultan bnp disagre argu leader major parti parliament natur assum role leader hous prime minist essenti account parliamentari polit decis discret parti concern bnp opin recommend establish 100 seat upper hous parliament parti issu incorpor 31 agendum agre establish upper hous essenti determin procedur system seat jurisdict issu elect parliament parti parti agre suggest pick deputi speaker opposit parti system elect parliament recommend form low hous 400 repres elect direct vote bnp issu consid elect parliament proper assess,politics,https://en.ittefaq.com.bd//en.ittefaq.com.bd/11267/bnp-backs-restoration-of-caretaker-govt,90,8,0.9996193419956246,Weather
"Publish : 26 Mar 2025, 17:11",BNP seeks clear roadmap to polls,voic frustrat chief advis professor muhammad yunu address nation bnp secretari mirza fakhrul islam alamgir wednesdai express disappoint interim govern head roadmap nation elect disappoint chief advis mention elect roadmap speech yesterdai tuesdai speak report pai homag bnp founder ziaur rahman grave unb report fakhrul parti leader worker wreath zia grave pai tribut occas independ dai announc elect decemb june vagu statement vagu decemb june month roadmap bnp leader reiter parti consist call roadmap prompt elect warn crisi creat resolv fakhrul parti talk elect power bnp advoc elect nation protect nation protect independ sovereignti establish elect parliament govern fakhrul hope interim govern quickli carri minimum reform elect subsequ announc elect schedul fakhrul bnp stand committe mirza abba lead thousand leader activist zia grave pai homag parti founder proclaim liber war place wreath offer fateha prai salvat zia depart soul early dai parti leader activist lead bnp stand committe mirza abba lay wreath nation memori savar pai tribut brave martyr liber war fakhrul express disappoint speech chief advis dr muhammad yunu mention martyr presid ziaur rahman brave freedom fighter declar independ histori bnp histori distort awami leagu alter bnp leader soon democrat elect govern establish countri peopl desir soon countri resolv,politics,https://en.ittefaq.com.bd//en.ittefaq.com.bd/11244/bnp-seeks-clear-roadmap-to-polls,91,8,0.9988732869852417,Weather
"Publish : 25 Mar 2025, 20:02","CA vows to hold most free, fair polls in Bangladesh's history",chief advis professor muhammad yunu tuesdai interim govern commit hold free fair accept elect countri histori poll free fair accept histori bangladesh address nation even convei occas independ dai holi eid ul fitr report bss elect commiss ec start take prepar chief advis hope polit parti begin prepar enthusiasm join poll speech broadcast live run bangladesh televis btv bangladesh betar reiter poll hold decemb june prof yunu nation consensu commiss start letter 38 polit parti 166 recommend report reform commiss constitut early interim govern govern start talk polit parti reform polit parti respond posit reform express opinion polit parti provid opinion reform propos ad matter happi nation polit parti give opinion favour reform mention take opinion polit parti consensu commiss underwai prof yunu aim commiss identifi issu polit parti agre prepar list juli charter prepar basi issu polit parti agre ad respons entir process nation transpar organis elect complet process onset speech chief advis recal deep respect heroic martyr liber war ev independ dai march 25 dai massacr remain stigmatis histori human civilis night 1971 pakistani occup forc brutal fire innoc unarm sleep bangale kill thousand peopl march 25 peopl countri rais arm resist bangladesh independ month war sacrific thousand martyr lakh oppress woman month bloodi war birth independ land call bangladesh world map prof yunu salut hero liber war ad behalf entir nation salut hundr martyr injur juli 2024 upris stand discrimin exploit tortur oppress utilis opportun juli mass upris aim fulfil dream build discrimin free bangladesh chief advis chief advis speak starlink founder world top billionair spacex tesla owner elon musk phone urg start starlink oper bangladesh starlink repres take prepar commenc oper bangladesh underwai finalis commerci agreement month ad claim low cost speed internet starlink bring revolut digit world bangladesh prof yunu starlink servic launch villag island remot mountain countri umbrella ultra speed internet servic starlink launch govern futur scope peopl inform lock shut internet servic world class educ healthcar particip citizen econom sector ensur region bangladesh chief advis matter gener live remote countri opportun build world citizen entrepreneurship prof yunu govern formul youth entrepreneurship polici 2025 goal empow woman main driver social econom environment progress polici creat success entrepreneur mean achiev sustain develop goal sdg ad contribut entrepreneur social econom sphere recognis mention unit nation secretari antonio guterr visit rohingya camp cox bazar dai ago chief advis iftar lakh rohingya live camp agre propos assembli prepar organis separ session rohingya crisi septemb malaysia finland forward jointli host confer addit invit act australian prime minist juli bishop plai kei role meet accept propos prof yunu chief hold separ meet nation consensu commiss polit leader youth visit bangladesh meet tell secretari dream build bangladesh recent report offic unit nation commission human right releas detail report investig repress kill carri sheikh hasina govern awami leagu student worker public bangladesh juli august state awami leagu cohort involv plan sever human right violat chief advis report reveal 1 400 peopl kill juli protest 13 percent child frontlin protest juli daughter attack secur forc awami leagu support sexual abus welcom report prof yunu interim govern recommend assur involv mass kill kill peopl indiscrimin recognis world murder soil countri assert,politics,https://en.ittefaq.com.bd//en.ittefaq.com.bd/11237/ca-vows-to-hold-most-free-fair-polls-in,92,8,0.89346018036444,Weather
"Publish : 24 Mar 2025, 22:32",Tarique smells plot to pit army against people,bnp act chairman tariqu rahman mondai voic grave concern unfold polit situat countri alleg conspiraci afoot tarnish armi imag peopl instig wit attempt armi controversi pit peopl virtual address iftar programm unb report light bnp leader call patriot citizen countri thwart conspiraci cost unit effort bnp medium cell organis iftar ladi club citi eskaton honour journalist print electron onlin outlet dai ago effort pit reform elect attempt posit militari peopl understand plot attempt tariqu resist plot patriot citizen countri remain vigil unit tackl plot cost bnp leader call journalist plai crucial role regard help nation overcom crisi sure thwart plot journalist respect posit accur inform issu creat confus bnp leader quarter continu conspiraci countri independ sovereignti sure resist restor democraci safeguard peopl democrat right ensur econom freedom bring stabil countri bnp leader countri institut destroi 15 fascist rule alongsid polit leader activist peopl walk life sacrif live endur oppress repress past 15 aim achiev posit chang call provid support peopl bangladesh regard polit parti assist tariqu reform discuss issu bnp reform outlin nation time 2017 tariqu peopl countri sacrif live juli august mass upris oust dictat establish democraci right singl platform martyr mass upris sacrific mean remain vigil plai respect role posit bnp leader peopl countri expect establish democrat right chang countri hope return stabil bangladesh speak programm bnp secretari mirza fakhrul islam alamgir conspiraci initi cleverli plot aim destabilis bangladesh plung countri danger institut bangladesh crucial safeguard countri independ sovereignti militari controversi object conspiraci similar bangladesh independ threaten past effort endang countri independ sovereignti vulner malici attempt underwai tarnish reput patriot militari stand nation critic moment fakhrul journalist stand conscienc nation provid peopl accur inform time crisi expect continu plai vital role express hope entir nation remain unit thwart plot destabilis countri,politics,https://en.ittefaq.com.bd//en.ittefaq.com.bd/11224/tarique-smells-plot-to-pit-army-against-people,93,8,0.9992206334455477,Weather
"Publish : 22 Mar 2025, 14:25",BNP urges interim govt to maintain neutrality,state altern preserv anti fascist nation uniti bnp saturdai urg interim govern uphold level imparti quarter undu polit gain speak press confer bnp chairperson gulshan offic parti secretari mirza fakhrul islam alamgir natur armi cooper elect past unb report exist anti fascist nation uniti main drive forc countri peopl nation move forward keep uniti intact altern bnp leader practice uniti polit cultur countri step destroi crack anti fascist nation uniti mass uniti interim govern maintain degre neutral vigil ey ensur agendum quarter gain polit benefit govern action plan fakhrul observ kei prioriti establish discriminatori social system line aspir martyr 16 anti fascist democrat movement juli mass upris uphold nation uniti fascism reform effort focus establish robust democrat polit govern base broad nation consensu expect nation bnp leader continu bloodi anti fascist movement struggl 16 peopl bangladesh free fascism unpreced student lead mass upris juli august 2024 line aspir mass upris peopl countri eagerli await realis dream strong democrat base equal human digniti social justic free discrimin bnp leader role militari armi cooper elect natur time confid armi,politics,https://en.ittefaq.com.bd//en.ittefaq.com.bd/11186/bnp-urges-interim-govt-to-maintain-neutrality,94,8,0.9987377288197908,Weather
"Publish : 20 Mar 2025, 22:18",'December cut-off time for next polls',bnp senior leader amir khosru mahmud chowdhuri thursdai countri track elect hold decemb cut time parliamentari poll assum scope delai elect decemb consid decemb late decemb wide regard cut time consensu elect hold decemb path unb report bnp leader remark brief report outcom meet european union eu ambassador michael miller bnp secretari mirza fakhrul islam alamgir hour meet hold bnp chairperson gulshan offic cover ring topic relat bangladesh upcom elect reform bilater issu khosru bnp stand committe restor democraci bangladesh vital fight 17 return ownership peopl restor elect depth discuss polit econom situat bangladesh bilater matter khosru discuss bangladesh upcom elect ongo reform initi restor democrat process bnp leader eu eager assist bangladesh strengthen elector process institut reform inform ambassador reform issu consensu forward issu agreement constitut elector matter polit parti peopl upcom elect discuss debat argument parliament decis khosru domest internation focus elect democrat return countri govern countri democrat restor administr support polic forc stand elect govern support peopl bnp leader elect govern benefit foreign partner prefer engag elect administr resolv govern support peopl parliament account peopl establish issu difficult resolv polit issu discuss import discuss state export bangladesh eu bnp leader mention discuss futur approach eu respons question khosru parti submit view kei reform recommend nation consensu commiss sundai,politics,https://en.ittefaq.com.bd//en.ittefaq.com.bd/11169/december-cut-off-time-for-next-polls,95,8,0.9989775954154747,Weather
"Publish : 20 Mar 2025, 20:18",Khaleda Zia likely to return home in mid-April,bangladesh nationalist parti bnp chairperson begum khaleda zia return home mid april uk bnp presid ma malek disclos inform newsman iftar mahfil organ noakhali nationalist forum uk wednesdai even local time london prai recoveri khaleda zia bss report madam physician prepar treat issu flight flight time dai madam readi home tariqu rahman return countri couldn time bnp act chairman return bangladesh return home dai madam khaleda zia leav london leader time london citi bnp advis abul hossain jasim chair function attend uk bnp senior vice presid abul kalam azad senior joint secretari parvez mallick jatiyatabadi lawyer forum uk secretari barrist hamidul haqu afendi liton zia parishad uk chapter presid professor dr saiful alam chowdhuri special guest,politics,https://en.ittefaq.com.bd//en.ittefaq.com.bd/11167/khaleda-zia-likely-to-return-home-in-mid-april,96,10,0.9750501568999211,International
"Publish : 19 Mar 2025, 18:50",CA directs authorities to prepare for peaceful polls,chief advis professor muhammad yunu wednesdai direct author concern step prepar hold peac elect countri dr yunu direct meet home affair advis jahangir alam chowdhuri offici concern unb report early march 17 chief advis special meet field level polic offic polic offic discuss challeng advantag duti wednesdai meet focus find solut issu rais field level polic dr yunu outlin measur improv condit polic offic grassroot level kei direct includ review risk allow lift current ceil procur vehicl includ 364 pickup 140 prison van polic disburs fund complet ongo polic infrastructur project 70 complet provid fund acquir land replac rend build 65 polic station explor free loan inspector si assist inspector asi purchas motorcycl chief advis emphasis classifi district polic base perform effort direct improv perform low perform unit,politics,https://en.ittefaq.com.bd//en.ittefaq.com.bd/11152/ca-directs-authorities-to-prepare-for-peaceful,97,5,0.4022644955437982,Crime
"Publish : 18 Mar 2025, 17:54",HC stays EC notice on new party reg,court hc tuesdai stai activ public notif issu elect commiss ec registr polit parti hc bench justic md akram hossain chowdhuri justic km rasheduzzaman raja pass hear petit unb report issu rule govern explain public notif seek applic registr polit parti light section 90 kha represent peopl thwart recommend elect system reform commiss issu march 10 declar unlaw chief elect commission secretari ec elect system reform commiss respond rule return week advoc abeda gulrukh stand petition suprem court lawyer hasnat kaiyum file writ petit mondai march 10 elect commiss invit applic polit parti april 20 regist ahead nation elect polit parti regist elect commiss line articl 90a represent peopl 1972 represent peopl rpo polit parti regist commiss fulfil condit mention section 90 kha section 90 kha condit registr district upazila level offic activ central offic includ central committe establish district offic administr district offic 100 upazila metropolitan polic station minimum enrol 200 voter law advoc hasnat kaiyum committe polit parti 100 upazila 22 district registr 20 upazila hill district reason resid hill regist polit parti condit ad represent peopl rpo 2011 autocrat govern elector reform commiss recommend registr polit parti 5 000 includ 5 percent upazila 10 percent district committe situat public notic hurriedli law writ petit file grind definit polit parti constitut spirit public notif,politics,https://en.ittefaq.com.bd//en.ittefaq.com.bd/11138/hc-stays-ec-notice-on-new-party-reg,98,10,0.6390608619153885,International
"Publish : 17 Mar 2025, 15:07",EC seeks OIC support to facilitate expats' voting,elect commiss seek assist oic countri ensur vote expatri bangladeshi upcom nation elect expect oic countri cooper vote bangladeshi live countri elect commission brig gen retd abul fazal md sanaulla meet envoi oic countri dhaka unb report mission head 10 oic countri station dhaka meet hold nirbachon bhaban capit chief elect commission amm nasir uddin elect commission ec secretari md sanaullah head mission oic countri invit meet seri view exchang develop partner countri organis have inform current activ democrat transit activ undertake focus upcom nation elect expect cooper vote expatri bangladeshi live countri elect commission foreign diplomat share experi oversea vote ambassador express will extend cooper send observ nation elect welcom meet ec discuss prepar futur action plan cooper formal present md sanaullah ec creat democrat elect commiss set democrat instanc futur orient action plan do walk past anymor move forward creat democrat repli question sanaullah proxi system respond question elect commission shortlist system postal onlin proxi ballot system ensur vote expatri postal ballot ineffect discuss hold foreign diplomat onlin method regard egyptian ambassador experi start stop onlin vote pakistani repres initi experi posit launch onlin trial level proxi ballot system elect commission system oper franc belgium netherland proxi system oper india soldier person physic challeng vote person bangladesh land asset sell person power attornei expatri vote scale option proxi vote remain option introduc pilot level introduc scale md sanaullah talk report malaysian commission bangladesh mohd shuhada othman bangladesh expatri live malaysia malaysia support reform includ elector reform undertake bangladesh govern malaysia share experi oversea worker free fair credibl elect envoi repres algeria brunei darussalam egypt indonesia kuwait malaysia morocco pakistan unit arab emir meet,politics,https://en.ittefaq.com.bd//en.ittefaq.com.bd/11121/ec-seeks-oic-support-to-facilitate-expats-voting,99,8,0.8994567800988402,Weather
"Publish : 16 Mar 2025, 21:35",Fakhrul urges quick nat’l polls to restore stability,reaffirm parti commit carri reform bnp secretari mirza fakhrul islam alamgir sundai urg interim govern arrang nation elect promptli restor stabil resist resurg fascist forc behalf bnp commit reform 31 outlin reform ago rais issu tell iftar parti unb report dhaka union journalist duj bangladesh feder union journalist bfuj organis iftar jatiya press club premis bnp leader differ bnp 31 outlin reform propos forward polit parti commiss elect hold stabil countri maintain extent power hand elect govern fakhrul parti prioritis elect fascist forc effort rise parti entrust interim govern respons quickli move nation elect complet reform short time past experi observ elect delai anti bangladesh fascist forc rise defeat pro bangladesh forc harbour milit attitud advantag situat bnp leader warn nation emerg terribl demon environ creat fascist awami leagu govern patient page newspap upset incid kill attack rape grow alarmingli situat reach level deepli hurt fakhrul hand observ gener student increasingli intoler worker institut organis take street demand soon elect hold soon repres peopl parliament parliament run countri carri reform bnp leader,politics,https://en.ittefaq.com.bd//en.ittefaq.com.bd/11111/fakhrul-urges-quick-nat%E2%80%99l-polls-to-restore,100,8,0.9986654766203139,Weather
"Publish : 25 May 2025, 11:37",Mustafizur breaks Shakib’s record for most IPL wickets by a Bangladeshi,bangladesh pacer mustafizur rahman countri wicket taker indian premier leagu ipl surpass shakib al hasan stand record delhi capit match punjab king fridai night fizz pick 3 wicket 33 run over sawai mansingh stadium jaipur take ipl wicket talli 65 60 in unb report shakib plai 70 ipl in season 63 wicket leave arm pacer match 62 wicket draw level shakib dismiss punjab open prabhsimran singh catch tristan stubb 16th mustafizur shashank singh catch stubb break record ad talli final remov marco jansen stubb complet catch stump narrowli miss 4 wicket top edg marcu stoini land safe due misjudg attempt fielder mustafizur spell standout score game punjab post 206 8 delhi capit chase target ball wicket spare mustafizur join delhi late tournament plai match finish wicket cutter master expect join bangladesh team pakistan match t20i seri,sports,https://en.ittefaq.com.bd//en.ittefaq.com.bd/12045/mustafizur-breaks-shakib%E2%80%99s-record-for-most-ipl,101,1,0.9977966567492565,Politics
"Publish : 19 May 2025, 16:15",Bangladesh eye series sweep against UAE in 2nd T20I,seal 27 run win t20i bangladesh host unit arab emir final match seri mondai aim clean sweep encount fridai parvez hossain emon star blister 53 ball centuri t20i hundr bangladeshi bangladesh post command total 191 7 unb report leave hander six set nation record t20i in bangladeshi fightback uae captain muhammad waseem middl batter asif khan visitor bowl unit hold nerv mustafizur rahman tanzim hasan sakib hasan mahmud mahedi hasan chip crucial wicket restrict uae 164 seri line mondai bangladesh opportun player maintain momentum ahead pakistan tour expect confirm mustafizur rahman match depart india join delhi capit ipl match schedul start 9 00pm bangladesh time,sports,https://en.ittefaq.com.bd//en.ittefaq.com.bd/11977/bangladesh-eye-series-sweep-against-uae-in-2nd,102,1,0.8421986770795408,Politics
"Publish : 18 May 2025, 15:11",Mustafiz to leave for IPL after first T20I vs UAE,bangladesh pacer mustafizur rahman set join delhi capit remaind ipl 2025 plai t20i uae sharjah fridai bangladesh cricket board bcb early grant mustafizur appeal particip ipl 18 24 unb report nation duti match fulfil leave arm pacer miss final t20i seri 19 travel india join ipl franchis mustafizur bring delhi capit replac australian batter jake fraser mcgurk leave tournament temporarili suspend due rise conflict india pakistan ipl resum weekend delhi match gujarat titan sundai 18 mustafizur stint delhi previous repres 2022 2023 season take wicket total australian pacer mitchel starc confirm return remaind ipl season mustafizur delhi oversea leave arm pace option delhi crucial stage match remain tabl 13 11 game strong contend playoff spot win remain match secur knockout stage result plai match ipl mustafaizur expect join bangladesh team pakistan tour t20i match final decis tour proce rest bangladesh govern due secur concern pakistan,sports,https://en.ittefaq.com.bd//en.ittefaq.com.bd/11960/mustafiz-to-leave-for-ipl-after-first-t20i-vs-uae,103,1,0.9982972818900873,Politics
"Publish : 18 May 2025, 10:40",Titleholder Kolkata eliminated as IPL returns with a damp squib,indian premier leagu anticip restart delai dai royal challeng bengaluru kolkata knight rider game wash saturdai team receiv wasnt defend champion kolkata elimin top content game remain unb report bengaluru climb atop tabl secur knockout ipl suspend week fridai due militari showdown india pakistan pakistan super leagu resum saturdai ipl final origin schedul 25 move june 3 saturdai game mark emot return plai arena india virat kohli announc test retir mondai fan arriv wear white jersei honor ac batter plai 123 test india finish short 10 000 test run kohli 505 run ipl 4 stand chanc bat home incess rain bengaluru fridai even royal challeng remain round robin game sunris hyderabad 23 lucknow super giant 27 kolkata game elimin hyderabad 25 sundai doublehead featur rajasthan royal host punjab king jaipur delhi capit take gujarat titan delhi rajasthan knockout content aliv,sports,https://en.ittefaq.com.bd//en.ittefaq.com.bd/11953/titleholder-kolkata-eliminated-as-ipl-returns-with,104,1,0.9980432234128304,Politics
"Publish : 15 May 2025, 23:19",Bangladesh clears Pakistan tour,bangladesh cricket board bcb receiv govern approv proce nation team match t20i seri pakistan schedul commenc month farqu ahm presid board confirm develop medium unb report decis period uncertainti due recent tension india pakistan previous lead postpon indian premier leagu ipl pakistan super leagu psl bcb presid govern green light board await offici letter final tour import ensur safeti comfort player coach staff definit decis pakistan cricket board pcb propos revis itinerari seri set begin 27 faisalabad conclud june 5 lahor adjust accommod resumpt psl slate restart 17 govern approv bangladeshi player express reserv travel pakistan cite secur concern bcb compel player particip engag discuss squad address apprehens,sports,https://en.ittefaq.com.bd//en.ittefaq.com.bd/11932/bangladesh-clears-pakistan-tour,105,1,0.9978419775754083,Politics
"Publish : 15 May 2025, 16:38",Record prize for ICC World Test Championship final,icc announc record break prize pool upcom icc world test championship wtc final 2023 25 contest south africa australia june 11 lord cricket grind london total prize monei stand massiv usd 5 76 million doubl amount previou edit unb report champion receiv usd 3 6 million increas usd 1 6 million award 2021 2023 runner home usd 2 16 million usd 800 000 icc releas detail promot campaign mark 30 dai countdown final star stud video featur current player temba bavuma kagiso rabada steve smith travi head cricket legend shaun pollock shoaib akhtar matthew hayden ravi shastri south africa finish top wtc tabl secur final seri win pakistan west indi bangladesh sri lanka draw home seri india australia book strong campaign includ 3 1 border gavaskar trophi victori india 3 0 home sweep pakistan seri win zealand sri lanka icc chair jai shah final celebr test cricket edit showcas remark perform culmin final outstand team lord fit venu prestigi clash south african captain temba bavuma call match golden opportun understand import test cricket chanc win icc titl histor venu anticip increas month bavuma australian skipper pat cummin echo sentiment honour defend wtc titl lord reflect hard involv past cummin win team icc world test championship final australia south africa receiv usd 3 6 million prize test match runner enjoi signific paydai earn usd 2 16 million effort india finish wtc stand award usd 1 44 million zealand 4 set home usd 1 2 million england receiv usd 960 000 campaign sri lanka finish 6 earn usd 840 000 bangladesh follow payout usd 720 000 finish 7 tabl west indi 8 due collect usd 600 000 pakistan cycl 9 receiv usd 480 000,sports,https://en.ittefaq.com.bd//en.ittefaq.com.bd/11928/record-prize-for-icc-world-test-championship-final,106,1,0.6984431395109676,Politics
"Publish : 14 May 2025, 15:28",Pakistan T20 cricket league set to resume after ceasefire,pakistan super leagu set resum weekend ceasefir pakistan india psl pick leave 6 team 0 fear pakistan cricket board chairman mohsin naqvi post tuesdai unb report aura unit celebr spirit cricket post readi 8 thrill match start 17th lead grand final 25th luck team pakistan india agre truce saturdai talk defus militari confront decad pakistan base twenty20 leagu suspend thursdai indian drone fall rawalpindi cricket stadium due host game featur foreign player australia england south africa west indi zealand afghanistan organ propos move tournament dubai decid postpon foreign player reluct particip tournament due secur concern 43 foreign cricket compet psl team fly pakistan airbas rawalpindi foreign player return pakistan remain game plai rawalpindi lahor pcb rawalpindi host remain leagu match 17 19 lahor host playoff 21 includ final gaddafi stadium 25 quetta gladiat qualifi playoff lead stand 13 karachi king islamabad unit lahor qalandar peshawar zalmi run fill remain playoff spot multan sultan lead mohammad rizwan playoff race lose leagu game mondai world lucr t20 leagu indian premier leagu announc resumpt tournament ipl run saturdai june 3,sports,https://en.ittefaq.com.bd//en.ittefaq.com.bd/11913/pakistan-t20-cricket-league-set-to-resume-after,107,1,0.9984368144852863,Politics
"Publish : 12 May 2025, 13:39",Virat Kohli bids farewell to Test cricket,virat kohli offici retir test cricket close signific chapter indian cricket histori 14 kohli plai 123 test 68 captain accumul 9 230 run averag 46 85 14 wear baggi blue test cricket honestli imagin journei format test shape teach lesson ill carri life kohli share statement social medium mondai morn unb report deepli person plai white quiet grind dai moment stai forev step format easi feel iv couldv hope im walk heart gratitud game peopl share field singl person feel ill test career smile espncricinfo report saturdai kohli inform bcci decis ahead upcom test seri england begin june 20 discuss bcci offici past month retir kohli recent form format mirror standard set early career centuri perth test novemb 2024 previou come juli 2023 west indi averag peak 55 10 career 254 south africa 2019 drop 32 56 past dip team manag selector reportedli keen kohli experi england tour india enter seri leadership shubman gill succe rohit sharma retir test cricket early week kohli departur mark major shift indian test team ashwin step intern cricket veteran cheteshwar pujara ajinkya rahan frame moham shami regain form post injuri kl rahul ravindra jadeja jasprit bumrah remain ti era india reach consecut world test championship final kohli captainci,sports,https://en.ittefaq.com.bd//en.ittefaq.com.bd/11881/virat-kohli-bids-farewell-to-test-cricket,108,1,0.8129779016420886,Politics
"Publish : 10 May 2025, 16:13","India tour of Bangladesh, Asia Cup in doubt after IPL halt",indian premier leagu hold cross border militari escal india pakistan suspens ipl 2025 trigger wide disrupt south asian cricket calendar india schedul tour bangladesh particip asia cup highli indian medium unb report indian premier leagu hold cross border militari escal india pakistan includ missil strike air raid alert northern indian citi suspens thursdai night match punjab king delhi capit dharamsala abandon mid in player reportedli shake event evacu delhi special train air travel suspend time india india cricket author august septemb window origin earmark asia cup india tour bangladesh complet remaind ipl india set tour england test seri june offici fear run calendar space tension continu ipl resum soon expect time india report bcci revisit decis asia cup bangladesh tour nation post lucknow super giant social medium hint mood indian cricket,sports,https://en.ittefaq.com.bd//en.ittefaq.com.bd/11852/india-tour-of-bangladesh-asia-cup-in-doubt-after,109,1,0.9570834060851089,Politics
"Publish : 09 May 2025, 14:17",IPL suspended for a week,escal conflict india pakistan directli impact indian premier leagu ipl thursdai 8 pakistan carri drone attack jammu pathankot region result match punjab king delhi capit dharamshala stadium locat border halt midwai 17th edit ipl suspend week confirm board control cricket india bcci offici indian new agenc pti state nation war plai cricket stand nation countri safeti player cricket nation match stop midwai thursdai match dharamshala stadium stop 10 over 1 ball floodlight stadium shut umpir player quickli leave field shortli ipl chairman arun dhumal announc match cancel secur reason spectat leav stadium cheerlead share terrifi experi foreign cheerlead share terrifi experi video quickli spread social medium field incid light middl record stadium dark begin video cheerlead hear middl game entir stadium evacu terrifi experi scream bomb come frighten think chill,sports,https://en.ittefaq.com.bd//en.ittefaq.com.bd/11839/ipl-suspended-indefinitely,110,1,0.7518385949988505,Politics
"Publish : 01 May 2025, 18:27",Lord's to host 2026 Women's T20 WC final,lord host final woman t20 world cup 2026 venu expand 12 team competit includ trafford headinglei edgbaston hampshir bowl oval bristol counti grind unb report quot ap woman t20 world cup team compet knockout stage begin june 12 final juli 5 countri secur includ host england australia india zealand pakistan south africa sri lanka west indi remain spot decid world cup qualifi zealand beat south africa 2024 final lord hold match 1814 previous host 50 woman world cup final england india 2017 sell woman cricket world cup final lord 2017 remain landmark rise woman game fit stage intern cricket council chair jai shah thursdai excit promis thrill t20 action captiv fan serv showcas cricket return olymp stage lo angel 2028,sports,https://en.ittefaq.com.bd//en.ittefaq.com.bd/11719/lord-s-to-host-2026-women-s-t20-wc-final,111,1,0.9978419775754083,Politics
"Publish : 27 Apr 2025, 10:05",Barcelona edges Real Madrid in extra time to win Copa del Rey final,barcelona launch bid trebl edg real madrid 3 2 thrill copa del reus final jule koundé score extra time winner saturdai koundé pounc pass luka modric fire low corner thibaut courtoi net 116th minut decid unb report barcelona carri momentum record extend 32nd copa del reus titl wednesdai start champion leagu semifin seri inter milan lead la liga madrid pedri gonzález dictat game barcelona midfield score ring 28th minut lead la cartuja stadium madrid ralli half goal kylian mbappé come bench halftim score free kick 70th midfield aurélien tchouaméni header 77th 2 1 ferran torr level 84th forc extra time barcelona beat madrid clasico season includ 5 2 rout spanish super cup final januari win 4 0 madrid leagu octob physic demand game team torr fill perfectli injur robert lewandowski loss fierc rival blow madrid knock champion leagu quarterfin arsen titl decid carlo ancelotti charg italian coach decid futur summer amid specul bind brazil ancelotti futur continu stop topic come week ancelotti stint madrid appear come hansi flick ad superb season barcelona german coach invigor player spend xavi hernández help player lamin yamal pau cubarsí continu grow star team unbeliev perform flick huge win copa final confid king felip vi award trophi barcelona captain ronald araujo marc andr ter stegen monarch return spain attend funer pope franci trophi piec repeat trebl barcelona win pep guardiola 2009 lui enriqu 2015 red rudig bench madrid antonio rudig show red card refere final moment appar throw wice refere shout aggress jude bellingham luca vázquez show red card protest barcelona domin half big rivalri global soccer tale halv torr score late equal flow plai renew barcelona prospect barcelona domin half ball control pressur defens quick recov ball semblanc madrid attack bellingham spin marker bellingham pass intercept cubarsí cu barcelona open pedri lob forward yamal break flank 17 phenom sport dy blond hairdo thread pass top box pedri arriv blast home mbappé spark madrid fightback mbappé start game bench injur ankl week ancelotti striker halftim replac rodrygo modric playmak arda guler help madrid click game contest team creat score chanc wojciech szczesni protect barcelona lead save deni viníciu júnior mbappé goalkeep stop mbapp earn foul fire free kick low insid post tchouaméni rise head corner kick guler curl edg yard box barcelona finish tell ronald araujo doesn matter score goal doesn matter score goal hang yamal assist perform yamal ball defens courtoi mistim run intercept leav torr net tie raphinha penalti final minut injuri time contact raúl asencio refere dai final denounc campaign discredit real madrid offici club televis waiv initi decis consult video player exhaust extra time game appear destin finish penalti shootout koundé hero catalan club,sports,https://en.ittefaq.com.bd//en.ittefaq.com.bd/11656/barcelona-edges-real-madrid-in-extra-time-to-win,112,4,0.5949734352005499,Economy
"Publish : 22 Apr 2025, 14:42","Mominul, Shanto lead Bangladesh after washout session",session dai test bangladesh zimbabw wash due rain mominul haqu najmul hossain shanto guid host lead tuesdai in team zimbabw maintain 82 run in lead unb report bangladesh lose wicket in shadman islam fall prei bless muzarabani bangladesh dai 57 mahmudul hasan joi unbeaten overnight manag run dai fall wicket muzarabani fall open mominul shanto pair guid bangladesh 25 over bangladesh 105 early zimbabw 273 in mehidi hasan miraz nahid rana bangladesh post 191 in win toss mominul score fifti host batter fail capitalis final test seri plai chattogram april 28,sports,https://en.ittefaq.com.bd//en.ittefaq.com.bd/11593/mominul-shanto-lead-bangladesh-after-washout,113,1,0.9971733474754119,Politics
"Publish : 19 Apr 2025, 21:16",Bangladesh qualify for ICC Women's WC 2025,bangladesh qualifi icc woman cricket world cup2025 virtu net run rate lose host pakistan wicket qualifi round match lahor citi cricket associ grind saturdai team qualifi round match host pakistan smartli reach team final round icc woman cricket world cup 2025 champion win record secur ten match net run rate 1 074 unb report dai match west indi earn 3rd win 5th qualifi round match beat lowli thailand wicket 235 ball remain gaddafi stadium lahor saturdai even bat thailand 166 run 46 1 over west indi easili reach target score 168 run loss wicket 10 5 over miss world cup berth due run rate complet qualif round match saturdai bangladesh west indi secur match bangladesh qualifi woman world cup 2025 2nd team net run rate 0 639 west indi elimin meet net run rate 0 626 nation icc woman world cup2025 qualifi team direct qualifi team host india holder australia england zealand south africa sri lanka hold india septemb 29 octob 26 early bangladesh direct qualif icc woman world cup2025 hamper lose west indi wicket 3rd odi month st kit zealand earn direct qualif world cup virtu run rate ahead bangladesh dai match bangladesh bat win toss fold in 178 run 9 stipul 50 over dismiss top batter reliabl open fargana hoqu 0 open dilara akter 13 captain nigar sultana 1 21 run 6 4 over sharmin akter pair nahida akter contribut 44 run 4the wicket stand ritu moni guid bangladesh victori ireland saturdai contribut team 48 run 76 ball four fahima khatun unbeaten 44 run 53 ball four sharmin akter score 47 ball 24 run includ four nahida akter 19 run bangladesh sadia iqbal success pakistani bowler take wicket 28 run fatima sana daina baig wicket conced equal 45 run chase target 179 run pakistan easili reach target score 181 run loss wicket 62 ball remain 39 4 over featur half centuri open muneeba ali aliya riaz muneeba ali contribut match 69 run 93 ball hit boundari aliya riaz ad 52 run 65 ball four sidra amin 52 ball 33 run includ four rabeya khan marufa akter nahida akter grab pakistani wicket conced 25 27 36 run,sports,https://en.ittefaq.com.bd//en.ittefaq.com.bd/11561/bangladesh-qualify-for-icc-women-s-wc-2025,114,1,0.9992058857394681,Politics
"Publish : 17 Apr 2025, 20:30",Bangladesh’s World Cup berth delayed,final round berth bangladesh icc woman world cup 2025 delai conced wicket defeat west indi 4th qualifi round match icc woman world cup lahor citi cricket associ grind thursdai bangladesh direct qualif icc woman world cup hamper lose west indi wicket 3rd odi month st kit zealand earn direct qualif world cup virtu run rate ahead bangladesh unb report dai maiden defeat bangladesh woman team domin tabl secur match comfort net run rate 1 033 host pakistan bangladesh secur straight match net run rate 0 857 dai match scotland west india woman world cup race secur match match spare net run rate 0 136 0 286 early bangladesh fly start crush thailand record 178 run beat ireland wicket hard fight 2nd match earn 34 run victori scotland 3rd match dai match bangladesh bat win toss score moder 227 run 9 stipul 50 over ipl umpir suddenli measur bat departur open sobhana mostari 6 16 run 4 2 over open fargana hoqu pair sharmin akter contribut 118 run 2nd wicket stand foundat bangladesh in remain batter nahida akter 25 rabeya khan 23 fail continu rhythm fold in 227 run 9 quota 50 over sharmin akter hammer team 67 run 79 deliveri hit 10 boundari open fargana hoqu score 78 ball 42 run featur four aallyah alleyn major damag bangladesh in grab wicket 39 run adjudg player match haylei matthew afi fletcher wicket relai west indi woman reach target score match winner 228 run loss wicket 46 over batter chinel henri team 51 run 48 ball hit four six marufa akter claim wicket 38 run ritu moni fahima khatun nahida akter rabeya khan jannatul ferdou wicket,sports,https://en.ittefaq.com.bd//en.ittefaq.com.bd/11536/bangladesh%E2%80%99s-world-cup-berth-delayed,115,1,0.9989141029180707,Politics
"Publish : 15 Apr 2025, 20:06",India to tour Bangladesh for white-ball series in Aug,bangladesh cricket board bcb tuesdai confirm itinerari india upcom white ball tour bangladesh august seri featur odi t20i unb report indian team schedul arriv dhaka august 13 odi seri kick august 17 sher bangla nation cricket stadium sbnc mirpur odi mirpur follow august 20 final odi schedul august 23 bir shrestha shahe flight lieuten motiur rahman cricket stadium zahur ahm chowdhuri stadium chattogram t20i seri begin august 26 chattogram move mirpur remain match august 29 31 time bangladesh host bilater t20i seri india home soil india set benchmark intern cricket format cricket love million countri enjoi contest bcb chief execut offic nizam uddin chowdhuri bangladesh india plai competit match recent confid hard fight entertain seri ad,sports,https://en.ittefaq.com.bd//en.ittefaq.com.bd/11501/india-to-tour-bangladesh-for-white-ball-series-in,116,1,0.9978639459487595,Politics
"Publish : 07 Apr 2025, 12:15",Nasir Hossain gets ICC clearance after 2yr ban,bangladesh cricket nasir hossain offici clear intern cricket council icc resum profession cricket career success complet ban breach icc anti corrupt code 33 round mainstai bangladesh middl suspend septemb 2023 month sentenc suspend find guilti corrupt relat violat stint foreign franchis leagu unb report mondai icc confirm nasir meet condit reinstat includ complet mandatori anti corrupt educ programm requir fulfil elig particip form offici cricket effect april 7 nasir wast time mark return dai reinstat rupganj tiger dhaka premier divis cricket leagu competit comeback 19 month profession game nasir plai bangladesh 2018 intern career 115 match format gain reput aggress strokeplai handi spin plai kei role bangladesh rise limit over cricket 2010 nasir comeback arriv time bangladesh cricket wit gener transit tamim iqbal mahmudullah riyad retir intern cricket mushfiuqr rahim goodby odi t20i,sports,https://en.ittefaq.com.bd//en.ittefaq.com.bd/11386/nasir-hossain-cleared-by-icc-to-resume-playing,117,1,0.9981631311331544,Politics
"Publish : 04 Apr 2025, 13:56",Bangladesh set for relentless cricket calendar thru early 2027,bangladesh nation cricket team set intens uninterrupt run intern fixtur current futur tour programm ftp outlin pack schedul march 2027 upcom match test seri zimbabw month sylhet chattogram begin bangladesh cricket board bcb offici call stop cricket phase unb report decemb 2025 januari 2026 nation team schedul plai month ftp period bare extend break 23 month bangladesh slate plai 16 bilater seri compris 18 test 32 odi 32 t20i format seri test odi t20i limit over contest bangladesh major t20 tournament asia cup septemb icc t20 world cup februari march 2026 pack calendar coincid phil simmon extend tenur head coach west indi cricket expect guid team 2027 odi world cup octob novemb fall current ftp window plan 2027 world cup mind coach simmon arriv april 8 will finalis roadmap bcb cricket oper chief nazmul abedeen local newspap nazmul ad board congest schedul burden opportun test rotat player concert effort exposur senior emerg player nation team select ramp match perform squad,sports,https://en.ittefaq.com.bd//en.ittefaq.com.bd/11347/bangladesh-set-for-relentless-cricket-calendar,118,1,0.9983888025754475,Politics
"Publish : 24 Mar 2025, 13:07",Tamim Iqbal hospitalised with chest pain,bangladesh captain tamim iqbal hospitalis suffer chest pain dhaka premier leagu dpl match bangladesh krira shikkha protishtan bksp grind savar mondai tamim lead mohammedan sport club toss shinepukur cricket club complain discomfort chest unb report initi treat grind nearbi hospit medic attent tariqul islam mohammedan offici confirm unb tamim admit kpj special hospit tamim medic care urg prai quick recoveri tamim condit initi consid airlift dhaka medic personnel advis transfer due stabil time shift kpj special hospit savar locat bksp complex respons sudden health scare bangladesh cricket board bcb postpon schedul board meet due begin 12pm,sports,https://en.ittefaq.com.bd//en.ittefaq.com.bd/11214/tamim-iqbal-hospitalised-with-chest-pain,119,1,0.4991372404574604,Politics
"Publish : 20 Mar 2025, 20:03","Japan, first team to qualify for 2026 FIFA World Cup",japan team secur qualif 2026 world cup defeat bahrain 2 0 saitama stadium thursdai half goal daichi kamada takefusa kubo ensur japan finish asia c top automat qualif spot unb report mark japan 8 consecut world cup appear join host unit canada mexico expand 48 team tournament early australia move close 7 world cup appear 5 1 victori indonesia sydnei match indonesia coach patrick kluivert indonesia kevin dik miss penalti 8th minut martin boyl capitalis penalti 10 minut socceroo lead nishan velupillai jackson irvin ad goal halftim lewi miller extend lead 4 0 hour game ol romeni score consol indonesia irvin net seal 5 1 win host top team team round asian qualifi advanc world cup 4 team compet stage spot,sports,https://en.ittefaq.com.bd//en.ittefaq.com.bd/11166/japan-first-team-to-qualify-for-2026-fifa-world,120,1,0.9974789934106513,Politics
"Publish : 19 Mar 2025, 17:23",Who will win Ballon d'Or in 2025,dai count close prestigi ballon award announc 2025 winner rave perform world player contest ballon titl hasn decai strand fear post messi ronaldo era name top 5 favourit titl entertain world footbal 2024 2025 season unb report raphinha barcelona spotlight flood raphinha join barcelona start manifest charismat talent skill score consist club charm beam bright 13 goal assist perform la liga plai surpass titl contend question barcelona prestigi club world raphinha clear doubt lead club victori dreamlik champion leagu raphinha score goal assist flashy hattrick bayern munich epic la liga raphinha flame 31 goal 21 assist barcelona domin la liga plai semi final copa del reus prepar comeback champion leagu reform manag hansi flick depend magic chanc brazilian creat foot kylian mbapp real madrid kylian mbapp start real madrid remark french star didn explod life undisput galactico lade real madrid spend month struggl score consist remind world easi imposs score 31 goal assist 5 season rest lack signatori creativ posit centr mid 2018 world cup winner declar reviv grip hat trick manchest citi month mbapp crave ballon titl countri confer award newli realiz comfort teammat club rush forward touch dream moham salah liverpool favour moham salah lead fast ballon golden ball rhythm fall liverpool crash champion leagu round 16 south lacklustr presenc psg contract liverpool summer stagger rediscov form score 34 goal 22 assist egyptian king kindl hope african ballon winner georg weah 1995 set perfect 2025 titl bestow judg intern club game front impot summer ahead moham salah hope ballon slim live contend leverag summer harri kane bayern munich harri kane 31 bayern munich frontrunn sensat give win intern trophi kane ideal 9 club coach armament polish skill lead attack cook quick counter attack bag 35 goal 11 assist club kane danger weak reluct stop close combat lewandowski goal count stand assist ballon voter demonstr winner goal player win trophi player match versatil harri kane radiat field ousman dembel pari saint germain pari saint germain homeboi ousman dembel shine bright career head perform ligu 1 champion leagu leav borussia dortmund barcelona face despis struggl demonstr potenti field french striker rebind mammoth middl season plai psg 31 goal assist carri torch club hope reach leagu conclus intern event season leav ballon author choic apprais contend base club perform player popular club root chanc grab honour ballon 2025 win fan hold breath cross finger sheer thrill watch close fight hero,sports,https://en.ittefaq.com.bd//en.ittefaq.com.bd/11151/who-will-win-ballon-d-or-in-2025,121,4,0.5622965476136865,Economy
"Publish : 17 Mar 2025, 14:03",Hamza Chowdhury arrives in Bangladesh,bangladeshi origin english premier leagu footbal hamza dewan chowdhuri includ 30 bangladesh preliminari squad afc asian cup 2025 qualifi arriv bangladesh mondai hamza accompani famili land sylhet osmani intern airport london bangladesh biman flight unb report expect move villag resid bahub upazilla habiganj dai spend dai villag resid hamza travel dhaka tuesdai wednesdai join bangladesh nation footbal team camp nation team fly kolkata thursdai morn march 20 en rout shillong afc asian cup qualifi match india march 25 hamza attend bangladesh team offici press confer team hotel dhaka wednesdai march 19 address press alongsid team coach captain squad bangladesh nation team includ hamza chowdhuri expect final practice session wednesdai afternoon even team offici photo session early bangladesh footbal team reach saudi arabian citi taif week ago undergo 12 dai intens train afc asian cup qualifi match india,sports,https://en.ittefaq.com.bd//en.ittefaq.com.bd/11119/hamza-chowdhury-arrives-in-bangladesh,122,1,0.6763372828832603,Politics
"Publish : 13 Mar 2025, 16:13",Teammates pay tribute as Mahmudullah retires,mahmudullah riyad retir intern cricket draw emot tribut time teammat reflect contribut bangladesh cricket captain mashraf bin mortaza lead mahmudullah career share heartfelt messag social medium recal journei mileston mahmudullah achiev unb report congratul intern career riyad mashraf write statist big team deepli commit mashraf reminisc mahmudullah icon centuri adelaid cardiff histor ton 2015 world cup bangladeshi tournament achiev bangladesh centurion world cup hope countri follow surpass record icc event centuri show step big stage gener learn tamim iqbal mahmudullah time teammat pillar bangladesh cricket inspir field cherish memori share dress contribut countri cricket wish dai ahead tamim write shakib al hasan echo similar sentiment call privileg plai alongsid mahmudullah lead field dedic resili love game countri nation indebt shakib write allah bless guid journei mushfiqur rahim close teammat mahmudullah express admir veteran round honor share field guidanc countless memori have incredibli proud have achiev nation mushfiqur mahmudullah departur mark era bangladesh cricket absenc deepli legaci countri depend perform continu inspir futur gener,sports,https://en.ittefaq.com.bd//en.ittefaq.com.bd/11070/teammates-pay-tribute-as-mahmudullah-retires,123,1,0.6562734626144533,Politics
"Publish : 09 Mar 2025, 23:55",India wins ICC Champions Trophy for 3rd time,india defeat zealand wicket icc champion trophi 2025 final aveng 2000 loss team win titl time sundai final dubai intern cricket stadium rohit sharma team beat kiwi wicket unb report zealand bat win toss score 251 run lose 7 wicket respons india chase target spare wicket hand india captain rohit sharma lay foundat team win score in 76 run open leadership plai kei role restrict zealand in prevent post total contribut award player match final addit sharma shreya iyer 48 axar patel 29 stabil middl lokesh rahul 34 complet chase hand mitchel bracewel take wicket 26 run 10 over includ maiden fail lead team victori,sports,https://en.ittefaq.com.bd//en.ittefaq.com.bd/11026/india-wins-icc-champions-trophy-for-3rd-time,124,1,0.9973517231092773,Politics
"Publish : 06 Mar 2025, 10:05",Bangladesh stalwart Mushfiqur Rahim retires from ODIs,bangladesh star batter mushfiqur rahim announc retir odi cricket announc retir social medium post wednesdai night announc retir odi format write alhamdulillah achiev limit global level step field countri 100 dedic honesti unb report hand wicketkeep batter plai odi 2006 zimbabw harar establish regular bangladesh setup repres bangladesh 274 odi bangladeshi format mushfiqur score 7795 run format 9 centuri 49 fifti 243 catch 56 stump mushfiqur recent perform averag plai role decis retir week challeng realis destini write social medium ad deepli famili friend fan plai cricket 19 mushfiqur retir t20i early septemb 2022 plai test cricket bangladesh continu plai domest circuit,sports,https://en.ittefaq.com.bd//en.ittefaq.com.bd/10982/bangladesh-stalwart-mushfiqur-rahim-retires-from,125,1,0.9974789934106519,Politics
"Publish : 26 Feb 2025, 18:37",Tigers slip in rankings,poor perform bangladeshi cricket ongo edit icc champion trophi reflect newli publish icc rank slip posit captain najmul hossain shanto score 77 zealand fall spot 27th odi bat rank unb report shanto endur tough run bat recent month poor form bangladesh premier leagu bpl drop fortun barish squad fail score champion trophi open india half centuri zealand provid relief prevent fall rank mushfiqur rahim mahmudullah riyad suffer notabl drop mushfiqur manag run champion trophi fall 42nd time top 40 februari 2014 mahmudullah score zealand miss india match due injuri slip 43rd posit note towhid hridoi climb 18 64th boost centuri india batter bright spot bangladesh disappoint campaign taskin ahm bowl bangladesh struggl climb 30th mehidi hasan miraz drop 31st india virat kohli move odi bat rank score centuri pakistan overtak zealand daryl mitchel shubman gill continu hold top spot sri lanka maheesh theekshana remain 1 odi bowler team miss champion trophi bangladesh exit tournament intensifi discuss team futur senior player pack schedul ahead includ seri zimbabw pakistan sri lanka india bangladesh solut recur bat struggl regain lose grind rank,sports,https://en.ittefaq.com.bd//en.ittefaq.com.bd/10890/tigers-slip-in-rankings,126,1,0.9986904625251747,Politics
"Publish : 23 Feb 2025, 10:11",Pakistan and India clash in cricket's fiercest rivalry,sport rivalri world india pakistan dubai sundai cricket contest amp 78 bitter arch rival nation heighten polit hostil patriot zeal hundr million peopl unb report cricket mad nation india pakistan compet game 50 format covet nation champion trophi tournament wednesdai pakistan nation team travel pakistan tournament india refus leverag strong influenc intern cricket council game global govern bodi indian cricket author offer formal statement refus plai pakistan offici suggest decis base secur concern india plai match includ pakistan neutral venu dubai unit arab emir game polit underton india pakistan cricket symbol nation ident clash grab attent billion fan sundai match time relat neighbor hit low animos stem countri disput kashmir restiv himalayan region fight war nuclear arm rival administ kashmir claim territori entireti compound territori disput heighten tension stem deadli 2008 mumbai attack india blame pakistani milit charg islamabad deni sport relat inevit ebb flow polit bilater cricket ti remain suspend 2008 nation team plai global event pair ensur contest indian team travel pakistan 2008 pakistan plai india 2023 world cup includ hostil crowd cricket stadium name prime minist narendra modi call cricket diplomaci occasion thaw relat hasnt modi hindu nationalist govern tough stanc resum friendly cricket ti pakistan senior minist indian team win plai countri dozen peopl india disput kashmir face polic complaint jail cheer pakistani team cricket strong currenc ey govern instig resend anger pakistan sharda ugra indian sport writer ugra fan countri eager watch nation plai contest hold hostag ugli polit ey hundr million game sheer viewership india pakistan match dwarf super bowl ugra call sport rivalri world bar plai 2023 india estim viewership cabl televis stream servic 400 million comparison super bowl averag 127 7 million platform organ expect similar sundai contest plai dubai intern cricket stadium guarante windfal ticket game sell minut billion dollar broadcast deal hammer medium countri cash pakistani indian tv new channel provid wall wall coverag recent week tv commerci countri patriot fervor poke fun local author privat compani countri announc set giant screen citi center insid shop mall fan fan clash hold sport event world india western citi mumbai cricket coach anil sawant plan watch game clubhous friend giant screen match 57 sawant student hone skill practice citi shivaji park grind favorit cricket ag mohammad ahm 27 account plan host friend home pakistan rawalpindi citi watch game screen plan serv special chicken biryani french fri soft drink menu ahm smile,sports,https://en.ittefaq.com.bd//en.ittefaq.com.bd/10842/pakistan-and-india-clash-in-cricket-s-fiercest,127,1,0.9023042128226849,Politics
"Publish : 09 Feb 2025, 20:58",Barishal's BPL victory celebration ends in chaos; 10 hurt,victori celebr fortun barish consecut bangladesh premier leagu bpl titl chao sundai gross mismanag inadequ secur arrang division headquart ruin suppos celebr peopl barish 10 peopl injur unb report event hold bell park citi mean celebr fortun barish triumph chattogram bpl final dhaka fridai night championship trophi arriv barish sundai afternoon accompani team thousand fan gather venu wit player trophi present schedul music concert celebr quickli unruli overwhelm crowd breach weak secur barrier surg stage team owner mizanur rahman appear 3 45pm sens grow tension player offici swiftli exit stage trophi move secur locat commot shoe chair hurl stage event bring abrupt halt eyewit attende blame poor secur arrang mismanag disrupt event organ local author declin comment incid,sports,https://en.ittefaq.com.bd//en.ittefaq.com.bd/10693/barishal-s-bpl-victory-celebration-ends-in-chaos,128,1,0.3546471423427962,Politics
"Publish : 07 Feb 2025, 11:23",Liverpool routs Tottenham 4-0 to set up English League Cup final against Newcastle,liverpool plai newcastl english leagu cup final rout tottenham 4 0 thursdai rampant perform overturn spur 1 0 lead leg semifin seal 4 1 aggreg victori arn slot team content unpreced quadrupl trophi season charg final lot plai liverpool forward codi gakpo score half anfield stai calm focu reach moham salah dominik szoboszlai virgil van dijk strike break side semifin leg liverpool plai newcastl final wemblei stadium march 16 chanc retain trophi win titl shape special debut season slot succeed jurgen klopp team top premier leagu round 16 champion leagu fa cup humbl defeat tottenham lead specul futur manag ang postecogl team languish 14th leagu win 13 game competit time postecogl spur fail shoot target game stat provid opta leagu cup lifelin australian chanc lift spur trophi win competit 2008 opportun tonight shy postecogl posit final pick pick player tottenham overwhelm liverpool team sweep comer term gakpo time finish foot level tie aggreg 34th minut liverpool complet control break salah fire penalti top corner 51st darwin nunez bring spur goalkeep antonin kinski box szoboszlai slick liverpool attack low finish 75th van dijk head liverpool 4 corner minut leagu cup prove klopp final piec silverwar trophi lade reign liverpool victori chelsea final merseysid club content quadrupl trophi slot team win multipl titl sit leagu normal reach final awar slot newcastl final mark chanc 70 wait major domest trophi trophi defunct inter citi fair cup 1969 recent domest titl fa cup 1955 buy saudi arabia sovereign wealth fund 2021 wait trophi drought 4 0 aggreg victori liverpool close titl rival arsen evid threat pose eddi how team final,sports,https://en.ittefaq.com.bd//en.ittefaq.com.bd/10661/liverpool-routs-tottenham-4-0-to-set-up-english,129,1,0.6948140421473848,Politics
"Publish : 06 Feb 2025, 23:35",Tamim to get formal BCB farewell at BPL final,cricket legend tamim iqbal arguabl batsman bangladesh produc offici farewel bangladesh cricket board bcb showpiec final bangladesh premier leagu bpl fridai tamim iqbal lead fortun baris gun 2nd consecut bpl titl plai mohammad mithun maiden finalist chittagong king titl decid match fridai even home bangladesh cricket sher bangla nation cricket stadium mirpur unb report tamim iqbal activ bangladesh nation squad champion trophi 2025 suddenli announc retir intern cricket januari 10 withdraw bcb central contract announc nation squad star cricket tamim iqbal retir intern cricket offici field bcb decid farewel field commemor crest function close ceremoni ensu bpl final early juli 2023 tamim suddenli announc retir intern cricket frustrat huge fan chang decis coupl dai request prime minist tamim iqbal debut intern cricket 2007 plai countri 2nd 387 match 448 in score 15 192 run format countri mushfiqur rahim includ 25 centuri 94 half centuri,sports,https://en.ittefaq.com.bd//en.ittefaq.com.bd/10659/tamim-to-get-formal-bcb-farewell-at-bpl-final,130,1,0.9982972818900874,Politics
"Publish : 06 Feb 2025, 15:13",Neymar returns to Santos after 12yrs,12 plai european giant short stint saudi arabia neymar return profession footbal brazil barcelona pari saint germain star bench start half boyhood club santo campeonato paulista match botafogo sp wednesdai estádio vila belmiro report unb santo lead 1 0 neymar enter game half equal match 1 1 draw love santo describ step pitch neymar post match name game player admit peak fit posit match month minut game im 100 percent will improv match ad neymar 33 wednesdai rejoin santo januari 31 month contract club hope extend 2026 world cup previous win titl santo includ 2011 copa libertador regard world player neymar leave santo barcelona 2013 record break 222 million 262 million transfer psg 2017 2023 move saudi club al hilal suffer acl injuri plai brazil world cup qualifi absenc al hilal win saudi leagu club omit squad half season manag jorg jesu plan specul neymar return santo gain momentum comeback contract al hilal reportedli lucr footbal due expir fifa club world cup juli,sports,https://en.ittefaq.com.bd//en.ittefaq.com.bd/10651/neymar-returns-to-santos-after-12yrs,131,1,0.8726331101681144,Politics
"Publish : 27 Jan 2025, 13:14",Taskin removes Shakib from BPL record book,fast bowler taskin ahm era shakib al hasan bangladesh premier leagu bpl record book claim wicket singl edit sher bangla nation cricket stadium sundai taskin durbar rajshahi captain past veteran allround game rangpur rider match win 2 run bss report taskin finish 2 25 wicket talli 24 plai 11 match lanki fast bowler equal shakib rid steven taylor trap rakibul hasan leg eclips shakib leave arm spinner shakib early hold record take 23 wicket 15 match dhaka dynamit 2018 2019 begin bpl taskin superb team rajshahi durbar struggl foot match taskin etch bpl record book claim 7 19 dhaka capit bowl figur bpl histori figur recogn t20 cricket bowler early claim wicket haul t20 cricket taskin enter club cricket 2018 19 season shakib creat record take wicket singl season taskin contend lanki fast bowler plai sylhet sixer time plea 22 wicket plai 12 match,sports,https://en.ittefaq.com.bd//en.ittefaq.com.bd/10528/taskin-removes-shakib-from-bpl-record-book,132,1,0.7889345671561308,Politics
"Publish : 26 Jan 2025, 09:53",No women's BPL this year,bangladesh cricket board bcb previous announc plan organ woman bpl particip team tournament initi schedul februari medium report rangpur rider fortun barish dhaka capit express own team reveal maximum salari woman cricket set 5 lakh taka plan includ foreign player team 17th board director meet hold saturdai offici announc woman bpl proce time bcb face signific critic organ man bpl decid rush organ woman tournament avoid complic meet bcb medium committe chairman iftekhar rahman mithu state decis rush decis prematur dash hope woman cricket forward particip bpl addit meet address kei decis relat ongo man bpl,sports,https://en.ittefaq.com.bd//en.ittefaq.com.bd/10510/no-women-s-bpl-this-year,133,1,0.997621853928865,Politics
"Publish : 17 Jan 2025, 21:17",BCB to launch BPL for women,bangladesh cricket board bcb announc woman bangladesh premier leagu bpl inaugur edit conclus ongo bpl nazmul abedeen fahim bcb director confirm decis press confer zahur ahm chowdhuri stadium chattogram fridai unb report think develop woman cricket organ bpl woman mind final decis hold woman bpl fahim ongo bpl februari 7th board final schedul woman bpl have speak franchis start assess woman t20 tournament impact sport hope push woman cricket level ad woman bpl limit foreign player financi challeng tournament plai foreign player fahim bcb primari focu establish tournament creat competit platform domest player goal successfulli organ tournament have limit team ensur competit remain strong fahim ad,sports,https://en.ittefaq.com.bd//en.ittefaq.com.bd/10423/bcb-to-launch-bpl-for-women,134,1,0.997773274920817,Politics
"Publish : 09 Jan 2025, 16:23",Tamim reaches 8000 runs as first Bangladeshi,captain bangladesh nation team captain fortun barish bangladesh premier leagu bpl tamim iqbal reach 8000 run t20 bangladeshi batter leave hand batter achiev mileston 8 000 run thursdai in 40 rangpur rider bpl match sylhet unb report take field thursdai tamim 7991 run format cricket tamim reach mileston 272nd match 271st in t20 cricket 8031 run averag 32 91 strike rate 121 27 includ centuri run tamim score bangladesh nation team score 1701 run bpl tamim time scorer 3500 run 600 run pakistan super leagu psl,sports,https://en.ittefaq.com.bd//en.ittefaq.com.bd/10324/tamim-reaches-8000-runs-as-first-bangladeshi,135,1,0.9968319289924208,Politics
"Publish : 30 Dec 2024, 16:22",Cricket fans clash in Mirpur for tickets,hundr fan clash front sher bangla nation cricket stadium mondai dai bangladesh premier leagu bpl bui ticket design branch privat bank histor bcb struggl ensur smooth flow bpl ticket past fail rerpot unb polic baton dispers crowd fan break main gate stadium reportedli bar car nation team cricket cricket insid car incid yesterdai fan demonstr ticket board provid offici inform ticket sale bcb issu press releas afternoon detail fan purchas ticket fan bui ticket onlin platform branch privat bank fan ticket mirpur branch anger onlin buyer ticket access offici websit www gobcbticket bd hard copi ticket sell design modhumoti bank plc branch sundai ticket 4 00 pm 6 00 pm mondai dai bpl sale continu 10 00 4 00 pm branch facilit sale includ locat mirpur motijheel uttara gulshan dhanmondi kamrangirchar vip road paltan fan advis visit branch close hour match event defend champion fortun barish take newcom durbar rajshahi,sports,https://en.ittefaq.com.bd//en.ittefaq.com.bd/10201/cricket-fans-clash-in-mirpur-for-tickets,136,4,0.613831250582533,Economy
"Publish : 29 Dec 2024, 17:39",How to get your BPL tickets,bangladesh cricket board bcb start sell ticket bangladesh premier leagu bpl demonstr hundr eager fan venu sher bangla nation cricket stadium sundai afternoon fan purchas ticket onlin person sale underwai sundai close venu report unb onlin buyer ticket access offici websit www gobcbticket bd hard copi ticket sell design modhumoti bank plc branch sundai ticket 4 00 pm 6 00 pm mondai dai bpl sale continu 10 00 4 00 pm branch facilit sale includ locat mirpur motijheel uttara gulshan dhanmondi kamrangir char vip road paltan fan advis visit branch close hour price ticket vari base seat categori premium seat grand stand low upper level cost bdt 2 000 ticket intern galleri north medium block intern loung south corpor block bdt 1 000 seat intern galleri south corpor block price bdt 800 club hous stand north south bdt 500 southern northern galleri ticket price bdt 300 afford ticket eastern galleri cost bdt 200 time bcb design wast zone 300 seat bdt 600 bpl kick match fortun barish defend champion newcom durbar rajshhai 1 30 pm mondai match dai dhaka capit rangpur rider 7 00 pm venu,sports,https://en.ittefaq.com.bd//en.ittefaq.com.bd/10191/how-to-get-your-bpl-tickets,137,4,0.5847928894744194,Economy
"Publish : 18 Dec 2024, 11:38",Bangladesh clinch T20I series vs West Indies,bangladesh deliv clinic perform ball defeat west indi 27 run t20i arno vale grind secur match seri game spare bangladesh t20i seri win west indi 2018 report unb disappoint 3 0 loss odi seri visitor bounc emphat short format bat bangladesh struggl gain momentum slow damp pitch captain litton da 3 10 depart stump akeal hosein bangladesh find troubl 8 1 top falter west indi disciplin bowl tanzid hasan 2 soumya sarkar 11 mehidi hasan miraz 26 fail capit start 72 6 14th bangladesh head underwhelm total watchful knock shamim hossain tide leave hander smash 35 17 ball includ four six lift bangladesh defend 129 7 20 over gudakesh moti wicket west indi chase modest target 130 west indi in shake pressur bangladesh disciplin bowl taskin ahm strike remov brandon king 8 andr fletcher 0 leav host reel 19 2 mahedi hasan rishad hossain combin decim middl nichola pooran 5 rovman powel 6 fall cheapli host hope rest roston chase fight 32 run knock 34 ball akeal hosein ad battl 31 31 tail effort vain wicket tumbl taskin return claim final scalp dismiss hosein wrap west indi in 102 18 3 over,sports,https://en.ittefaq.com.bd//en.ittefaq.com.bd/10063/bangladesh-clinch-t20i-series-vs-west-indies,138,1,0.9202031726375294,Politics
"Publish : 10 Dec 2024, 15:07",Morocco sets stage for 2030 World Cup with Spain and Portugal,decad unsuccess bid morocco final achiev cherish dream host footbal world cup 2030 spain portug north african countri hope boost intern imag economi fifa set formal ratifi trio candidaci wednesdai argentina uruguai paraguai host game mark centuri world cup stage south america bss report 40 morocco african nation 1987 bid world cup aim host 1994 edit rabat fail bid total includ 2026 2010 narrowli lose south africa host world cup contin uniqu opportun acceler nation econom growth creat job boost countri tourism fouzi lekjaa head morocco 2030 world cup committe speak cabinet meet chair king moham vi lekjaa emphasis transform potenti host world big sport event moroccan govern unveil ambiti plan modernis infrastructur host citi rabat casablanca fe tangy marrakesh agadir includ expand airport road transport network boost hotel commerci servic offici statement stadium host citi undergo renov statement addition 115 000 seat stadium casablanca cost 480 million euro 507 million kingdom bank art venu host final project leav last legaci futur gener moncef el yazghi research specialis sport polici footbal diplomaci morocco host world cup date groundbreak perform 1986 tournament mexico african arab nation reach knockout stage success spark idea footbal platform enhanc nation reput sociologist abderrahim bourquia infrastructur improv tournament offer econom benefit grant morocco global confid spectat world associ morocco sport posit valu project align morocco ambit cultiv strong ti continent recent kingdom increasingli seek deepen diplomaci african countri bolster return african union 2017 countri sign 44 partnership agreement african footbal feder morocco due stage africa cup nation afcon 2015 pull host tournament concern spread ebola amid outbreak west africa stage afcon begin decemb run januari 2026 host woman cup nation 2022 host club world cup occas event kei tool morocco achiev el yazghi describ footbal diplomaci develop domest footbal morocco joint bid spain portug madrid morocco posit conflict western sahara territori spanish coloni de facto control morocco claim sahrawi separatist polisario front conflict heart morocco diplomat woe neighbour algeria madrid diplomat shift 2022 undoubtedli pave joint world cup bid intern relat expert tajeddin el husseini 2030 world cup offer morocco global visibl opportun invest develop domest footbal man nation team enjoi histor success 2022 world cup qatar african arab nation reach semi final popul 38 million countri 90 000 regist player el yazghi address gap moroccan footbal feder partner ocp own phosphat produc financ train centr player hope unearth gener follow footstep current featur star pari saint germain defend achraf hakimi,sports,https://en.ittefaq.com.bd//en.ittefaq.com.bd/9959/morocco-sets-stage-for-2030-world-cup-with-spain,139,1,0.9992795074591673,Politics
"Publish : 04 Dec 2024, 11:43",Bangladesh secures historic 101-run win over WI,bangladesh 15 drought caribbean resound 101 run victori west indi wi test sabina park level match seri 1 1 bangladesh test win west indi 2009 leave arm spinner taijul islam batter jaker ali emerg star perform unb report taijul figur 5 50 4 in plai pivot role dismantl west indi fold 185 pursuit 287 run target taijul 15th wicket haul test caribbean soil decad support seamer hasan mahmud taskin ahm nahid rana collect claim wicket jaker ali quick 91 in provid bangladesh command lead resum 4 dai 193 5 jaker ad 62 team 75 run morn session strike helmet alzarri joseph dai jaker recov deliv counter attack knock six boundari effort push bangladesh 268 set challeng target west indi chase promisingli captain kraigg brathwait score 43 kavem hodg reach 55 taijul spin dismantl middl includ kei dismiss brathwait hodg home team final wicket fall 42 run bangladesh bowler capitalis uneven bounc offer sabina park pitch bangladesh win signific turnaround heavi defeat test stand captain mehidi hasan miraz credit bowl unit nahid in taskin hasan mahmud except taijul in phenomen mehdii west indi defeat bring persist bat weak fore promis start chase struggl disciplin bangladesh bowl bat consist hard brathwait victori bangladesh 4 test win 2024 equal test cricket prove grow confid condit contribut senior player player jaker rana team move white ball seri compris odi t20i,sports,https://en.ittefaq.com.bd//en.ittefaq.com.bd/9884/bangladesh-secures-historic-101-run-win-over-wi,140,1,0.9987673886412913,Politics
"Publish : 02 Dec 2024, 18:02",BCB announces ODI squad for WI series,bangladesh cricket board bcb announc squad match odi seri west indi wi seri kick decemb 8 allround mehidi hasan miraz lead team absenc regular captain najmul hossain shanto sidelin due groin injuri unb report mehidi debut odi captain stint test captain early seri batter towhid hridoi rule due similar groin issu bcb sport physician dr monzur hossain chowdhuri explain hridoi requir rest reassess week leave hander afif hossain dhrubo recal squad absenc odi appear decemb 2023 hand zakir hasan recent odi seri afghanistan exclud fast bowler nahid rana retain spot impress debut afghanistan month bangladesh squad west indi odi mehidi hasan miraz captain litton da wk tanzid hasan tamim soumya sarkar parvez hossain emon mahmudullah riyad jaker ali anik afif hossain dhrubo rishad hossain nasum ahm taskin ahm hasan mahmud shori islam tanzim hasan sakib nahid rana,sports,https://en.ittefaq.com.bd//en.ittefaq.com.bd/9863/odi-squad-for-west-indies-series-announced,141,1,0.5649247995213235,Politics
"Publish : 30 Nov 2024, 23:11","Bashundhara Kings, Dhaka Abahani make flying start",defend champion bashundhara king champion dhaka abahani start bashundhara king bangladesh premier leagu bpl footbal emphat win match saturdai venu dhaka surround bashundhara king season trebl winner deliv stun perform crush chittagong abahani limit 7 0 home venu bashundhara king arena saturdai even unb report franc booter jare khasa local forward rakib hossain score foysal ahm fathim brazilian footbal miguel damasceno mojibur rahman joni contribut goal apiec king domin half lead 4 0 match dhaka abahani defeat youngmen club 2 0 shahe barkat stadium gazipur forward enamul islam gazi break deadlock 71st minut put sky blue dhanmondi outfit ahead 1 0 forward jafar iqbal seal win score minut stoppag time 90 3 rahmatganj mf outclass forti fc 3 1 victori bir shreshtha matiur rahman stadium munshiganj saturdai afternoon oshi score rahmatganj 59th minut 1 0 taj doubl lead 67th minut 2 0 felix ad goal 69th minut 3 0 sm manjurur score consol goal forti sc 74th minut 3 1,sports,https://en.ittefaq.com.bd//en.ittefaq.com.bd/9847/bashundhara-kings-dhaka-abahani-make-flying-start,142,1,0.9977249902167123,Politics
"Publish : 26 Nov 2024, 11:44","Taskin registers six-for, but WI on brink of victory",west indi brink victori test bangladesh reduc visitor 109 7 stump 4 dai wicket hand bangladesh face tough task kemar roach jayden seal orchestr command bowl perform unb report bangladesh dai unusu decis declar in 269 9 leav deficit 181 run aggress approach aim creat opportun bowler gambl momentarili taskin ahm deliv career 6 64 bowl west indi 152 inspir bowl effort undon bangladesh fragil bat relentless pressur west indi attack roach strike bangladesh chase remov zakir hasan duck claim mominul haqu sharp return catch jayden seal ad woe dismiss mahmudul hasan joi taijul islam precis deliveri bangladesh top collaps leave reel 59 5 amid chao captain mehidi hasan miraz stage lone fightback score brisk 45 46 ball in featur bold stroke includ boundari scoreboard tick dismiss sharp catch stump joshua da silva seal effect bangladesh hope resurg litton da manag quick 22 fall shamar joseph counterattack early dai west indi start in cautious undon taskin fieri spell alick athanaz top score 42 kraigg brathwait contribut 23 taskin heroic support wicket mehidi west indi set daunt target 334 run west indi bowler sharp field miss chanc maintain stranglehold bangladesh roach finish dai 3 20 seal impress 3 31,sports,https://en.ittefaq.com.bd//en.ittefaq.com.bd/9795/taskin-registers-six-for-but-wi-on-brink-of,143,1,0.9984483736744498,Politics
"Publish : 24 Nov 2024, 23:07",BPL begins Friday,countri prestigi footbal meet 10 team bangladesh premier leagu bpl footbal begin fridai novemb 29 venu capit adjoin match hold venu dai unb report defend champion bashundhara king plai chittagong abahani limit 5 30 pm bashundhara king arena feder challeng cup runner dhaka mohammedan sc dhaka wander club 2 30 pm shahe barkat stadium gazipur brother union club encount bangladesh polic fc 2 30 pm bir shreshtha matiur rahman stadium munshiganj match hold dai saturdai dhaka abahani limit meet youngmen club fakirerpool 2 30 pm shahe barkat stadium gazipur rahmatganj mf forti fc 2 30 pm bir shreshtha matiur rahman stadium munshiganj round leagu plai fridai saturdai week schedul complet june 25 footbal season fridai nov 22 newli introduc match bangladesh 2 0 challeng cup footbal tournament 2024 25 bashundhara king clinch titl beat dhaka mohammedan sc 3 1 goal bangladesh footbal feder bff introduc bangladesh 2 0 challeng cup season curtain raiser footbal meet dedic juli august student upris previou independ cup feder cup footbal 10 team feder cup footbal begin decemb 3 format hold tuesdai week ceremoni draw upcom feder cup footbal tournament 2024 25 hold bff offic wednesdai put dhaka mohammedan sc dhaka abahani bpl feder cup champion bashundhara king feder cup runner dhaka mohamnedan dhaka abahani chattogram abahani feder cup footbal bashundhara king bangladesh polic fc forti fc brother union club dhaka wander club mohammedan sc dhaka abahani chattogran abahani rahmatganj mf fakirerpool youngmen club holder basundhara king plai brother union club bangladesh polic take forti fc dai match ten premier divis leagu club split initi particip phase feder cup footbal singl leagu basi venu dhaka mymensingh cumilla top team plai meet round qualif elimin franchaise cricket leagu,sports,https://en.ittefaq.com.bd//en.ittefaq.com.bd/9777/bpl-begins-friday-%C2%A0,144,1,0.9989468052200003,Politics
"Publish : 18 Nov 2024, 18:24",Imrul Kayes retires from Test and First-class cricket,bangladesh open imrul kay offici announc retir test cricket mondai class match alongsid test career imrul declar conclus class cricket journei bring emot close 17 profession career unb report dai imrul announc social medium difficult decis career novemb 16 offici test class cricket career challeng emot moment life journei imrul plai 39 test score centuri fifti express gratitud pride class debut 2006 imagin plai 39 test match bangladesh repres countri test fifti immens honor ad have contribut team bat keeper imrul test career featur mileston includ record break 312 run partnership tamim iqbal khulna test pakistan 2015 in 150 remain special memori proud contribut imrul mention unfulfil aspir absenc major trophi regret plai legend shakib al hasan tamim mashraf bin mortaza mushfiqur rahim mahmudullah riyad bhai couldn win signific trophi bangladesh win asia cup nidaha trophi career fulfil celebr win unforgett love support receiv fan night goosebump deepli cricket love countri imrul ad,sports,https://en.ittefaq.com.bd//en.ittefaq.com.bd/9699/imrul-kayes-retires-from-test-and-first-class,145,1,0.7089841798102189,Politics
"Publish : 11 Nov 2024, 13:03",Tigers set to face West Indies in 2-match Test series,bangladesh cricket board bcb name squad icc world test championship wtc match west indi itll bangladesh test seri west indi 2022 suffer clean sweep match seri unb report bangladesh bring leave arm pacer shori islam seri miss home seri south africa miss india seri test schedul begin novemb 22 sir vivian richard stadium antigua match novemb 30 sabina park jamaica tour begin 4 dai warm match novemb 15 19 coolidg cricket grind antigua test seri bangladesh plai limit over segment odu set decemb 8 warner park st kitt subsequ odi schedul decemb 10 decemb 12 venu odi seri tour conclud match t20i seri st vincent t20i slate decemb 15 decemb 17 decemb 19 take arno vale plai field kingstown bangladesh test squad najmul hossain shanto captain shadman islam mahmudul hasan joi zakir hasan mominul haqu showrab mahidul islam ankon litton kumer da wicketkeep jaker ali anik mehidi hasan miraz vice captain taijul islam shori islam taskin ahm hasan mahmud nahid rana hasan murad,sports,https://en.ittefaq.com.bd//en.ittefaq.com.bd/9598/tigers-set-to-face-west-indies-in-2-match-test,146,1,0.8444338006910225,Politics
"Publish : 10 Nov 2024, 09:58",Tigers beat Afghanistan by 68 runs in Sharjah,disciplin round perform hand bangladesh clinic 68 run win afghanistan 2nd odi sharjah saturdai bangladesh maiden win venu bangladesh win toss elect bat post challeng total 252 anchor compo 76 captain najmul hossain shanto unb report shanto face 119 ball strike boundari hold in wicket guid bangladesh solid platform 41st catch mohammad nabi nangeyalia kharot attempt acceler briefli stall bangladesh progress soumya sarkar contribut steadi 35 49 ball build momentum phase middl batter jaker ali provid late impetu brisk 37 27 deliveri strike bangladesh push 250 run mark jaker odi debut match afghanistan leave arm spinner nangeyalia kharot claim 3 28 effect disrupt bangladesh low middl chase target 253 afghanistan face setback lose rahmanullah gurbaz taskin ahm 4 open sediqullah atal promis 39 catch mehidi hasan miraz nasum ahm 16th leav afghanistan 70 afghanistan hope rest rahmat shah score 52 76 ball includ boundari shah run 30th mix gulbadin naib crucial blow derail afghanistan chase attempt rebuild leave arm spinner nasum ahm emerg standout take 3 28 8 3 over consist troubl afghanistan batter variat mehidi hasan miraz provid vital support 2 37 claim wicket mohammad nabi nangeyalia kharot mustafizur rahman shori islam contribut kei breakthrough ultim afghanistan in conclud 184 43 3 over fall short target final odi seri novemb 11 venu winner match seri seri,sports,https://en.ittefaq.com.bd//en.ittefaq.com.bd/9575/tigers-beat-afghanistan-by-68-runs-in-sharjah,147,1,0.8875065242228872,Politics
"Publish : 09 Nov 2024, 21:13",BFF announces Tk 1.5cr bonus for SAFF-wining women's team,bangladesh footbal feder bff announc reward taka 1 5 crore saff woman champion bangladesh footbal team execut committe meet bff offic motijheel saturdai bangladesh woman footbal team clinch prestigi saff woman crown 2nd consecut time dai bff election2024 shock host nepal 2 1 goal final hous dashrath rangasala stadium kathmandhu octob 30 report unb prize monei distribut player coach staff woman footbal team chairman newli form bff medium committe amirul islam babu disclos medium dai execut committe meet bff chair newli elect presid tabith awal early advis youth sport asif mahmud sajib bhuiyan hand chequ taka crore half ministri bangladesh woman footbal team earn rare honour win 2nd consecut saff woman titl bangladesh cricket board bff announc reward taka 20 lakh bangladesh woman footbal team feat dai ec meet chair newli elect bff presid tabith awal form 11 stand 14 adhoc committe smooth run footbal feder bff presid tabith awal chairman stand committe financ nation team emerg committe bff senior vice presid imrul hassan elect profession leagu manag committe chairman vice presid naser shahriar jahedi develop committe chairman vice presid sabbir ahm aref dhaka metropoli leagu committe chairman vice presid wahiduddin chowdhuri happi intern audit committe chairman amirul islam babu chairman medium committe,sports,https://en.ittefaq.com.bd//en.ittefaq.com.bd/9570/bff-announces-tk-1.5cr-bonus-for-saff-wining,148,1,0.8425774382588707,Politics
"Publish : 06 Nov 2024, 11:40",Team Squad and Signing Amounts,excit build bangladesh premier leagu bpl prepar 2025 season player draft 11 edit hold octob 14 2024 radisson blu water garden dhaka top talent strateg pick team squad take shape team gear tournament launch decemb 27 2024 cricket enthusiast eagerli await chanc favorit star action diva standout player draft set impact team dynam sign deal unb report payout system cricket categori experienc notabl reduct season categori athlet earn bdt 6 million decreas bdt 8 million categori salari trim bdt 1 million result total bdt 4 million categori player home bdt 2 5 million bdt 3 million contrast remuner categori remain constant bdt 2 million bdt 1 5 million bdt 1 million lead charg categori promin figur shakib al hasan mushfiqur rahim taskin ahm mustafizur rahman mahmudullah notabl rishad ascent categori categori signific categori featur total 12 player section home 12 player showcas talent mashraf bin mortaza tanzim sakib afif hossain jaker ali section compris 22 player includ esteem cricket imrul kay soumya sarkar mominul haqu taijul islam saifuddin categori collect includ 28 51 63 player season mark absenc comilla victorian durbar rajshahi step fill void dhaka team compet dhaka capit ownership film star shakib khan remarqu harlan join leagu rebrand chittagong king chattogram challeng busi standard 440 oversea player list select 20 elit player top categori earn usd 70 000 roughli bdt 8 3 million usd 1 bdt 119 56 remuner oversea player usd 80 000 2024 draft categori includ 38 player categori 66 categori featur 135 categori list 181 cricket pai structur categori outlin usd 50 000 bdt 5 9 million categori usd 30 000 approxim bdt 3 5 million categori usd 25 000 bdt 2 9 million categori usd 15 000 bdt 1 7 million categori tabl overview list bangladeshi oversea player bpl 2025 direct sign mustafizur rahman tanzid hasan tamim draft liton da habibur rahman sohan mukidul islam abu jai sabbir rahman musfik hasan munim shahriar shahadat hossain asif hasan rahmatullah direct sign johnson charl stephen eskinazi thisara perera amir hamza shahnawaz dahani draft saim ayub mir hamza farmanullah zahoor khan chaturanga de silva riaz hassan shubham ranjan direct sign shakib al hasan shori islam draft shamim hossain parvez hossain emon khale ahm naeem islam aliss islam mohammad mithun maruf mridha rahatul ferdou sheikh parvez jibon marshal ayub direct sign moeen ali angelo mathew usman khan mohammad wasim haider ali binura fernando draft graham clark tom oconnel khawaja nafai lahiru milantha zubaid akbari retain player tamim iqbal mushfiqur rahim direct sign towhid hridoi draft nazmul hossain shanto mahmudullah riad ripon mondol tanvir islam rishad hossain taijul islam ebadot hossain nayeem hasan shohidul islam ari islam pritom kumar direct sign mohammad nabi kyle mayer dawid malan faheem ashraf mohammad ali jahandad khan draft jame full pathum nissanka mohammad imran retain player nasum ahm afif hossain direct sign mehidi hasan miraz draft hasan mahmud naim sheikh imrul kay mahmudul hasan joi mahidul islam ankon abu hider roni mahfuzur rahman rabbi ziaur rahman rubel hossain direct sign oshan thoma draft mohammad nawaz mohammad hasnain lewi gregori retain player tanzim hasan sakib zakir hasan direct sign jaker ali anik draft mashraf bin mortaza roni talukd arafat sunni al amin hossain ruyel miah ari haqu nihaduzzaman nahidul islam direct sign paul stirl georg munsei draft samiullah shinwari rahkeem cornwal reec toplei retain player nurul hasan sohan mahedi hasan direct sign mohammad saifuddin draft nahid rana saif hassan soumya sarkar rakibul hasan irfan sukkur tawfiqu khan kamrul islam rabbi rejaur rahman raja direct sign khushdil shah allah ghazanfar alex hale saurabh netravalkar steven taylor draft iftikhar ahm akif jave curti campher sediqullah atal direct sign anamul haqu bijoi draft akbar ali taskin ahm jishan alam sunzamul islam sm meherob yasir ali hasan murad mohor sheikh sabbir hossain shafiul islam mizanur rahman zahiduzzaman asaduzzaman payel draft saad nasim lahiru samarakoon read bcb meet lose directorship resign accept dhaka capit bring mustafizur rahman tanzid hasan tamim contract valu bdt 6 million bdt 4 million chattogram king secur shakib al hasan shori islam bdt 6 million defend champion fortun barish retain tamim iqbal mushfiqur rahim ad towhid hridoi lineup earn bdt 6 million sylhet striker local favorit tanzim hasan sakib zakir hasan sign jaker ali directli tanzim jaker contract settl bdt 4 million zakir remuner set bdt 2 5 million khulna tiger nasum ahm afif hossain bring bdt 2 5 million bdt 4 million mehidi hasan miraz join team bdt 6 million champion rangpur rider retain nurul hasan sohan mahedi hasan bdt 4 million secur mohammad saifuddin bdt 2 5 million durbar rajshahi complet lineup enlist anamul haqu bijoi bdt 4 million bpl 2025 player draft significantli impact team squad player financi aspect local player salari drop bdt 6 million foreign player maximum earn set usd 50 000 leagu wit exit comilla victorian durbar rajshahi dhaka team rebrand dhaka capit ownership dhallywood superstar shakib khan draft featur 188 local player 440 oversea player vy spot tournament,sports,https://en.ittefaq.com.bd//en.ittefaq.com.bd/9522/team-squad-and-signing-amounts,149,9,0.999620718117093,Technology
"Publish : 02 Nov 2024, 16:57",CA accords reception to SAFF winning women footballers,chief advis professor muhammad yunu accord recept saff win bangladesh woman footbal team share dream daili struggl head govern footbal appris dream meet chief advis guest hous jamuna dhaka report bss prof yunu carefulli listen demand victori player promis address prioriti basi woman footbal hero defeat nepal 2 1 goal final match 7 saff woman championship kathmandu octob 30 congratul behalf nation achiev success nation grate peopl countri success bring success chief advis tell player remark captain sabina khatun thank prof yunu host honour join recept stage overcom lot barrier woman footbal team woman bangladesh struggl sabina start footbal career 2009 recal contribut previou gener courag take footbal passion sabina humbl background support famili salari support sabina prolif striker emot choke describ struggl teammat mare manda mare famou kalsindur villag mymensingh provid player saff win team lose father rais mother winger krishna rani sarkar rais issu accommod dhaka midfield manika chakma share difficulti face footbal laksmichhari remote upazila hilli khagrachhari district midfield shopna rani poor infrastructur nativ ranshonkail villag dinajpur district winger krishna request chief advis arrang friendli match asia prefer european champion leagu winner barcelona chief advis player write individu hope aspir struggl demand separ piec paper share offic hesit write fulfil demand address prof yunu advis asif mahmud supradip chakma bidhan roi nurjahan begum coach peter butler manag mahmuda akter attend function,sports,https://en.ittefaq.com.bd//en.ittefaq.com.bd/9470/ca-accords-reception-to-saff-winning-women,150,1,0.47255168004042863,Politics
"Publish : 25 May 2025, 11:59",Dissident Iranian filmmaker Panahi wins Cannes top prize,iranian dissid director jafar panahi win palm dor top prize cann film festiv saturdai accept speech urg countri unit freedom film 64 accid tell tale ordinari iranian confront believ tortur jail bss report core provoc wry drama examin moral dilemma face peopl opportun reveng oppressor panahi ban film 2010 imprison experi jail write screenplai set differ matter countri freedom countri tell vip stud audienc french riviera lead light iranian wave cinema movement vow return tehran cann festiv risk prosecut saturdai even worri fly home repli tomorrow leav iran shake woman life freedom protest 2022 spark death custodi 22 mahsa amini arrest allegedli flout dress rule woman demonstr quash crackdown thousand detain unit nation hundr shoot dead secur forc activist fairytal cann award brazil wagner moura plai pablo escobar narco pick actor award perform polic thriller secret agent director kleber mendonca filho win director prize even brazil franc nadia melliti continu fairytal fortnight cann clinch gong actress melliti appear film plai 17 muslim girl struggl homosexu hafsia herzi sister keen footbal player algerian descent spot cast agent shop mall central pari sentiment norwai joachim trier move famili drama 19 minut stand ovat thursdai pick prize grand prix sabotag saturdai close ceremoni final act drama fill dai cann glitzi seasid resort suffer hour power cut outag knock traffic light visitor local scrambl paper monei cash machin restaur unabl process card payment local offici suspect arson attack substat vandal electr pylon caus disrupt hair electr god im panic attack mahra lutfi miss univers uae tell afp prepar walk red carpet german director mascha schilinski joke difficulti write speech black accept special juri prize wide prais sound fall polit panahi win host prize european film festiv showcas debut film white balloon cann 1995 win award featur head cann 2025 juri french actress juliett binoch pay tribut accid film emerg resist surviv essenti bring top tell report iran irna new agenc hail panahi award iranian director world large film festiv histori iranian cinema report recal win 1997 abba kiarostami ban jail panahi refus stop film effort smuggl foreign distributor film festiv stuff legend hand 20 ban filmmak 2010 dispatch documentari cheeki titl film cann festiv flash drive stash cake im aliv im film im film matter tell afp week,entertainment,https://en.ittefaq.com.bd//en.ittefaq.com.bd/12046/dissident-iranian-filmmaker-panahi-wins-cannes-top,151,2,0.9992263802841352,Sports
"Publish : 24 May 2025, 20:55",Power outage hits Cannes Film Festival,major power outag strike southeastern franc saturdai disrupt traffic briefli halt event cann film festiv prestigi event prepar hand top prize 160 000 household alp maritim depart lose electr voltag line fall saturdai morn electr network oper rte outag hour fire electr substat cann overnight weaken grid unb report cann film festiv organ confirm outag affect activ saturdai palai de festiv croisett main venu switch independ power suppli schedul event screen includ close ceremoni proce plan normal condit statement stage outag identifi restor effort underwai ishaan khatter shift royal homebound honest screen cineum festiv satellit venu briefli suspend festiv ad traffic light cann surround citi antib stop 10 lead traffic jam confus citi center shop croisett remain close local food kiosk accept cash train servic cann disrupt author restor effort ongo urg resid remain cautiou travel,entertainment,https://en.ittefaq.com.bd//en.ittefaq.com.bd/12039/power-outage-hits-cannes-film-festival,152,7,0.44228653718707805,Education
"Publish : 24 May 2025, 00:07",Yes she Cannes,faith elizabeth founder organ cann proud impact role cann film festiv 2025 achiev build commun empow woman space lead confid thrive cann woman stori tell real impact film industri woman live world jwari fetch ari imag jw68348eb1024e0 launch movement 2018 cann big presenc 2025 event 2025 help creat opportun woman build mean last connect festiv measur offici event marché du film emplifi woman voic celebr success cann film festiv 2026 woman hub plan space woman underrepres voic relax connect learn jwari fetch ari imag jw68348eb102507 organis seek collabor sponsor panelist begin cann 2026,entertainment,https://en.ittefaq.com.bd//en.ittefaq.com.bd/12029/yes-she-cannes,153,2,0.9973178720240349,Sports
"Publish : 14 May 2025, 21:36",Rupankar returns with song by Mahmud Manjur,rupankar bagchi celebr vocalist west bengal enjoi immens popular bangladesh record hand song specif bangladeshi audienc address gap ajob record recent releas singl kemon acho tumi statement lyric write renown bangladeshi lyricist mahmud manjur pen al mahmud manjur melodi music arrang joi shahriar song emot lyric includ kemon acho tumi niyecho ki khonj kemon acho tumi bhabi aaj roj bishash hobe na jani bhalobasha noi eto sohoj eto je bhalobasha bashi sobtuku aaj hoy gechh nikhonj dai wouldn love isn simpl love share vanish speak releas mahmud manjur rupankar voic essenti figur bengali music song beautifulli creat time ago reach listen hope audienc touch song true success rupankar bagchi comment forward song bangladesh have past lyric tune arrang listen border enjoi notabl indian artist shubhomita palak muchhal silajit perform song write mahmud manjur past,entertainment,https://en.ittefaq.com.bd//en.ittefaq.com.bd/11918/rupankar-returns-with-song-by-mahmud-manjur,154,4,0.4593455497335422,Economy
"Publish : 14 May 2025, 14:35",Tom Cruise returns to Cannes with ‘Mission: Impossible — The Final Reckoning’,tom cruis return cann film festiv wednesdai debut top gun maverick time arriv mission imposs final reckon entri action pack franchis direct christoph mcquarri film promin hollywood blockbust featur cann intensifi attent cruis appear festiv 2022 cruis honor honorari palm dor surpris festiv goer dramat fighter jet flyover top gun premier 62 actor grand gestur recent rooftop appear british film institut london expect time final reckon premier tokyo week set releas north american theater 23,entertainment,https://en.ittefaq.com.bd//en.ittefaq.com.bd/11911/tom-cruise-returns-to-cannes-with-%E2%80%98mission,155,2,0.9965163481645936,Sports
"Publish : 11 May 2025, 23:30",Cannes prepares for 78th edition,cinema cross border power visibl cann film festiv begin tuesdai shadow presid donald trump propos tariff foreign film liken olymp cinema cann bring filmmak sale agent journalist world center covet palm award 22 film competit unb report creator screen dealmak negoti clock secur global distribut right unleash film arena brazilian director kleber mendonça filho return secret agent polit thriller set brazil dictatorship intens anticip roller coaster ride palai spotlight bright edit lineup major premier includ director spike lee we anderson ari aster parad list star jennif lawrenc denzel washington film industri grow increasingli global cann vital launchpad netflix continu absenc recent festiv yield oscar contend includ pictur winner anora polit frequent intersect cinema cann roster featur polit signific voic includ iranian dissid jafar panahi ukrainian director sergei loznitsa akinola davi jr father shadow nigerian film select main lineup diver path croisett director reflect journei cann south africa oliv hermanu competit histori sound mileston countri japan chie hayakawa premier renoir semi autobiograph featur express deep appreci motiv cann filmmak cinema inher intern hayakawa magic cann tariff threaten global stage trump announc potenti 100 tariff foreign film unsettl global industri administr confirm polici propos underscor fragil intern cultur landscap filho cann veteran remain skeptic recal brazil tumultu polit climat jair bolsonaro view tariff threat leader trump bolsonaro doesn add cann stake bear respons fascism censorship europ cann stand defend cinemat freedom remain career defin platform profil star includ kristen stewart scarlett johansson harri dickinson directori debut regard section hermanu reflect return call cann gladiat arena line tell intens matter,entertainment,https://en.ittefaq.com.bd//en.ittefaq.com.bd/11875/cannes-prepares-for-78th-edition,156,2,0.8474553257406849,Sports
"Publish : 10 May 2025, 11:20",Mustafa Zaman Abbasi passes away,mustafa zaman abbasi renown bangladeshi musicologist author pass hospit capit saturdai 87 abbasi suffer ag complic breath hospit banani morn famili sourc unb report surviv wife daughter host rel wisher abbasi son folk singer compo abba uddin ahm bear decemb 8 1936 eldest brother mustafa kamal chief justic bangladesh sister ferdousi rahman renown singer 2016 serv senior research scholar kazi nazrul islam abbasuddin research studi centr independ univers bangladesh award ekushei padak 1995 indigen fashion week santa fe celebr heritag silk hide modern design abbasi learn music indian classic musician includ ustad muhammad hussain khasru ustad gul mohammad khan publish fifti book includ book bhawaiya music staff notat 1 200 song book poem jalaluddin rumi niffari sultan bahu book includ abbasuddin ahm manush shilpi kazi nazrul islam poet puribo ekaki anchor televis programm includ amar thikana bhora nadeer bank,entertainment,https://en.ittefaq.com.bd//en.ittefaq.com.bd/11847/mustafa-zaman-abbasi-passes-away,157,4,0.36896361610529366,Economy
"Publish : 08 May 2025, 10:39",Disney to build its 7th theme park in UAE,disnei build 7 theme park unit arab emir entertain compani wednesdai waterfront resort build you island outskirt abu dhabi citi home formula abu dhabi grand prix ferrari warner bro amus park seaworld waterpark unb report quot ap disnei miral abu dhabi develop overse project hope capit 120 million airlin passeng travel abu dhabi dubai view button beach raucou nightlif neighbor dubai abu dhabi home louvr abu dhabi museum construct theme park announc ahead visit presid donald trump region week trump promis seri busi deal saudi arabia qatar uae theme park build oper miral disnei handl design develop disnei licens intellectu properti provid develop manag servic regulatori file california compani provid capit project earn royalti base resort revenu earn servic fee miral involv develop entertain complex build island project date announc share disnei report quarter financi result wednesdai beat wall street expect jump 9 morn trade,entertainment,https://en.ittefaq.com.bd//en.ittefaq.com.bd/11819/disney-to-build-its-7th-theme-park-in-uae,158,5,0.8542711892138891,Crime
"Publish : 06 May 2025, 13:12",King Khan brings in modern Maharaja swag,final happen shah rukh khan offici enter meet gala univers trust didn shut mondai night bollywood etern heartthrob histori indian male actor grace fashion elit red carpet didn plai reign report gulf new punjabi pop star actor diljith dosanjh bring swag hit step metropolitan museum art costum institut srk fan moment nyc mandarin orient hotel cue royal wave air kiss king khan energi internet predict wild fashion gossip overlord diet sabya couldn resist share clip moment shah rukh emerg hotel black sabyasachi power suit suav meet sherwani swagger couldn extra whip tiger sceptr tiger sceptr modern maharaja real absolut pièc de résistanc bling necklac casual flaunt royal alia king khan add cascad gold chain voilà statement srk trust manag pooja dadlani serv legaci bite leo energi visual hit social fan meltdown mode cool gush dapper sigh understat design sabyasachi feel fantasi confirm collabor insta stori drop king khan king khan bengal tiger signatur bengal tiger logo subtl effect your wonder nail meet gala theme tailor black style answer tailor own cinemat climax desi powerhous kiara advani priyanka chopra isha ambani bring glam real shah rukh khan bring grandeur,entertainment,https://en.ittefaq.com.bd//en.ittefaq.com.bd/11790/king-khan-brings-in-modern-maharaja-swag,159,2,0.5734245969883527,Sports
"Publish : 06 May 2025, 11:46",Trump's film tariffs shock Hollywood,hollywood react mondai skeptic presid donald trump announc 100 tariff foreign film movi insid call polici fly presid fail understand industri make sens entertain lawyer jonathan handel trump idea report bangkok post handel explain afp product jame bond flick mission imposs franchis film abroad obviou creativ reason stunt tom cruis climb eiffel tower suppos shoot replica eiffel tower la vega handel nonsens write sundai platform truth social trump author depart commerc unit trade repres immedi begin process institut 100 tariff movi come countri produc foreign land trump ad movi america word plung movi industri uncertainti entertain compani stock price fall union struggl understand bombshel appli tv seri wonder polici enforc handel note movi involv intellectu properti bui movi ticket do bui movi bui piec cloth automobil tax cross border system devis impos tariff movi film levi harm industri lawyer ad result reduc product increas cost movi reduc movi movi theater streamer damag distribut busi handel argu confus union actor medium entertain worker await detail trump plan support goal increas product movi tv stream continu advoc polici strengthen competit posit acceler econom growth creat middl class job american worker guild sag aftra movi studio industri organis offici react mondai trump announc trigger crisi meet hollywood press outlet report publish skeptic comment insid speak condit anonym target confus distract showbiz new outlet deadlin quot top distribut execut hope encourag desper increas tax incent implement asap person ad incent offer countri britain canada ireland lure movi studio film countri trump idea divis widespread agreement movi industri dire strait histor strike actor writer shut 2023 hollywood struggl foot lo angel film dai hit record low 2024 exclud total shutdown 2020 covid pandem movi film grow countri offer incent tax rebat deadlin quot hollywood movi financi agre trump goal movi film rebat tariff tariff choke remain life busi quot hollywood fret trump announc white hous decis foreign film tariff administr explor option deliv presid trump direct safeguard countri nation econom secur hollywood white hous statement trump tell report mondai im hurt industri industri theyr financ countri seemingli conciliatori remark stop short walk film tariff announc trump criticis california governor gavin newsom push doubl tax credit grant movi industri film industri decim countri take incompet trump attack newsom he allow hollywood,entertainment,https://en.ittefaq.com.bd//en.ittefaq.com.bd/11787/trump-s-film-tariffs-shocks-hollywood,160,3,0.99935083603917,Entertainment
"Publish : 05 May 2025, 10:19",Trump threatens 100% tariff on foreign-made films,post truth social platform sundai night trump announc direct depart commerc trade repres impos 100 tariff movi produc unit american film industri dy rapidli trump claim accus countri lure filmmak gener incent argu intern competit pose nation secur threat call messag propaganda foreign govern unb report tariff implement remain unclear film product includ major blockbust upcom mission imposs final reckon typic shoot multipl countri includ incent program influenc movi shoot increasingli drive film product california countri favor tax incent canada unit kingdom tariff design lead consum american product movi theater american produc movi overwhelm domin domest marketplac china ramp domest movi product culmin anim blockbust ne zha 2 gross 2 billion sale mainland china north america earn 20 9 million motion pictur associ didn immedi respond messag sundai even mpa datum hollywood export domin cinema mpa american movi produc 22 6 billion export 15 3 billion trade surplu 2023 trump tariff label ago slap tax countri globe includ 145 tariff chine 10 baselin tariff countri levi threaten unilater impos tariff trump exert extraordinari influenc flow commerc creat polit risk pull market direct tariff auto steel aluminum import includ pharmaceut drug set subject tariff week ahead trump voic concern movi product move oversea shortli offic announc tap actor mel gibson jon voight sylvest stallon serv special ambassador hollywood bring big strong film televis product hamper recent setback covid 19 pandem hollywood guild strike 2023 recent wildfir lo angel product 26 compar 2021 datum prodpro track product annual survei execut prefer film locat find locat top hollywood report toronto vancouv central europ australia top california place 6 georgia 7 jersei 8 york 9 acut california lo angel product 5 6 2023 filmla 2020 peak pandem octob gov gavin newsom propos expand california film televis tax credit program 750 million annual 330 million,entertainment,https://en.ittefaq.com.bd//en.ittefaq.com.bd/11765/trump-threatens-100%25-tariff-on-foreign-made-films,161,3,0.741780448771591,Entertainment
"Publish : 02 May 2025, 23:37",GTA 6 set to launch in 2026,interact ttwo fridai push releas grand theft auto vi 26 2026 extend wait hotli anticip titl video game histori send share tumbl 8 trade titl develop rockstar game previous slate fall 2025 launch franchis crown jewel two portfolio account signific share revenu player engag expect upcom titl bake wall street forecast month geo new fan wait game decad analyst expect instant hit previou entri grand theft auto releas 2013 sell 200 million copi sell video game support rockstar game take addit time realis creativ vision grand theft auto vi promis groundbreak blockbust entertain experi ceo strauss zelnick delai commonplac modern game develop studio grappl rise product cost grow pressur player deliv polish experi launch postpon push gta vi two fiscal 2026 releas window 2027 bring book expect fiscal compani reiter expect sequenti increas net book fiscal 2026 2027 investor await detail report 4 quarter earn 15 delai titl line fiscal includ borderland 4 mafia countri expect launch reiter expect record level net book fy26 fy27 allevi potenti concern sale cannib fy26 da davidson analyst wyatt swanson rockstar game unveil trailer gta vi decemb 2023 confirm game return vice citi fiction miami introduc lucia franchis femal lead teaser hint modern dai bonni clyde duo draw 100 million view 24 hour respons delai mix social medium user complain wait welcom addit polish move impact wide industri gta vi expect major catalyst sector growth time tariff drive game consol price spark pullback consum spend,entertainment,https://en.ittefaq.com.bd//en.ittefaq.com.bd/11729/gta-6-set-to-launch-in-2026%C2%A0,162,3,0.9680876523277492,Entertainment
"Publish : 21 Apr 2025, 16:58",John Cena wins record-breaking 17th World Title,popular wrestl superstar hollywood actor john cena histori wwe wrestlemania 41 win 17th world titl surpass wrestl live legend ric flair legendari 16 titl record allegi stadium la vega unit sundai night dramat main event cena codi rhode match chaotic internation popular rapper travi scott interf allow cena capit distract secur controversi win low blow titl belt unb report night extravaganza broadcast live netflix attract 124 693 fan night allegi stadium enamor wrestl fan world includ bangladesh kei moment popular youtub wrestler logan paul shock world defeat popular wrestler world aj style irish superstar becki lynch return hiatu team fellow irish wrestler lyra valkyria captur wwe woman tag team titl dominik mysterio emerg intercontinent champion defeat bron breakker finn balor penta fatal match tna world champion joe hendri surpris appear replac injur kevin owen schedul match randi orton due owen neck injuri scottish superstar draw mcintyr triumph damien priest sin citi street fight woman tripl threat match iyo sky retain raw woman world championship bianca belair rhea riplei night wrestlemania 41 saturdai highlight seth rollin defeat cm punk roman reign tripl threat match aid shock betray paul heyman side rollin winner includ 2025 royal rumbl winner jei uso claim world heavyweight championship submit gunther tiffani stratton successfulli defend smackdown woman championship 2025 woman royal rumbl winner charlott flair major announc event wwe confirm acquisit mexican wrestl promot lucha libr aaa worldwid wwe chief content offic paul levesqu popularli wrestl world tripl reveal move mark chapter wwe intern growth wrestlemania flagship event wwe incept 1985 remain icon anticip occas profession wrestl draw global attent profil match unforgett moment,entertainment,https://en.ittefaq.com.bd//en.ittefaq.com.bd/11583/john-cena-wins-record-breaking-17th-world-title-%C2%A0,163,2,0.6780554674251278,Sports
"Publish : 14 Apr 2025, 20:03",Sony announces PS5 price hikes in some regions,japan soni hike price playstat 5 consol select market unit challeng global econom condit price ps5 digit edit disk drive rise 10 percent europ britain australia compani report bss quot afp mondai compani sundai blog post tough decis backdrop challeng econom environ includ inflat fluctuat exchang rate presid donald trump sweep tariff roil global market spark tit tat trade war china rais fear wide econom slowdown zealand custom ps5 digit edit price blog post price standard ps5 blu rai drive rise australia zealand ad compani price rise middl east africa region give detail recommend price ps5 disk drive decreas price tweak effect mondai soni ad cost chang price spec ps5 pro consol hit shelv novemb playstat 5 releas 2020 pro version integr improv game run fast graphic europ ps5 digit edit cost 499 99 euro 570 04 playstat britain price 429 99 pound 566 53,entertainment,https://en.ittefaq.com.bd//en.ittefaq.com.bd/11479/sony-announces-ps5-price-hikes-in-some-regions,164,3,0.9979869041900836,Entertainment
"Publish : 11 Apr 2025, 16:09",Cannes rolls out the Red Carpet,13th 24th 78th festiv de cann côte azur franc attract actor director produc film lover frem world cann develop film festiv global attract world star tom cruis action movi mission imposs competit palm berlin film festiv golden bear cann limelight talent film partir jour leav dai french director ameli bonin film competit talent germani mascha schilinski sound fall presid juri famou french actor julliett binoch climax honorari palm robert de niro lifelong achiev actor director produc heavi weight histori movi world taxi driver god father choic hear special world pull cann bring stori teller film maker fan friend come home,entertainment,https://en.ittefaq.com.bd//en.ittefaq.com.bd/11436/cannes-rolls-out-the-red-carpet,165,2,0.9971733474754124,Sports
"Publish : 11 Apr 2025, 11:44",Oscars to add stunt design award for its 100th ceremony,impass call oscar recogn art stunt film academi decid offici award achiev stunt design prize ad start 100th academi award recogn film releas 2027 film academi thursdai unb report dai cinema stunt design integr filmmak academi ceo bill kramer academi presid janet yang joint statement proud honor innov technic creativ artist congratul commit dedic reach moment occas film academi product technologi branch 100 stunt perform rank david leitch direct fall gui od stunt perform help lead charg prize leitch career stuntman star brad pitt transit stunt heavi film john wick stunt coordin design chri hara stunt unlimit present academi advoc addit award stunt essenti genr film root deep industri histori groundbreak pioneer buster keaton harold lloyd charli chaplin inspir artistri stunt design coordin perform choreograph leitch statement thursdai chri hara spend bring moment life stand shoulder stunt profession have fight tirelessli recognit decad incredibli grate stunt design design fall gui hara person credit film commun stunt design bring light hara tell press 2024 dai stunt gui cowboi creativ creat amaz product design costum design oscar pay tribut stunt commun video montag 2024 ceremoni 100 hollywood stunt chaplin keaton mission imposs matrix award ahead curv celebr stunt emmi honor stunt coordin stunt perform screen actor guild award recogn stunt ensembl televis film oscar recent ad prize achiev cast start film releas 2025 cast award remain unclear ad live oscar broadcast chad stahelski direct john wick stunt keanu reev tell ap thursdai idea give academi award stunt design awesom don wrong decid award 100 ago person design collabor effort stahelski ad stunt collabor complic depart determin have spend 100 award peopl,entertainment,https://en.ittefaq.com.bd//en.ittefaq.com.bd/11432/oscars-to-add-stunt-design-award-for-its-100th,166,3,0.6004747600469281,Entertainment
"Publish : 23 Mar 2025, 11:32","'It is my best film, but I made one mistake'",bollywood superstar aamir khan consid dangal fine perform career admit minor mistak 2016 sport drama aamir portrai mahavir singh phogat nitesh tiwari direct film reveal veteran actor amitabh bachchan notic flaw unb report difficult pick favorit film dangal act aamir red lorri film festiv 1988 film qayamat se qayamat tak screen shoot slip charact amitabh bachchan catch immedi scene stand outaamir recal amitabh feedback screen shoot charact scene question occur wrestl sequenc stand mahavir phogat waah shabash line charact english mumbai mistak slip edit aamir admit dangal remain bollywood celebr film record break filmbas real life stori wrestler mahavir singh phogat dangal journei train daughter geeta babita phogat plai fatima sana shaikh sanya malhotra geeta win gold medal 2010 commonwealth game film star zaira wasim suhani bhatnagar sakshi tanwar aparshakti khurana dangal gross indian film earn 2 000 crore worldwid,entertainment,https://en.ittefaq.com.bd//en.ittefaq.com.bd/11196/it-is-my-best-film-but-i-made-one-mistake,167,2,0.9972831443440366,Sports
"Publish : 22 Mar 2025, 11:40",Boxing legend George Foreman dies aged 76,box heavyweight champion georg foreman di fridai ag 76 famili announc social medium post foreman icon rumbl jungl match muhammad ali 1974 lose fight time heavyweight champion olymp gold medalist report deutshc good profound sorrow announc pass belov georg edward foreman sr peacefulli depart march 21 2025 surround love famili statement post foreman instagram page grate outpour love prayer kindli privaci honor extraordinari life bless call time heavyweight champion bear texa 1949 foreman box ag 16 win global acclaim olymp game mexico 1968 fight super heavyweight gold 19 subsequ pro win heavyweight titl reign champion joe frazier defend titl lose ali kinshasa zair democrat republ congo big oppon stand 6 foot 4 1 93 meter loss toll foreman eventu retir box ordain minist decad return ring start run eventu land heavyweight titl 1994 ag 45 holder titl life box legend final retir 1997 81 profession match foreman win 76 68 knockout foreman marri time father 10 child adopt georg edward son explan box career foreman remain household due lend georg foreman lean fat reduc grill machin portabl electr grill,entertainment,https://en.ittefaq.com.bd//en.ittefaq.com.bd/11185/boxing-legend-george-foreman-dies-aged-76,168,4,0.8077752019143837,Economy
"Publish : 20 Mar 2025, 23:12",‘Songs of Hawkers’ staged at BSA,comedi plai titl song hawker stage experiment theatr hall bangladesh shilpakala academi thursdai offer humor insight portray street hawker live organis allianc français de dhaka afd plai repris venu 3 30 pm fridai unb report direct french theatr artist zazi hayoun song hawker blend element danc music puppetri acrobat clown depict vibrant chaotic world bangladeshi hawker plai incorpor french theatric techniqu grand guignol 19th centuri form dramat storytel intern career hayoun focus captur essenc everydai life transform seemingli insignific detail compel narr product interweave stori secret thief reward competit highlight struggl humour resili street vendor cast includ imam hossain rana fazal suraiya mou creativ team lead hayoun writer director prajna rubayyat farjana akter serv assist music lead rahul ananda tune composit song dog eat dog world gopi debnath choreographi contribut farhad shamim durat hour song hawker pai tribut hawker add rhythm poetri urban life relentless chant daili hustl plai perform primarili bangla english dialogu offer free entri confirm email protect continu time fridai,entertainment,https://en.ittefaq.com.bd//en.ittefaq.com.bd/11170/%E2%80%98songs-of-hawkers%E2%80%99-staged-at-bsa,169,5,0.46709364236053513,Crime
"Publish : 17 Mar 2025, 20:23",Conan O’Brien to host 2026 Oscars again,conan brien set return host 98th academi award march 15 2026 film academi announc mondai reason host oscar hear adrien brodi finish speech brien statement unb report brien oscar host debut help achiev broadcast audienc 97th academi award air early month draw estim 19 7 million viewer abc event surg viewership audienc watch mobil devic laptop watch prime time entertain program 2025 conan uniqu comed style perfectli captur moment excit talent onstag helm indel perform craig erwich presid disnei televis brien reunit product team includ execut produc raj kapoor kati mullan produc jeff ross mike sweenei academi ceo bill kramer presid janet yang prais joint statement produc huge entertain visual stun celebr nomine global film commun beauti impact conan perfect host skillfulli guid even humor warmth rever 2025 oscar perform strongli social medium surpass engag metric grammi award super bowl mark time ceremoni stream live hulu platform experienc technic issu announc host product team unusu academi abc come month ceremoni,entertainment,https://en.ittefaq.com.bd//en.ittefaq.com.bd/11125/conan-o%E2%80%99brien-to-host-2026-oscars-again,170,2,0.4640611342744835,Sports
"Publish : 09 Mar 2025, 13:36",Next James Bond should be British: Pierce Brosnan,actor pierc brosnan jame bond british interview sundai telegraph bond decis franchis stand produc hand creativ control amazon bbc report take courag brosnan irish hope amazon handl charact digniti imagin respect choic daniel craig successor decis amazon mgm studio jame norton aaron taylor johnson theo jame english bookmak favourit fill craig shoe bond plai british actor past australian georg lazenbi irishman brosnan 007 american name moot role california bear austin butler british name suggest includ irish star paul mescal cillian murphi aidan turner australian jacob elordi american clint eastwood reportedli role hollywood legend previous claim approach sean conneri 1967 didnt feel author ian fleme novel bond scottish father swiss mother deal announc month bond produc barbara broccoli michael wilson remain owner franchis amazon mgm studio gain creativ control brosnan 71 tell telegraph histori pass im proud histori legaci bond movi barbara michael getti imag brosnan pose camera wimbledon grei hair grei beardgetti imag brosnan 71 interview telegraph launch art project featur draw bond announc timescal film film franchis time die 2021 craig time take blockbust movi gap time die film break record period bond releas brosnan star bond film 1995 goldeney 2002 die dai,entertainment,https://en.ittefaq.com.bd//en.ittefaq.com.bd/11017/next-james-bond-should-be-british-pierce-brosnan,171,2,0.5041510325228017,Sports
"Publish : 03 Mar 2025, 09:59",‘No Other Land’ wins Oscar,land documentari depict palestinian activist strive prevent commun demolish isra militari secur oscar documentari sundai film joint effort isra palestinian filmmak activist basel adra risk arrest document destruct hometown southern edg west bank unb report isra soldier demolish repurpos militari train zone adra plea unheard form connect jewish isra journalist help amplifi stori film palestinian isra voic strong isra journalist filmmak yuval abraham accept speech criticis countri govern atroci destruct gaza peopl call hama releas isra hostag land enter night strong contend success film festiv run secur distribut 24 countri distributor win oscar competitor porcelain war sugarcan black box diari soundtrack coup état film 2019 2023 product conclud dai hama launch deadli oct 7 2023 attack israel trigger war gaza documentari abraham emb commun resist displac encount resist palestinian highlight privileg isra citizen adra confin west bank treat crimin abraham freedom move plea basel brother unequ abraham stage live regim free civilian law basel subject militari law destroi life altern polit solut reject ethnic supremaci ensur nation right peopl criticis unit foreign polici presid donald trump state help block path documentari heavili reli camcord footag adra person archiv record isra soldier bulldoz villag school seal water cement prevent reconstruct masaf yatta rug region resid ralli adra film isra soldier shoot local protest demolit home leave paralys mother struggl care live cave month ago father adra sundai hope daughter endur life live constantli fear settler violenc home demolit forcibl displac call world mean action,entertainment,https://en.ittefaq.com.bd//en.ittefaq.com.bd/10946/%E2%80%98no-other-land%E2%80%99-wins-oscar,172,2,0.5627036980592756,Sports
"Publish : 27 Feb 2025, 11:22",'Pokémon series can last 50 to 100 more years',boss pokémon compani believ seri 50 continu innov launch nintendo game boi 1996 video game expand film tv toi world gross medium franchis report bbc recent trade card game base cute creatur centr univers surg popular bring scalper fraud hobbi ceo tsunekazu ishihara charg compani 1998 speak bbc new ahead yearli updat secret success tackl challeng seri futur pokémon dai announc pokémon dai annual showcas upcom releas upgrad event fan hope new upcom nintendo switch titl pokémon legend info popular trade card game ishihara wasnt give ahead event term goal enrich real world virtual world pokémon compani success mobil phone app devic gp monster real world big strength pokémon idea achiev jwari fetch ari imag jw68348ec474051 pokémon scalper fake palworld pokémon compani su maker palworld pictur accus patent infring hot topic term pokémon fan scalper resurg collect card game catch attent resel bui pack hope land rare valuabl card youtub logan paul switch lot peopl potenti profit hobbi pay 5 3m 3 9m expens pokémon card game compani issu hand market ishihara prevent product sell hand market valuabl rariti problemat busi affect fan suggest pokémon compani produc volum hard limit run item ishihara control resal market item valuabl theyr rare vintag theyr topic counterfeit product ishihara direct compani legal team fight rigor clone fake begin recent win legal battl chine compani copycat mobil app early join nintendo sue maker palworld onlin multiplay surviv game pokémon gun alleg develop pocketpair infring patent deni secret pokémon success pokémon continu bring fan franchis expand anim card game movi toi alongsid video game titl ishihara fan spin gener believ big reason success pokémon tool commun weekend 13 000 pokémon fan head european leg intern championship london excel centr demonstr ishihara peopl find seri mean fan justin 25 marina 28 event team rocket costum bbc new pokémon watch anim tv child love design charact justin cute marina person event chanc meet fellow fan convent sort event network friend bless focu pokémon pokémon compani unusu privat compani japanes brand nintendo kitti maker sanrio publicli trade answer sharehold ishihara believ compani singl mind focu pokémon pokémon compani profit pokémon reinvest pokémon add mean compani doesnt field question expand creat charact sharehold answer bust pokémon popular do ash pikachu 2023 longtim hero ash ketchum pal pikachu bow anim pokémon seri seri continu love duo hard question ishihara theyr tv camera ash journei continu partner pikachu franchis set mark 30th anniversari rumour begin swirl special plan occas remak releas origin game boi game fan wishlist ishihara doesnt moment maintain focu connect real virtual world continu focus mission pokémon continu 50th 100th anniversari complac flow pokémon downhil,entertainment,https://en.ittefaq.com.bd//en.ittefaq.com.bd/10896/pok%C3%A9mon-series-can-last-50-to-100-more-years,173,3,0.7003810777071813,Entertainment
"Publish : 18 Feb 2025, 10:35",Shakira resumes world tour after illness,colombian pop icon shakira announc mondai continu world tour perform lima peru weekend cancel due stomach ill time grammi award winner share updat instagram confirm concert lima estadio nacion start 8 15 local time report unb shakira 48 arriv peru fridai origin set perform sundai mondai cancel sundai explain hospitalis abdomin condit singer world tour week rio de janeiro sao paulo brazil perform peru shakira tour proce upcom date colombia chile mexico argentina dozen citi includ orlando houston detroit boston york san francisco shakira mention team reschedul cancel sundai,entertainment,https://en.ittefaq.com.bd//en.ittefaq.com.bd/10788/shakira-resumes-world-tour-after-illness,174,4,0.9568055843951258,Economy
"Publish : 15 Feb 2025, 14:57",Renowned singer Pratul Mukhopadhyay passes away,veteran bengali singer songwrit pratul mukhopadhyai pass 83 prolong ill breath hour saturdai leav unparallel legaci bengali music true spirit song set sail unknown sea unb report quot anandabazar onlin mukhopadhyai battl health complic begin undergo treatment govern hospit supervis west bengal chief minist mamata banerje time admir music chief minist ensur receiv proper medic care final dai pratul mukhopadhyai soul stir composit includ ami banglar gaan gai ochena sagor dinga bhasiyechi song remain deepli etch heart listen music reson theme ident belong spirit bengal demis bengali music fratern leave grief strike pratul mukhopadhyai contribut bengali music remain invalu pass mark era fan wisher mourn loss artist melodi continu inspir gener,entertainment,https://en.ittefaq.com.bd//en.ittefaq.com.bd/10758/renowned-singer-pratul-mukhopadhyay-passes-away,175,4,0.6632011468599348,Economy
"Publish : 03 Feb 2025, 10:16",Shakira wins best Latin pop album,2025 grammi award recogn talent perform big hit music beyoncé enter lead nomine acclaim album cowboi carter 8 eastern 5 pacif stream cb paramount unb report shakira billi eilish chappel roan doechii sabrina carpent charli xcx perform smith stevi janel moná tribut late legendari produc quinci jone comedian trevor noah host consecut time,entertainment,https://en.ittefaq.com.bd//en.ittefaq.com.bd/10608/shakira-wins-best-latin-pop-album,176,4,0.7506304837434483,Economy
"Publish : 02 Feb 2025, 09:53",Legendary singer Sabina Yasmin in HDU,sabina yasmin icon popular bangladeshi singer reportedli collaps middl music perform fridai night mark gloriou live perform comeback emerg hiatu shift depend unit hdu citi hospit capit initi admit intens care unit icu move hdu condit improv unb report music artist jahangir saye saturdai confirm facebook post contrari medium report emin singer collaps program special tribut event hsbc bank grand ballroom capit hotel sheraton mark stage return legendari artist experienc health issu clarifi jahangir saye post urg medium outlet refrain publish unverifi inform privat event organ exclus hsbc bank grace 70 singer perform audienc esteem guest battl vertigo cancer survivor sabina yasmin accept invit deliv soul perform saye explain program yasmin perform approxim 10 song captiv audienc melodi voic engag present due sudden drop blood pressur coupl vertigo condit momentarili lose balanc accident grab lyric stand support hold caus artist fall stage sabina yasmin time cancer survivor health issu includ blood pressur diabet courag perform prestigi event health challeng commend saye write singer promptli hospit doctor conduct examin confirm major issu return home night experienc discomfort 4 30 saturdai admit icu shift hdu observ saturdai afternoon special medic board confirm condit stabl attribut incid temporari weak caus imbal blood pressur slightli elev blood sugar level sabina yasmin reportedli health jahangir saye confirm post express gratitud fan wisher prayer support request continu bless recoveri fan admir nation join wish icon artist swift complet recoveri,entertainment,https://en.ittefaq.com.bd//en.ittefaq.com.bd/10595/legendary-singer-sabina-yasmin-in-hdu,177,4,0.972327472110792,Economy
"Publish : 01 Feb 2025, 13:01",Sky Force’ nears Rs100cr mark in India,direct sandeep kewlani abhishek anil kapur sky forc featur akshai kumar garner r 2 56 crore net india 8 dai box offic film total net earn india reach r 89 06 crore expect surpass r 100 crore mileston weekend unb report dai 8 sky forc record hindi occup 11 22 percent week film cross r 100 crore global earn amount r 111 5 crore india net collect dai stand r 86 5 crore india gross total reach r 103 25 crore film oversea earn report r 8 25 crore sky forc r 12 crore dai r 22 crore dai 2 peak collect r 28 crore dai 3 declin dai r 7 crore 4 dai r 5 75 crore dai r 6 crore 6 r 5 5 crore 7 coldplai india tour chri martin perform grammi award ceremoni set 1965 india pakistan war film revolv iaf offic vijaya plai veer pahariya miss action akshai kumar portrai ko ahuja iaf offic determin locat vijaya budget r 160 crore sky forc featur sara ali khan nimrat kaur signific role,entertainment,https://en.ittefaq.com.bd//en.ittefaq.com.bd/10587/sky-force%E2%80%99-nears-rs100cr-mark-in-india,178,2,0.8410858131342352,Sports
"Publish : 27 Jan 2025, 12:06",Berlin looking forward to Int’l Film Festival ‘Berlinale 2025’,berlinal 2025 honorari golden bear lifelong achiev tilda swinton night februari 13th world wide respect outstand actress time berlinal famili 1986 pay visit berlinal west berlin citi divid wall 2009 presid juri berlinal altogeth act 26 movi plai berlinal festiv programm famou movi carravagio beach career win oscar role thriller michael clinton impress natur warm person tilda swinton opportun meet berlin internation berlinal director tricia tuttl english speak world london deputi head london film festiv bfi master degre film studi british film institut bfi girl plai guitar music press confer introduc 2025 promin german newspap relax compliment berlin berlinal berlinal 2025 240 film 74 countri 50 german film total film nineteen film main competit festiv start 13th februari promin star world competit main movi richard linklat film blue moon margaret quallai andrew scott star ethan hank famou actress jassica chastain dream rise byrn rapper asap rocki leg kick berlinal 2025 finish dai elect germani journalist promin newspap director press confer festiv react director tricia tuttl answer straight forward plan encourag peopl vote encourag cinema watch movi,entertainment,https://en.ittefaq.com.bd//en.ittefaq.com.bd/10527/berlin-looking-forward-to-int%E2%80%99l-film-festival,179,2,0.9746848511396569,Sports
"Publish : 16 Jan 2025, 20:20","Saif Ali Khan stabbed in attempted burglary, undergoes surgery",bollywood actor saif ali khan stab time unidentifi assail attempt burglari mumbai resid thursdai incid occur 2am bandra home unb report khan admit lilavati hospit 3 30am immedi treat injuri dr niraj uttamani chief oper offic lilavati hospit confirm khan sustain stab wind deep includ spine khan undergo surgeri lead team medic expert includ neurosurgeon dr nitin dang cosmet surgeon dr leena jain anaesthesiologist dr nisha gandhi dr uttamani state neurosurgeri complet plastic surgeon repair wind actor danger updat expect shortli khan team issu offici statement confirm attempt burglari surgeri statement urg medium fan remain patient matter polic investig initi report intrud break khan resid asleep struggl ensu khan stab burglar flee scene fir file bandra polic station employe khan household question employe injur alterc mumbai crime branch launch parallel investig form team track suspect team review cctv footag search mumbai,entertainment,https://en.ittefaq.com.bd//en.ittefaq.com.bd/10412/saif-ali-khan-stabbed-in-attempted-burglary,180,5,0.43127263364661045,Crime
"Publish : 12 Jan 2025, 10:40",23rd DIFF kicked off,23rd dhaka intern film festiv diff showcas 220 movi 75 countri venu capit offici kick saturdai main auditorium capit nation museum festiv observ 50 diplomat relat bangladesh china inaugur ceremoni saturdai join inform broadcast advis interim govern md nahid islam unb report prior inaugur festiv advis special guest includ yao wen chine ambassador bangladesh xu yang director intern depart chine film administr inaugur poster exhibit corner chine film auditorium festiv committe execut bangladesh energi regulatori commiss chairman jalal ahm presid ceremoni join festiv diff director ahm muztaba zamal alongsid festiv committe chairperson kishwar kamal asian competit section juri board veteran actor ilia kanchan enthral music perform bangladesh renown band joler gaan 23rd edit xu yang gratitud note thank rainbow film societi author invit dhaka intern film festiv chine embassi bangladesh organis china film week popular chine film showcas ambassador yao wen dhaka intern film festiv medium vibrant cultur exchang bangladesh countri world flagship film festiv dhaka event start china celebr 50 china diplomat relat bangladesh chine ambassador inform inaugur ceremoni total 20 uniqu special chine film screen dhaka intern film festiv 15 chine film profession engag depth interact bangladeshi audienc diff 2025 activ observ minut silenc commemor martyr anti fascist movement juli urg film enthusiast highlight bangladesh histori cultur struggl world forum advis nahid islam state dhaka intern film festiv serv medium cultur exchang advisor mention role cinema develop bangladesh art cultur state cinema medium entertain signific driver social chang juli mass upris nahid upris plai role establish democraci bangladesh urg filmmak creat film realiti spirit juli mass upris jalal ahm chairman bangladesh energi regulatori commiss execut festiv committe flagship film festiv bangladesh celebr silver jubile festiv list regular alloc fund ministri financ inform broadcast worri festiv china countri focu 2025 edit diff offici premier maiden film moon direct zhang chiyu 7 pm sundai festiv continu screen bangladesh nation museum bangladesh shilpakala academi bsa allianc français de dhaka afd dhanmondi green univers bangladesh north south univers capit film screen asian competit section retrospect section bangladesh panorama wide angl cinema world child film spiritu film short independ film woman film session diff 2025 flagship segment woman cinema confer hold tomorrow continu till januari 13 samson loung dhaka club central woman univers vice chancellor dr parveen hasan chief guest dai film critic journalist sadia khalid reeti confer director confer chair diff chairperson kishwar kamal actionaid bangladesh countri director farah kabir chine film director writer zhang yudi special guest confer commemor martyr juli august 2024 mass upris 7 short film screen diff januari 12 15 16 17 venu screen sufia kamal auditorium nation museum green univers bangladesh auditorium nation art galleri auditorium bangladesh shilpakala academi auditorium north south univers uniqu paint exhibit titl perspect organ la galeri allianc français de dhaka afd januari 9 17 festiv includ veteran artist masterclass hold time cineplex auditorium nation museum januari 17 18 close ceremoni diff hold januari 19 main auditorium nation museum,entertainment,https://en.ittefaq.com.bd//en.ittefaq.com.bd/10353/23rd-diff-kicked-off,181,2,0.5637012790384739,Sports
"Publish : 11 Jan 2025, 15:29",Dhallywood’s box office hits of 2024,dhallywood event 2024 mark modest growth record break mileston bangladeshi film industri ongo challeng hand blockbust film shatter expect set benchmark box offic earn audienc engag unb report 2023 star power product lead charg captiv moviego nationwid articl gross bangladeshi film 2024 celebr remark achiev impact industri 5 top earn bangladeshi movi 2024 toofan june 17 2024 bdt 56 crore emerg gross bangladeshi movi date crime thriller direct raihan rafi movi featur outstand cast lead shakib khan masuma rahman nabila chanchal chowdhuri mimi chakraborti produc alpha studio budget bdt 7 crore toofan exceed expect earn bdt 35 crore domest bdt 21 crore internation credit worldwid distribut chorki shree venkatesh film bioscop film bongoz film thriller film mark big weekend bangladeshi film unit screen 58 simultan star cineplex film histori shatter stand record week revenu bdt 20 crore quickli bangladeshi blockbust dorod rajkumar april 11 2024 bdt 26 crore direct himel ashraf romant film featur screen pair shakib khan courtnei coffei versatil medium budget bdt 6 crore film quickli sensat achiev histor mileston ticket sale reach unpreced bdt 10 lakh book secur bangladeshi cinemat histori film massiv reach evid screen record 125 theater 210 countri feat combin book revenu approxim 6 6 5 crore reflect immens demand wide appeal movi widespread reach facilit distributor versatil medium bongoz film swapna scarecrow bangladesh dorod novemb 15 2024 bdt 8 55 crore star shakib khan alongsid sonal chauhan romant movi excel anonno mamun director budget bdt 10 crore collabor product hous action cut entertain eskai movi kibria film world movi film dai break record achiev dai ticket sale multiplex countri debut star cineplex chain sell ticket worth bdt 30 68 lakh figur cement movi box offic domin distribut eskai movi action cut entertain dorod quickli prove success releas deyal desh april 11 2024 bdt 2 0 crore featur outstand perform sari razz alongsid shobnom bubli romant film mark directori debut mishuk moni bankrol metro cinema product cost close bdt 2 crore modest busi perform film collect budget respect affirm noteworthi entri movi distribut spearhead abhi kathachitra chobir haat omar april 11 2024 bdt 1 57 crore helm mohammad mostafa kamal raz action pack thriller thrive master commun product hous distributor star sari razz pair darshana banik thriller craft product cost bdt 2 crore major profit phenomenon omar significantli influenc dhallywood storytel filmmak trend final word top earn dhallywood movi 2024 reflect modest promis journei bangladeshi cinema establish mark toofan rajkumar etch name histori set unparallel benchmark dhallywood box offic record dorod monument success distant rank showcas uniqu appeal competit deyal desh omar stand remark achiev bright 2024 illumin kei mileston showcas untap potenti movi bangladesh,entertainment,https://en.ittefaq.com.bd//en.ittefaq.com.bd/10345/dhallywood%E2%80%99s-box-office-hits-of-2024,182,2,0.8770718828277183,Sports
"Publish : 10 Jan 2025, 19:24",Vandalism halts Hanif Sanket’s ‘Ityadi’ filming in Thakurgaon,film extrem popular btv programm ityadi host hanif sanket cancel due violent alterc vandal thakurgaon district thursdai night episod ityadi film histor raja tongkanath palac ranisankail upazila chao ensu crowd 100 000 peopl gather event exceed 4 000 entranc pass distribut unb report tension flare seat arrang fight break lead destruct properti vandal equip local repeat attempt organis control situat unrest escal forc author halt film schedul conclus express disappoint hanif sanket hard calm organis beauti event fail cancel audienc escort venu programm film night attende travel distanc unabl enjoi experi due termin event audienc anwar hossain entranc pass couldn due mismanag author sohel rana addit visitor anticip author fail proper secur arrang mistak hold programm space feasibl masud alam lack disciplin start due mismanag author arshedul haqu offic charg oc ranisankail polic station major injuri report youth respons throw chair disturb,entertainment,https://en.ittefaq.com.bd//en.ittefaq.com.bd/10337/vandalism-halts-hanif-sanket%E2%80%99s-%E2%80%98ityadi%E2%80%99-filming-in,183,4,0.6895189995516761,Economy
"Publish : 06 Jan 2025, 13:28",Veteran actor Prabir Mitra passes away,renown actor prabir mitra fondli nawab silver screen pass 81 breath sundai januari 5 10 10 pm undergo treatment privat hospit dhaka famili unb report popular actor battl multipl health complic hospitalis 13 dai hospitalis decemb 22 due oxygen defici ailment medic intervent condit deterior time bear august 18 1943 chandina cumilla prabir mitra prabir kumar mitra grow dhaka passion act school dai perform rabindranath tagor plai dak ghar prabir mitra film debut 1971 film jolshobi direct akbar prolif career spin decad act 400 film 1982 win nation film award support actor perform boro bhalo lok chhilo honour lifetim achiev award nation film award 2018 prabir mitra contribut bangladeshi film industri forev rememb legaci live extraordinari bodi continu inspir gener actor filmmak,entertainment,https://en.ittefaq.com.bd//en.ittefaq.com.bd/10273/veteran-actor-prabir-mitra-passes-away,184,2,0.6685908947451783,Sports
"Publish : 04 Jan 2025, 21:58",Top 10 highest-grossing global blockbusters of 2024,2024 mark groundbreak chapter global film industri record break box offic earn hollywood lead charg genr action pack adventur heartwarm drama cinemat hit captiv audienc worldwid set benchmark entertain report unb close top 10 gross film 2024 stagger revenu rake top 10 record break film world 2024 insid 2 usd 1 698 million anim come ag sensat pixar anim studio shatter record lofty earner genr stellar voic perform ami poehler maya hawk lewi black anim comedi excel kelsei mann director releas june 14 2024 lavish product cost usd 200 million handsom reward distribut walt disnei studio motion pictur debut astonish usd 154 million weekend surpass usd 652 million home market usd 1 045 million internation firmli etch cinemat histori deadpool wolverin approxim usd 1 337 million direct shawn levi superhero epic set standard rate cinema extraordinari global revenu featur ryan reynold hugh jackman celebr role combin wit action captiv audienc worldwid collabor marvel studio maximum effort 21 lap entertain premier juli 26 2024 coloss usd 211 million debut creat usd 200 million budget reach extend walt disnei studio handl distribut garner usd 636 million north america usd 701 million oversea despic 4 usd 969 million craft direct chri renaud anim comedi hit theater juli 3 2024 featur voic ensembl includ steve carel kristen wiig pierr coffin dana gaier miranda cosgrov ferrel joei king bring humor heart screen univers pictur illumin usd 100 million budget strong usd 75 million weekend distribut univers pictur amass usd 361 million north america usd 608 million global moana 2 exceed usd 911 million releas novemb 27 2024 anim music adventur boast dana ledoux miller david derrick jr jason hand director dwayn johnson auliʻi cravalho featur icon role film bring unforgett charact life produc walt disnei anim studio usd 150 million budget set benchmark anim featur thanksgiv weekend releas break record stagger usd 139 8 million secur walt disnei anim film domest earn soar past usd 404 million intern revenu cross usd 496 million dune surpass usd 714 usd cinemat marvel captiv audienc march 1 2024 debut solidifi landmark epic scienc fiction helm visionari filmmak deni villeneuv movi showcas stellar perform zendaya timothe chalamet florenc pugh legendari pictur product ventur monument usd 190 million invest distribut global warner bro pictur weekend astound usd 82 million mileston set stage phenomen success domest amass usd 282 million oversea market contribut stagger usd 432 million jwari fetch ari imag jw68348ecbc59ab wick usd 648 million direct flair jon chu music fantasi film featur spellbind perform cynthia erivo ariana grand premier novemb 22 2024 produc marc platt product thrive substanti usd 150 million invest releas univers pictur weekend soar past usd 112 million hint record break feat ahead domest charm audienc secur usd 432 million oversea territori ad usd 210 million movi achiev histor mileston earn oz relat film top gross music film adapt univers pictur profit music godzilla kong empir usd 571 million star rebecca hall dan steven brian tyre henri fala chen kayle hottl alex fern direct monster film flourish adam wingard director premier march 29 2024 project emerg legendari pictur product budget usd 135 150 million distribut global warner bro pictur toho japan surpass usd 80 million weekend thunder usd 196 million domest usd 375 million internation crown jewel monstervers stand gross titl godzilla king kong saga kung fu panda 4 usd 547 million deliv fresh chapter belov saga 4 instal kung fu panda bring whirlwind anim martial art comedi audienc worldwid direct mike mitchel film featur except voic ensembl includ jack black awkwafina bryan cranston viola davi ke hui quan ian mcshane jame hong dustin hoffman releas univers pictur march 8 2024 masterpiec dreamwork anim craft budget usd 85 million premier weekend shatter record usd 57 million debut studio histori version popular anim franchis captur local market usd 193 million global usd 354 million yolo 498 million comedi drama emerg standout list english addit helm multital jia ling star alongsid leu jiayin usd 100 million project bankrol alibaba pictur medium bowl entertain cultur medium compani limit tencent penguin pictur allianc extend centuri pictur china film distribut team shanghai taopiaopiao film televis cultur mandarin movi releas februari 10 2024 modest start usd 827 000 weekend continu soar usd 1 million domest astound usd 496 million internation crown top gross chine film redefin success mandarin cinema venom danc usd 476 million bring life expert direct kelli marcel superhero action film boast stellar cast includ tom hardi andi serki juno templ chiwetel ejiofor rhy ifan releas octob 25 2024 project lead allianc renown product hous columbia pictur marvel arad product matt tolmach product pascal pictur tsg entertain marcel hardi product hutch parker entertain hardi son baker budget ring usd 110 120 million film debut weekend rake usd 51 million film total domest earn surpass usd 139 million usd 337 million oversea territori courtesi distributor soni pictur releas sum 10 big blockbust 2024 highlight evolv movi busi respond diver audienc demand insid 2 deadpool wolverin stand exclus billion dollar club highlight box offic domin alongsid topper despic 4 moana 2 kung fu panda 4 underscor influenc anim industri shape global movi trend chine comedi yolo stand hollywood entri list dune wick godzilla kong empir exemplifi triumph sci fi fantasi monster genr repres diver spectrum cinemat achiev 2024,entertainment,https://en.ittefaq.com.bd//en.ittefaq.com.bd/10256/top-10-highest-grossing-global-blockbusters-of,185,2,0.9996333115081384,Sports
"Publish : 04 Jan 2025, 11:27",Eminent actress Anjana passes away,nation film award win actress anjana pass fridai night ag 59 di undergo treatment bangabandhu sheikh mujib medic univers bsmmu dhaka unb report misha sawdagar presid bangladesh film artist associ confirm anjana death medium actor zai khan artist film entertain fratern share new facebook profil namaz janaza hold fdc premis saturdai 11 anjana life support past dai decemb 24 admit privat hospit capit fever doctor discov blood infect spread bodi caus heart kidnei fluid accumul lung stroke bear june 27 1965 dhaka east pakistan anjana celebr countri fine actress danc skill act 300 movi illustri career anjana releas film doshshu bonhur 1976 direct shamsuddin togor act career 1976 film setu direct babul chowdhuri breakthrough movi matir maya 1976 star alongsid razzak 30 film includ ashikkhito rajanigandha ashar alo jinjir anarkali bidhata bourani sonar horin ram rahim john matir putul shaheb bibi golam obhijan anjana marri produc director azizur rahman buli 1946 2022 act film lalu sardar nepali mey receiv nation film award actress perform parineeta gangchil,entertainment,https://en.ittefaq.com.bd//en.ittefaq.com.bd/10248/eminent-actress-anjana-passes-away,186,2,0.7390155806974237,Sports
"Publish : 23 Dec 2024, 13:14",BPL Music Fest today,bpl music fest hold renown musician rahat fateh ali khan set ignit grand programm sher bangla nation cricket stadium local perform perform programm creat hype bpl set start decemb 30 mirpur sher bangla nation cricket stadium venu sylhet chattogram host bpl match bss report music event hold chattogram sylhet come dai rahat fateh ali khan perform mirpur event bcb presid faruqu ahm inform modhumoti bank sponsor music fest event ticket bpl music fest releas onlin bcb decid reduc ticket price revis price platinum ticket taka 8 000 gold taka 6 000 silver taka 4 000 grand stand taka 1 500 club hous ticket taka 500,entertainment,https://en.ittefaq.com.bd//en.ittefaq.com.bd/10127/bpl-music-fest-today,187,1,0.4939879426959631,Politics
"Publish : 21 Dec 2024, 17:12",Rahat Fateh Ali Khan set to captivate Dhaka audiences,popular pakistani singer rahat fateh ali khan arriv dhaka perform echo revolut concert tonight capit armi stadium renonw pakistani singer timeless track afreen afreen piya jiya dhadak dhadak dil ka mizaaj ishqiya headlin main act concert aim support injur brave soul affect famili juli upris rahat land hazrat shahjal intern airport 12 stai star hotel capit dhaka univers student greet popular singer flower organis spirit juli platform concert featur popular local band artist includ artcel chirkutt aftermath silsila juli upris fame rapper shezan hannan victim juli upris rahat fateh ali khan perform popular song event remuner arrang concert toll free access elev expresswai subsidis ticket student special issu nbr thursdai concert exempt applic ad tax vat supplementari duti early dhaka elev expresswai author collect toll vehicl dai concert bangladesh armi waiv rend armi stadium venu concert music concert event featur corner includ graffito exhibit relat juli revolut stage plai mugdho water zone commemor juli martyr mir mugdho titl sponsor concert prime bank concert ticket sell categori vip 10 000 tk front row 4 500 tk 2 500 tk student receiv discount ticket categori proce concert ticket sale donat shahe juli smriti foundat injur kill juli upris,entertainment,https://en.ittefaq.com.bd//en.ittefaq.com.bd/10103/rahat-fateh-ali-khan-set-to-captivate-dhaka,188,7,0.5805938603604968,Education
"Publish : 14 Dec 2024, 22:39",Telegu superstar Allu Arjun freed on bail,popular actor southern india allu arjun releas jail bail saturdai dai arrest polic connect stamp lead death woman premier movi early month 35 woman di 8 son critic injur stamp occur screen arjun releas pushpa 2 rule southern telangana hyderabad citi dec 4 unb report arjun arrest woman husband file secur team theater manag inform polic actor plan attend screen result large expect crowd polic charg actor secur team theater manag staff culpabl homicid amount murder polic arrest theater owner employe connect local court fridai actor spend 14 dai jail hour telangana court grant bail actor spend night jail prison author receiv copi bail late fridai press trust india report accid happen 41 actor surpris appear local theater movi screen fan surg venu theater main gate collaps result stamp actor comment polic charg arrest shortli accid arjun write social platform heartbroken tragic incid announc financi assist 29 000 woman famili promis care medic expens injur son,entertainment,https://en.ittefaq.com.bd//en.ittefaq.com.bd/10022/telegu-superstar-allu-arjun-freed-on-bail,189,5,0.7806032904735664,Crime
"Publish : 13 Dec 2024, 14:24",Telegu superstar Allu Arjun arrested,south indian cinema superstar allu arjun pushpa 2 arrest confirm report indian medium outlet ndtv telegraph india ndtv premier pushpa 2 rule week woman di stamp 9 son sustain injuri incid hyderabad polic file 41 allu arjun file secur team manag sandhya theatr report confirm allu arjun arrest fridai alleg involv stamp hindustan time report polic team chikkadap polic station visit allu arjun resid fridai arrest custodi polic state allu arjun polic station question,entertainment,https://en.ittefaq.com.bd//en.ittefaq.com.bd/10002/teelgu-superstar-allu-arjun-arrested,190,5,0.796882994279203,Crime
"Publish : 12 Dec 2024, 21:24",Selena Gomez engaged to Benny Blanco,selena gomez excit note engag music produc songwrit benni blanco grammi emmi nomin artist share new instagram wednesdai post photo engag ring warm embrac fiancé caption read forev begin unb report celebr fan congratul rapper lil na write happi taylor swift flower girl wish gwyneth paltrow lili collin padma lakshmi gomez golden globe doubl nomine mondai role emilia pérez murder build 2020 gomez start rare impact fund rare beauti line cosmet pledg donat 1 sale fund expand mental health servic educ peopl blanco gomez 2019 song featur balvin taini 2018 blanco releas song eastsid khalid halsei trio perform 2018 american music award song credit writer produc includ kati perri teenag dream kesha tik tok circu britnei spear maroon 5 move jagger,entertainment,https://en.ittefaq.com.bd//en.ittefaq.com.bd/9994/selena-gomez-engaged-to-benny-blanco,191,3,0.44627333431064803,Entertainment
"Publish : 12 Dec 2024, 13:54",Acclaimed singer Papia Sarwar no more,papia sarwar bangladesh renown prolif rabindra sangeet artist pass privat hospit capit thursdai 72 breath hospit 8 husband sarwar alam tell medium ekushei padak win rever singer battl cancer admit icu life support deterior health condit wednesdai surviv husband daughter zaara sarwar jisha sarwarpapia sarwar bear novemb 21 music inclin famili baris papia sarwar pursu rabindra sangeet visva bharati univers santiniketan 1973 scholarship offer govern india recipi scholarship countri independ early receiv initi music train renown mentor atiqul islam waheedul haq sanjida khatun zahidur rahim chhayanaut 1966 continu bulbul academi fine art bafa illustri music career papia sarwar earn widespread admir numer accolad expertis rabindra sangeet 1996 establish music name geetosudha share knowledg aspir learner modern song nai telephon nai peon nai telegram gain immens popular bengali music enthusiast belov figur televis industri regular music perform outstand contribut countri music scene papia sarwar honour rabindra award bangla academi 2013 bangla academi fellowship 2015 ekushei padak 2021,entertainment,https://en.ittefaq.com.bd//en.ittefaq.com.bd/9979/acclaimed-singer-papia-sarwar-no-more,192,4,0.6234158654232115,Economy
"Publish : 10 Dec 2024, 12:19",10 new TV shows worth watching before new year,2024 strong televis deliv remark seri delai highli anticip final season strange white lotu fresh comedi drama realiti remak reson audienc critic alik unb report here 10 standout seri 2024 worth explor netflix bring adam brodi spotlight romant comedi erin foster brodi star noah rabbi navig challeng date joann kristen bell jewish woman hurdl famili expect career conflict duo chemistri shine seri boast stellar support cast supacel netflix british seri supacel offer refresh superhero narr creat rapman black class london discov superpow link share famili histori sickl cell diseas explor theme racial dispar poverti societ neglect earn renew season penguin max penguin spin batman 2022 shift focu colin farrel portray oz cobb set gotham crimin underworld seri featur cristin milioti sofia falcon earn critic acclaim golden globe nomin matlock cb reimagin classic matlock kathi bate lead bate plai madelin kingston retir lawyer resum career alia drive financi person vengeanc address ag relat stereotyp humor depth seri stream paramount vallei bravo vallei spin vanderpump rule revisit live jax taylor brittani cartwright kristen dout showcas person marit struggl cast bring drama intrigu seri stream peacock smith amazon smith star donald glover maya erskin reinvent concept 2005 film plai spi pose marri coupl evolv relationship form crux seri star stud guest appear garner numer emmi golden globe nomin riplei netflix riplei neo noir adapt patricia highsmith star andrew scott titular con artist seri captur tom riplei journei deceit murder entangl luxuri lifestyl wealthi heir itali english teacher fx english teacher creat star brian jordan alvarez center evan school teacher navig modern dai challeng societ label gun safeti seri stream hulu prais humor social commentari memor soundtrack shōgun fx shōgun base jame clavel set feudal japan stun product standout perform hiroyuki sanada anna sawai sweep 18 emmi award initi plan limit seri success lead announc addit season presum innoc jake gyllenha make tv debut appl tv presum innoc plai rusti sabich prosecutor accus murder gyllenha join peter sarsgaard adapt scott turow seri platform watch drama return season,entertainment,https://en.ittefaq.com.bd//en.ittefaq.com.bd/9957/10-new-tv-shows-worth-watching-before-new-year,193,4,0.5954694550086757,Economy
"Publish : 09 Dec 2024, 21:52",Farooki's film ‘840’ set to hit theatres on Dec 13,renown filmmak mostofa sarwar farooki ventur 840 slate nationwid releas decemb 13 filmmak share inform facebook post sundai even unb report trailer film 840 democraci pvt releas fridai night featur stellar cast includ nasir uddin khan marzuk russel fazlur rahman babu zakia bari mamo film highlight local talent rajshahi naogaon farooki sharp satir len previous captur attent film 420 critiqu contemporari social polit anomali film produc nusrat imros tisha associ impress telefilm,entertainment,https://en.ittefaq.com.bd//en.ittefaq.com.bd/9949/farooki-s-film-%E2%80%98840%E2%80%99-set-to-hit-theatres-on-dec-13,194,2,0.5933363448354365,Sports
"Publish : 08 Dec 2024, 21:21",Instrumental music fest held in Rangpur,color instrument music festiv 2024 hold division citi rangpur increas instrument music practice develop cultur heritag festiv organ rangpur public librari grind initi music danc recit depart bangladesh shilpakala academi collabor district administr bss report sumi khatun sister shahe abu saye brilliant student begum rokeya univers martyr anti discrimin student movement juli 16 formal inaugur festiv addit deputi commission revenu md abu saye attend event chief guest music instructor tamal kanti lahri kumaresh chandra barman special guest rangpur district cultur offic nuzhat tabassum rimu deliv speech discuss session music ensembl perform particip artist rangpur district artist thakurgaon panchagarh dinajpur nilphamari gaibandha kurigram lalmonirhat district perform solo instrument music enchant festiv featur classic folk music perform music instrument includ flute stick drum dotara khamak kettl drum esraj sitar violin sanai harmonium,entertainment,https://en.ittefaq.com.bd//en.ittefaq.com.bd/9936/instrumental-music-fest-held-in-rangpur,195,7,0.9977000539968673,Education
"Publish : 06 Dec 2024, 16:04",Month-long cultural festival starts at BSA,bangladesh shilpakala academi launch month cultur festiv promot cultur diver countri festiv perform includ juli upris perform song mass upris tradit wangala festiv medium releas sign sabina yesmin public relat offic shilpakala academi fridai unb report juli upris perform dhaka perform titl shono mohajan amra hazarjon honour voic student citizen fight pluralist democraci secular cultur academi fine art depart organis event dhaka univers bakultala surround decemb 6 7 event featur 41 artist perform notabl particip includ afsana sharmin jhumpa abu naser rabii sumona akter uniqu present theme 1971 2024 shono mohajan amra hazarjon live stream shilpakala academi offici facebook page youtub channel song mass upris gazipur academi hold song mass upris 4 pm fridai rajbari field gazipur organis academi music danc recit depart collabor gazipur district administr event showcas perform garment worker cultur perform imam hasan shanto lamia islam tanha piec titl moner govir mon koto oshohai protibadi mon mone shadhinota chai abdu samad father shahe zakir hossain martyr anti discrimin student movement inaugur event live stream wangala festiv netrokona indigen cultur academi birishiri netrokona collabor bangladesh shilpakala academi host garo commun tradit wangala festiv fridai afternoon dr sy jamil ahm director bangladesh shilpakala academi attend chief guest netrokona deputi commission banani biswa charg princip manindra nath marak educationist writer research join guest garo cultur dhobaura gopalpur arapara gohalidhew uttarael perform showcas commun vibrant heritag upcom event month celebr nationwid instrument music festiv simultan division level saturdai,entertainment,https://en.ittefaq.com.bd//en.ittefaq.com.bd/9909/month-long-cultural-festival-starts-at-bsa,196,7,0.9988025592522053,Education
"Publish : 26 Nov 2024, 12:07",Tamannaah Bhatia to tie knot early next year,popular actress tamannaah bhatia celebr south indian cinema bollywood fan delight surpris belov star mesmeris perform icon item set walk aisl unb report burn question mind lucki groom time partner vijai varma ador coupl earn monik bollywood power coupl plan solidifi relationship grand wed 2025 indian medium prepar wed underwai duo reportedli scout luxuri home mumbai plan begin marri life tamannaah vijai choose stai tight lip wed plan relationship public ey romant dinner glamor film industri parti coupl spot multipl occas shy camera chemistri screen leave fan medium smite love stori headlin 2022 pair intim set parti initi duo avoid confirm relationship refer friend june 2023 tamannaah openli declar happi vijai state support person profession endeavour sizzl screen chemistri lust stori 2 fuell fan admir pair grand wed approach excit build anticip wed sourc reveal tamannaah vijai plan elabor celebr match star stud statu coupl ey lavish resid mumbai call home wed coupl remain silent specif fan eagerli await announc undeni charm love tamannaah vijai host wed talk town coupl continu enjoi time share glimps life public appear leav fan enchant love stori ag upcom union set highlight 2025,entertainment,https://en.ittefaq.com.bd//en.ittefaq.com.bd/9796/tamannaah-bhatia-to-tie-knot-early-next-year,197,2,0.9128449669376809,Sports
"Publish : 22 Nov 2024, 20:06",Bangladesh dance troupe performs in Bali Yatra 2024 in India,vibrant displai cultur diplomaci troup renown dhaka base danc school kolpotoru repres bangladesh prestigi bali yatra festiv 2024 india invit govern india festiv regard asia large cultur fair hold annual indian citi cuttack odisha dai festiv hold 15 22 novemb 2024 particip notabl cultur indonesia thailand nepal bhutan sri lanka slovakia bangladeshi troup host govern odisha statement arriv india bangladeshi artist receiv grand bhubaneswar airport floral shower tradit style artist kolpotoru danc school sister organ shadhona showcas dazzl perform festiv includ seri danc piec inspir timeless song kobiguru rabindranath tagor bidrohi kobi kazi nazrul islam jwari fetch ari imag jw68348ed79bc28 perform seamlessli blend tradit contemporari element culmin power martial art displai lathikhela raibesh grassroot danc integr bangladesh cultur heritag bali yatra festiv symbol longstand cultur exchang countri south southeast asia festiv highlight unbreak bond share heritag art tradit connect india bangladesh dr lubna marium princip kolpotoru express pride troup particip perform festiv bangladesh india relationship deep multifacet differ defin relat jwari fetch ari imag jw68348ed79bc51 commission pranai verma particip bangladesh troup festiv strong peopl peopl relat countri reflect mutual empathi deep respect share cultur tradit bind,entertainment,https://en.ittefaq.com.bd//en.ittefaq.com.bd/9747/bangladesh-dance-troupe-performs-in-bali-yatra,198,7,0.5587812796909529,Education
"Publish : 19 Nov 2024, 12:00",‘Kristi’ hosts diverse events in New York,slogan drama stop power drama york base cultur organ kristi host event featur music perform discuss stage drama diaspora stage plai titl stretch hand support queen librari event saturdai bring expatri gener intellectu field speech swadhin majumdar song life inspir plai perform choru direct dr jibon biswa perform includ jibon biswa sritesh dhar ashalata deb mukta dhar rupali ghosh dhar harold liton phillip shipra dei sifatuddin palak cristella cuya deepa debnath dipto roi event moder actress bannya mirza featur discuss stage drama diaspora insight actress rokeya rafiqu babi rokeya rafiqu babi share experi challeng stage drama expatri life shortag theater perform audienc haven grow note emphas increas theater expatri event conclud stage stretch hand plai base oriana fallaci letter child bear adapt anu muhammad plai direct hira chowdhuri perform ferdou iti hira chowdhuri entir event coordin direct sritesh dhar tanvir ahm shukla roi ziauddin shipon bannya mirza,entertainment,https://en.ittefaq.com.bd//en.ittefaq.com.bd/9703/%E2%80%98kristi%E2%80%99-hosts-diverse-events-in-new-york,199,4,0.997819552636429,Economy
"Publish : 17 Nov 2024, 19:44",Denmark’s Victoria Kjær Theilvig wins Miss Universe 2024,victoria kjær theilvig denmark crown miss univers 2024 dane win competit 21 competit dancer entrepreneur aspir lawyer beat 120 contest win annual beauti pageant mexico citi saturdai night cnn report applaud contest stage accept tiara reign titlehold sheynni palacio nicaragua final featur perform singer robin thick host save bell star mario lopez miss univers olivia culpo glitzi pageant contest narrow shortlist 30 base result thursdai preliminari event includ flamboy nation costum contest semi finalist parad swimwear 12 advanc even gown contest final contest face question ring topic includ leadership resili live judg theilvig tell judg wouldn chang live dai watch theilvig urg viewer fight matter stand chang histori tonight chidimma adetshina nigeria finish runner mare fernanda beltran mexico name runner suchata chuangsri thailand ileana marquez pedroza venezuela pedroza 28 mother histori top competit remov restrict recent mark time miss univers 72 histori woman ag 28 permit enter dozen finalist allow previou malta beatric njoya woman 40 reach grand final ag limit remov amid grow call pageant modern ahead 2023 contest miss univers organ lift longstand ban pregnant woman mother woman marri deleg countri select local pageant licens local right miss univers organ contest cuba repres marianela ancheta miss univers time 1967 countri includ belaru eritrea unit arab emir contest time april miss univers organ move dispel flurri call fals mislead report saudi arabia due debut 2024 pageant nation level contest mar controversi build final includ miss univers south africa adetshina quit competit select repres nigeria question nation spark wave xenophob hostil decemb director miss univers nicaragua contest karen celebertti resign week palacio crown amid charg conspiraci treason husband son accus involv plot overthrow govern celebertti nicaraguan govern respond cnn request comment,entertainment,https://en.ittefaq.com.bd//en.ittefaq.com.bd/9686/denmark%E2%80%99s-victoria-kj%C3%A6r-theilvig-wins-miss,200,2,0.9619408642859322,Sports
"Publish : 22 May 2025, 12:32",Top 10 peaceful Eid summer escapes in Bangladesh,travel summer bangladesh major challeng persist heat wave scorch temperatur humid overcrowd destin convent holidai plan uncomfort exhaust unb report amid condit cool travel destin essenti eid vacat relax prioriti quiet retreat surround greeneri water hill breez offer break swelter weather festiv rush explor 10 peac eid summer escap bangladesh offer comfort tranquil 10 summer getawai bangladesh eid celebr hill china clai netrokona tuck bijoypur durgapur netrokona district china matir pahar rare geolog charm northern bangladesh posit close meghalayan border offer scenic glimps distant indian hill enrich visual appeal terrain hill modest height carri distinct sens adventur climb top reward visitor quiet elev view simpl strike nearbi blue water lake gentli mirror surround slope water tint soft sooth blue add tranquil set unlik eid destin retreat remain untouch crowd ideal peac holidai escap suit singl dai out time return nightfal regular train bu servic leav dhaka ensur conveni access train travel offer econom choic zealand para khagrachari villag call pankhaiya para li half kilometr khagrachari district headquart blend seamlessli nearbi perachhara creat local fondli refer zealand para road link villag carri fit zealand road district sole stretch true plain land rest grace harmoni surround emerald hill cropland rippl horizon distant waterfal murmur river anim scene white cloud drift cobalt sky newli build homestead nestl slope complet panorama reminisc south pacif countrysid khagrachari reach directli bu dhaka town centr short ride cng auto rickshaw visitor zealand para celebr hazachhara waterfal li close hand ad dai excurs niladri lake sunamganj sunamganj offer magic combin reward sight niladri lake tekerghat tahirpur upazila stand prioriti destin shahe siraj lake captiv water scatter stone bed glimps meghalaya hill horizon locat close renown tanguar haor visitor combin site seamless trip natur symmetri lake hill haor creat tranquil experi reach locat straightforward direct bu journei capit sunamganj short autorickshaw ride complet journei niladri lake boga lake sangu river bandarban tuck hill bandarban boga lake sangu river landscap blend silenc spectacl sangu wind den green hill offer captiv river journei countri boat ride glassi surfac feel surreal chase hill arriv boga lake rest 1 246 foot sea level contrast still myth encircl deep green highland lake draw attent beauti local legend surround mythic dragon reach remot lake involv rug ride chander gari cottag boga lake offer lodg option overnight stai feasibl lakesid barbecu amid hill popular eid activ seek trek keokradong bangladesh peak await provid time stamen align bichnakandi sylhet gowainghat bichnakandi spellbind travel destin locat 40 km sylhet citi cascad water meet rocki riverb seren embrac stream flow base india khasi hill piain river carv natur river island dot hous add ether layer surreal landscap distant mountain shield paradis enhanc seclus pass sylhet airport road bypass reach hadarpar half hour hour boat ride lead bichnakandi experi nearbi site barahil panthumai fall lakshanachara worth includ khoiyachora fall mirsharai hide deep fold mirsharai khoiyachora waterfal flow distinct cascad echo rhythm sound rush water reach thakurda dighi journei lead unfold live landscap enthral villag trail narrow bamboo bridg forest carv path gradual lead upward hill step forward feel step nois modern sooth murmur water blend chirp cicada rustl leav remov stress routin life bath beneath fall offer sens renew night tent firefli light moon glow leav last impress travel mind access begin bu dhaka chittagong baratakia bazar khoiyachora ideal school altern interc train drop travel feni station mahip local buse visitor school cng ride mark final approach jhiri begin trek tea garden lawachhara moulvibazar sreemang kamalganj upazila hold distinct charm enrich manipuri commun tradit natur heritag seamlessli coexist kamalganj tourism hotspot hous lawachhara nation park bangladesh evergreen forest reserv wild trail lead remot hamham waterfal tranquil madhabpur lake adampur forest showcas region biodivers surround region boast hakaluki haor madhabkunda fall baikkabil bird sanctuari gagan thila float villag antehari tea garden mathiura icon layer tea sreemang layer diver travel reach sreemang bu train origin dhaka kamalganj access local transport kaptai lake rangamati large lake south asia kaptai lake appear stretch sky trap water surround green hill dot waterfal lake offer quiet grandeur boat ride vast expans medit experi sky deep green still feel infinit fame suspens bridg cascad shuvolong waterfal mark signatur sight reach chittagong dhaka travel kaptai bind bu baddarhat bu stand reach rangamati chalan beel nator spin nator sirajganj pabna chalan beel stand bangladesh large pond beel combin wetland merg vast sheet monsoon true beauti wetland emerg raini season journei begin heart capit rajshahi bind bu exit kachikata nator khubjipur villag chachkoir bazar offer vivid view sprawl beel chalan beel museum locat nearbi add context region ecolog cultur depth do miss nator signatur kachgolla experi exclus local sweet treat creat unforgett memori nikli haor kishoreganj scatter settlement resembl float island boat ride reveal scene fish net shimmer water wetland brim natur beauti nikli upazila kishoreganj heavenli haor stage bring sky water villag life visitor spot nightshad grove rise gentli water freshli catch fish haor culinari highlight train dhaka reach manikkhali gachihata station kishoreganj sadar nikli 14 kilometr reach local transport bike cng altern reach katiadi upazila bu arriv katiadi bu stand 22km ride cng reach haor gatewai nikli sadar bottom line ten stun travel destin promis seren summer escap peac eid celebr bangladesh china clai hill zealand para bichnakandi seren trail tea garden lawachhara whisper natur calm niladri lake shimmer rug charm boga lake wind sangu river khoiyachora fall roar hill kaptai lake reflect vast green silenc chalan beel stretch monsoon glori nikli haor float wateri exot tourist spot bangladesh offer quiet scenic mysteri experi eid vacat,lifestyle,https://en.ittefaq.com.bd//en.ittefaq.com.bd/12007/top-10-peaceful-eid-summer-escapes-in-bangladesh,201,4,0.9996364877679784,Economy
"Publish : 21 May 2025, 19:46",Swim lessons can be lifesaving for children with autism,particip fish fish swim school autism condit significantli increas risk drown danger parent profession recent datum underscor sever florida 100 child autism undergo diagnosi drown 2021 child servic council palm beach counti reveal critic issu child autism urgent swim instruct access challeng life chang love chrisostom panick early 6 son wander home neighborhood fill lake previou attempt swim lesson fail wouldn enter pool tailor environ fish fish particip uncomfort head wet instructor gentli shift posit keep relax autism affect 1 31 child water safeti urgent wake tragic incid 2014 drown avont oquendo york teen autism formal studi limit 2017 research find individu autism significantli risk drown due tendenc wander limit percept danger dr guohua li columbia univers research parent child autism local exampl heartbreak child escap dog door drown backyard pool slip playground fenc di canal manag bypass makeshift barrier drown nearbi lake respons offici compil nation databas dr li argu swim instruct consid primari intervent child autism child autism thrive water highlight 2017 documentari swim team learn essenti surviv skill session special aquat therapi occup therapist michel alaniz famili hesit enrol child swim lesson fear overstimul loud nois set child remov mainstream program aren equip support privat lesson offer solut prohibit expens instructor understand autism commun prevent meltdown pool set crucial lindsei corei son didn benefit tradit home privat lesson mean progress program teacher special autism train effort address gap grow autism swim australian nonprofit report 1 400 instructor global complet train 2016 palm beach counti local offici alloc 17 000 autism societi america train swim instructor 13 500 support program fish fish jon burstein research counti drown datum current class includ dozen child local autism specif charter school initi hesit board bu april step pool confid girl practice hold breath float board beam swim foam noodl mother jana agostino lesson critic daughter fearless jump bodi water know swim pool edg boi carefulli enter water join fish fish founder melissa taylor copi underwat dip retreat hand gestur signal instructor quickli respect take time build trust taylor interpret repetit movement sign excit distress class continu chrisostom son emerg water beam smile learn valuabl skill mother matter simple happi,lifestyle,https://en.ittefaq.com.bd//en.ittefaq.com.bd/12000/swim-lessons-can-be-lifesaving-for-children-with,202,5,0.9991079857880508,Crime
"Publish : 13 May 2025, 13:42",8 ways to travel more sustainably in 2025,your readi book holidai your awar import minimis travel footprint begin your stump your book report find sustain 84 global travel report bbc desir travel green strong path eco tourism unclear trip studi find half travel confus sustain travel mean 2025 world travel tourism council report reveal cost major barrier global tourism bounc environment pressur intensifi 2025 crucial rethink travel simpl practice impact travel choic sacrif joi comfort road plan holidai 2025 expert recommend passiv tourist visitor make posit impact destin regen focus trip involv hand conserv ecuadorian ecolodg choos australian hike experi help reviv aborigin cultur fiji loloma hour encourag travel dedic hour stai posit environment cultur social impact activ hawaii mālama experi encourag visitor environ local commun habitat restor beach cleanup 2025 travel increasingli awar social cultur impact tourism book com 2025 travel sustain report time half global travel awar tourism impact local commun environ overtour protest ramp 2025 unafford hous popular destin grow call mind travel environment element sustain travel reduc carbon emiss plastic dr susann becken professor sustain tourism australia griffith univers growth tourism put pressur commun tourism hotspot do engag anymor steer popular destin peak time respect local cultur peopl hire local indigen guid purchas mindfulli accommod souvenir reduc pressur commun rememb destin visit someon home becken hotel holidai accommod contribut proport co2 emit tourism sector option emerg world carbon posit hotel populu 2024 ihg launch brand net hotel uk march 2025 voco zeal exet scienc park sustain travel sustain travel ultim minimis harm visit peopl live maximis benefit involv share principl eco tourism sustain travel broad encompass travel natur tout paradigm sustain travel regen tourism share fundament principl sustain tourism emphasi leav destin find do luxuri safari lodg budget sustain accommod choic network uk hike hotel offer free minim impact stai earthship offer uniqu net accommod europ social impact drive afford accommod provid social hub hotel rome march 2025 due porto destin easy travel minimis impact arriv initi wast dine electr safari decarbonis entir visitor economi destin green isnt air travel remain carbon intens tourism becken note sustain aviat fuel solv aviat soar emiss question hotel book new rail travel enthusiast slay opportun 2025 memor low impact rout destin australia indian pacif extend journei perth sydnei dai train experi leg la dolc vita orient express itali homegrown luxuri train inaugur journei rome tuscan hill town montalcino april expect complet 2025 portug evora elva rout link speed network eventu connect madrid lisbon hour renew version legendari orient express carri passeng istanbul pari due roll 2026 budapest belgrad line fly choos low emiss flight book platform googl flight displai averag emiss rout book economi seat prioritis direct flight reduc emiss stand cabin wastag air zealand alaska airlin latam sa airlin mean step reduc singl plastic flight carbon offset flight verifi scheme undo damag expert agre anthoni bourdain famous travel reward educ live philosophi sustain travel sustain learn visit book indigen lead tour record demand nation experi australia coincid launch tour 2025 includ byron bai storytel walk offer power connect australia popular coastal holidai destin nativ nation tourism boom north america american indian alaska nativ tourism associ name oklahoma chickasaw cultur center offer guid tour daili stomp danc demonstr cultur heritag experi 2025 calcul carbon footprint travel track impact univers california berkelei coolclim calcul app immers natur alltrail featur 450 000 trail globe includ top 25 trail explor 2025 discov plant base dine option world happi cow name london vegan friendli citi 2025 connect travel 800 000 drink water sourc worldwid dropli make easi avoid plastic water bottl social medium blame contribut overtour issu research forc share posit sustain travel experi enjoi visit vilniu european green capit 2025 share follow inspir jwari fetch ari imag jw68348edbcd7c6 decept sustain claim greenwash increasingli preval tourism industri busi capitalis grow demand eco tourism 2024 major airlin includ air franc etihad lufthansa qanta accus mislead sustain claim book drop travel sustain programm regulatori backlash legisl adopt europ call green claim direct hard compani greenwash roll global becken consum stai sharp resourc sustain travel intern guid avoid greenwash tourism do underestim guest review leventh platform googl offer honest insight properti tourism experi live promis recognis privileg travel freeli percentag world popul step travel forc privileg travel power spend travel monei experi peopl planet choos anim friendli experi ensur activ particip vulner child safe do exploit cultur commun argu privileg doesnt power responsibli pai forward,lifestyle,https://en.ittefaq.com.bd//en.ittefaq.com.bd/11896/8-ways-to-travel-more-sustainably-in-2025,203,4,0.9996307302543378,Economy
"Publish : 05 May 2025, 10:23",The language of leaders,diver fast chang busi environ southeast asia organis invest leadership develop invest connect share leadership languag isn commun creat common think speak lead align senior execut line manag organis purpos strategi cultur strategi fall flat report bangkok post leadership languag matter advertis organis cultur organis intent leadership languag leadership languag valu post wall peopl lead decis talk perform respond challeng languag inconsist unclear confus spread team interpret strategi initi lose momentum silo grow share leadership languag level power peopl align commun confid move purpos southeast asia uniqu urgenc southeast asia rapid econom growth complex workforc dynam align organis oper multipl countri cultur gener bring lead strong leadership languag doesn era diver structur creat clariti complex empow leader level carri compani vision forward consist authent risk leadership gap recent datum 97 southeast asian human resourc leader shift focu hire develop leader intern develop isn learn appli leadership miss compani unifi framework leadership languag ti develop real behaviour busi goal cultur valu leadership fragment strategi execut suffer practice organis strong leadership languag exhibit align decis leader depart level similar principl prioritis commun act cultur consist team leadership feel organis creat trust safeti belong fast execut common understand languag team move quick few misunderstand strong talent pipelin futur leader groom framework transit smooth sustain build leadership languag leadership voic unit southeast asian ceo share recent wasn creat share leadership languag peopl stop start will lead shift chang bottom line southeast asia fast move stake busi world leadership align nois share leadership languag nois power coordin voic drive strategi strengthen cultur build leader organis speak word lead set organis,lifestyle,https://en.ittefaq.com.bd//en.ittefaq.com.bd/11766/the-language-of-leaders,204,5,0.9991117617789615,Crime
"Publish : 19 Apr 2025, 19:04",How Does Fashion Waste Contribute to Environmental Issues?,fashion industri prais product cultur contribut environment damag sector world impact stretch natur resourc climat pile mass landfil pollut clog water air unbreath destroi balanc earth resourc atmospher fashion wast life imposs planet unb report fashion wast term fashion wast refer useless materi natur produc manufactur textil product throw includ wear cloth materi wastewat plastic wast toxic dye discard discharg term fashion wast highlight wastag relat garment fabric branch poison discharg biodegrad wast pollut energi natur element earth water air manufactur cycl garment product fall definit fashion wast kei environment impact fashion wast landfil overflow fashion wast synthet fibr polyest nylon acryl element centuri decompos mix soil decompos region earth mile mile occupi massiv pile biodegrad materi slowli erod releas poison soil air region unliv 2018 singl handedli gener 11 3 million tonn textil wast 66 landfil water clog pollut fashion wast contamin water chemic transform natur clog insolubl materi plastic chemic pollut textil dye world common large water contamin river bangladesh india buriganga gang carri mark devast impact textil wast synthet plastic materi water clog imped usual flow prevent water pass primari reason clog drain sewerag synthet cloth releas microplast water wash dump water bodi microplast invis insolubl fibr travel river current fall ocean accumul amount consum marin life greenhous ga emiss dump cloth wast landfil doesn pile occupi space decomposit releas methan primari catalyst global greenhous effect 25 time potent co2 studi find fashion manufactur industri highli energi intens manufactur singl shirt 2 700 litr water 2 1 kg emit pair jean produc 33 4 kg cotton cultiv dye phase current product acceler rate fashion industri emiss rate increas 50 2030 interfer regulatori bodi resourc deplet fashion industri resourc deplet sector cotton cover 2 5 world farmland consum 24 insecticid 11 pesticid huge environment cost singl crop polyest common fabric cloth find 60 garment crude oil ty fast fashion directli fossil fuel deplet impact doesn stop raw materi dye finish stage textil product chemic intens respons 20 global industri water pollut 43 million tonn chemic pour process conclus environment cost fast fashion stylish choic daili wear industri top catalyst environment degrad air water pollut chemic runoff mount landfil wast prevent demand consum consciou purchas innov sustain materi ethic manufactur fashion wast manag practice,lifestyle,https://en.ittefaq.com.bd//en.ittefaq.com.bd/11559/how-does-fashion-waste-contribute-to-environmental,205,7,0.5491792898500111,Education
"Publish : 10 Apr 2025, 16:55",iPhones may get more expensive,pai 1 000 iphon sound expens consum brace sticker shock presid donald trump tariff foreign specif sourc china expect heighten price everydai tech product iphon laptop car gadget headphon comput mouse report cnn iphon price rise substanti possibli matter week month analyst speak cnn tech compani appl suppli chain base china 125 tariff mean product materi countri bind expens escal ongo trade war beij trump announc wednesdai 90 dai paus reciproc tariff countri china term appl partner carefulli manag iphon inventori store trump administr tariff stick appl term adjust sourc build potenti releas product appl receiv exempt tariff product trump previou administr hasn indic grant similar immun time appl period pain jack leathem analyst market research firm canali cover smartphon industri price rise appl declin comment iphon price chang 90 appl iphon product assembli base china wedbush secur estim iphon price rise trump tariff remain air time depend appl iphon inventori hing consum demand ahead anticip tariff price hike appl isn expect releas iphon septemb price rise soon appl run current stock realiti price increas hit phone appl inventori run ryan reith vice presid intern datum corpor idc worldwid devic tracker reith estim appl week inventori maxim canali believ iphon inventori month counterpoint research firm monitor global smartphon shipment estim appl 4 5 week inventori februari datum spike level gerrit schneemann senior analyst counterpoint email new trump tariff impact smartphon shipment leathem canali large shipment devic market recent week price depend appl partner decid absorb addit cost analyst ub predict base model 1 199 iphon 16 pro max assembl mainland china increas 675 56 iphon 16 pro assembl india 120 increas estim releas trump rais levi enter china 125 wireless carrier offer discount previou gener phone push custom devic low inventori reith servic provid typic offer monthli instal payment plan phone reliev cost pass consum datum analyt firm consum intellig research partner 55 phone buyer includ purchas flip phone basic mobil phone purchas devic instal plan appl deal tariff term trump believ iphon product move white hous press secretari karolin leavitt tuesdai possibl past appl shift suppli chain india vietnam reduc relianc china appl reportedli sourc bind iphon india china recent dai report financi time time india shift product appl sourc compon asian countri bank america analyst write research note april 3 insid china reith chang anytim build iphon expens partial labor cost willi shih professor manag practice busi administr harvard busi school bank america research cost roughli 20 iphon wedbush secur analyst dan iv iphon pricei 3 500 appl announc februari plan invest 500 billion expand footprint iphon factori aren commit includ server product facil power appl intellig softwar featur detroit academi train busi manufactur techniqu plan build facil unclear trump tariff remain big simpli build factori find american hard press scale labor shih hard press peopl type job question appl broad product launch schedul compani large market increasingli challeng tariff potenti strategi mitig tariff impact suppli chain price increas bank america note april 3 report appl hasn mention product lineup strategi respons tariff reith compani adjust product launch schedul temporarili shift regular product launch cycl tariff persist opinion hasn hear plan dai pandem 2020 appl announc iphon octob septemb tabl reith,lifestyle,https://en.ittefaq.com.bd//en.ittefaq.com.bd/11427/iphones-may-get-more-expensive,206,3,0.9994860012927145,Entertainment
"Publish : 29 Mar 2025, 19:15",Why fruits on empty stomach may not be ideal,fruit hail vital healthi diet pack essenti nutrient vitamin miner fibr stapl weight loss plan due low calori nutrient profil start dai consum fruit morn empti stomach choic benefit expert eat fruit empti stomach ideal unb report fiona sampat clinic dietitian kokilaben dhirubhai ambani hospit mumbai recent discuss topic interview ht lifestyl explain advis consum fruit morn suggest altern kickstart dai healthi manner peopl consum fruit empti stomach enhanc health benefit fiona argu scientif evid support claim eat fruit morn lead rapid spike blood sugar level due natur sugar fruit sudden increas glucos consum food stomach result bodi experi quick rise sharp drop blood sugar lead fatigu hunger pang fluctuat glucos level specif health concern diabet rapid blood sugar variat problemat addition consum fruit citru varieti orang sweet lime empti stomach lead gastric discomfort fruit acid irrit stomach line potenti caus discomfort bloat good gain popular home potenti downsid eat fruit empti stomach fiona emphasis fruit elimin morn diet chang consum pair fruit healthi fat protein moder sugar spike provid sustain energi boost morn pair fruit nut seed protein sourc curd buttermilk milk lentil reduc blood sugar fluctuat combin essenti nutrient support health studi show eat fruit meal morn reduc energi intak increas feel full assist weight manag kei fiona stress import consum fruit fruit juic juic lack fibr micronutri find fruit mean don offer health benefit your healthi altern start dai fiona suggest option boost energi digest health includ nut seed almond walnut unsalt pistachio flaxse pumpkin seed excel choic rich omega 3 fatti acid provid sustain energi boost hot water concoct drink jeera water cumin coriand seed water fennel seed water turmer water pack antioxid anti inflammatori properti support metabol digest chia seed water chia seed sourc omega 3 fatti acid fibr promot heart health regul blood sugar provid sens full lemon water refresh option help hydrat digest healthi dose vitamin milk protein rich beverag support bone health help stabilis blood sugar level adjust pair fruit healthi fat protein enjoi benefit fruit avoid blood sugar spike addition explor nutriti option morn ensur healthi energis start dai,lifestyle,https://en.ittefaq.com.bd//en.ittefaq.com.bd/11290/why-fruits-on-empty-stomach-may-not-be-ideal,207,6,0.9992987698316871,Health
"Publish : 15 Mar 2025, 12:36",Models are 'too fat',boss onlin cloth brand snag tell bbc 100 complaint dai model advert fat chief execut brigitt read model size 4 38 cloth frequent target hate post weight report bbc brand cite onlin debat advert unhealthili fat model ban advert model appear unhealthili thin ban uk advertis watchdog ban ad model unhealthili underweight overweight due societi aspir thin advertis standard author asa receiv 61 complaint model weight 2024 vast major model appear thin grind investig complaint snag catherin thom read bbc report advert ban touch find hypocrit ban advert model thin social irrespons model obes bodi posit 36 edinburgh peopl contact bbc view reddit thread 1 000 comment theme thom bombard imag obes girl tight bui snag pregnant snag tight plaster morbidli obes peopl social medium allow photo model isnt fair polit correct bodi posit advert normalis unhealthi weight obes sever underweight equal harm fat phobia snag founder be read shame fat peopl lose weight impact mental health physic health idea ban advert model big bodi symptom societi fat phobia 100 staff 12 dedic remov neg comment promot bodi posit fat peopl exist theyr equal valid thin peopl bui cloth peopl worth big model size shape ethnic abil valid repres sophi scott 27 salon owner lossiemouth scotland model snag receiv posit neg comment size social medium your beauti lose weight start model size 30 lose weight im receiv hate comment peopl sophi onlin comment tell unhealthi fit measur assumpt do activ level peopl your glorifi obes do peopl similar bodi type messag size youv inspir wear take hate comment iv help person accept bodi hate comment do bother fashion journalist victoria moss believ depress debat societi big bodi advertis campaign youd pretti hard push genuin size model retail websit mid size 10 12 14 16 averag size woman uk issu advert model context provoc peopl eat disord seek imag thin peopl thinspir pictur big person theyr drive bui 10 mcdonald fat jess tye asa tell bbc watchdog 35 000 complaint advertis 2024 receiv 61 complaint 52 advert relat model weight advert investig encourag peopl aspir unhealthi bodi weight advert simpli promot bodi confid model relev product size ring investig wide societ context uk societi view thin aspir overweight,lifestyle,https://en.ittefaq.com.bd//en.ittefaq.com.bd/11090/models-are-too-fat,208,3,0.9991936795424781,Entertainment
"Publish : 15 Mar 2025, 10:29",Cutting TV time likely lowers heart disease risk,limit daili televis view hour reduc risk heart attack stroke cardiovascular diseas individu genet predisposit type 2 diabet research studi publish wednesdai journal american heart associ explor genet suscept type 2 diabet interact tv watch habit relat atherosclerot cardiovascular diseas ascvd condit caus plaqu buildup arteri unb report type 2 diabet sedentari behavior includ prolong sit kei risk factor ascvd lead author dr youngwon kim professor univers hong kong school public health tv view make signific portion daili inact consist link risk type 2 diabet atherosclerosi kim note studi highlight potenti role reduc tv time prevent ascvd strong genet predisposit diabet ascvd encompass heart diseas stroke peripher arteri diseas lead complic reduc qualiti life arteri procedur amput prematur death research analyz genet lifestyl medic datum 346 916 adult uk base biomed databas particip averag ag 56 monitor 14 period 21 265 individu develop ascvd assess genet risk research calcul polygen risk score assess combin 138 genet variant link type 2 diabet particip categor low medium genet risk condit tv habit report divid watch hour daili watch hour 21 particip limit tv time hour watch hour daili face 12 risk develop ascvd genet risk diabet individu medium genet risk increas likelihood develop ascvd restrict tv time hour dai interestingli peopl low genet risk diabet watch hour tv daili slightli 10 ascvd risk 2 46 compar genet risk limit tv time 2 13 suggest reduc tv time kei behavior strategi prevent ascvd genet predisposit type 2 diabet studi author dr mengyao wang univers hong kong wang emphas encourag peopl genet risk minim tv time adopt healthy habit significantli improv heart health dr damon swift associ professor univers virginia depart kinesiologi involv studi support find research underscor impact lifestyl choic health swift add grow evid reduc sedentari behavior tv view effect intervent improv cardiovascular health elev risk type 2 diabet likelihood develop heart diseas,lifestyle,https://en.ittefaq.com.bd//en.ittefaq.com.bd/11088/cutting-tv-time-likely-lowers-heart-disease-risk,209,5,0.9990250976057277,Crime
"Publish : 11 Mar 2025, 23:48",Why people are cutting back their online profile,anita smith cautiou share onlin concern increas abus relationship partner stalk polic interven leave uk scale onlin profil era onlin presenc possibli includ remov locat post coupl instagram account be smith chang articl bbc report be smith commun linkedin account doesnt delet linkedin lot locat base post remain post recent im build brand im sceptic share origin privat facebook account clean check photo privaci post tag be smith awar term condit social medium platform follow ai trend lot imag train ai model do ethic guidelin massiv factor child social medium imag scam sophist research suggest peopl concern inform share onlin report statista 39 respond worri compani onlin datum quarter 26 admit vpn reason peopl reduc onlin profil peopl underappreci privaci vytauta kaziukoni chief execut surfshark secur softwar compani encrypt user onlin datum aim brow secur innoc inform bring difficulti 10 line chang law polit environ issu explos ai kaziukoni fraud essenti scam datum ai stage imperson peopl close add abil person inform share onlin deadli combin kaziukoni inform share onlin collect datum broke sell advertis kaziukoni inform scammer wild west graphic cursor hover button accept cooki expert recommend clear cooki browser minimis footprint firstli inform share onlin do share home address accid film video laptop background sensit inform onlin shop do add detail random websit date birth kaziukoni leak advis email address websit sign limit spam worth rememb datum protect law compani datum hold request delet compli receiv huge fine kaziukoni gu hosein execut director chariti privaci intern recommend reduc digit footprint suggest vpn virtual privat network price offer user privaci onlin recommend cooki blocker select web browser privaci control cooki underli solut remain pressur govern strong law protect hosein karen renaud comput scientist univers strathclyd secur privaci studi 15 privaci polici document lai compani datum find complic 32 minut read requir colleg level educ understand situat pretti dire advis idea cooki browser time time reduc cooki accept stop track googl make prevent track search peopl servic deletem surfshark remov person inform datum broke amanda unterrein product manag base datum remov servic deletem profil individu video game judg servic safeti measur judg theyr announc decis hous mention kill early unit healthcar chief execut brian thompson stori spark regular peopl protect be unterrein process datum remov join compani live phone iv email address page googl steal ident real person damag compani offer servic mask hous googl map street view properti pixel multipl reason saam collingwood live stratford avon cut onlin profil incid includ person facebook account email client employ unhappi photo night didnt incid troll strange onlin post video learn danc routin youtub rise onlin fraud convinc reduc onlin profil hasnt complet era onlin presenc post regularli facebook reduc do peopl tag peopl know im home time remov tag upgrad anti viru secur softwar servic onlin secur firm norton websit werent take detail make comfort downsid onlin miss friend facebook peopl contact be smith kaziukoni common hear peopl do care privaci believ flaw argument hide mind share singl email curtain home feel privat human natur,lifestyle,https://en.ittefaq.com.bd//en.ittefaq.com.bd/11051/why-people-are-cutting-back-their-online-profile,210,5,0.9994581266828902,Crime
"Publish : 09 Mar 2025, 10:56",Essential health tips for Ramadan,ramadan sacr month muslim fast specif period dai diabet patient worri manag diet fast dr dwipen roi chowdhuri health tip diabet patient observ ramadan stai healthi essenti guidelin diabet ramadan start iftar date diabet begin iftar date rich fiber miner vitamin spike blood sugar level benefici health opt natur fruit juic sugari drink sugar sweeten beverag rais blood sugar level diabet drink natur fruit juic bael watermelon ripe mango ripe papaya orang juic ad sugar coconut water lemon salt water maintain hydrat yogurt base drink pinch salt benefici includ protein veget suhoor suhoor includ protein rich food egg lentil fish chicken limit beef consumpt week fast glass water lead hypoglycemia diabet consum type veget suhoor leafi green avoid night prevent digest issu avoid over fri food avoid excess eat iftar limit deep fri item fritter samosa chickpea snack opt healthy protein sourc raw chickpea ginger mint boil chickpea mix cucumb tomato salad sweet sour fruit salad option iftar eat roti oat milk yogurt rice medic insulin manag adjust insulin medic dosag consult doctor meal time delai iftar insulin 10 15 minut iftar precaut uncontrol diabet carri glucos mix water blood sugar drop low break fast immedi seek medic advic feel weak guidelin diabet patient fast safe maintain health ramadan,lifestyle,https://en.ittefaq.com.bd//en.ittefaq.com.bd/11014/essential-health-tips-for-ramadan,211,6,0.9988160718572174,Health
"Publish : 02 Mar 2025, 14:46",10 Ramadan special mojito recipes,break ramadan fast cool refresh drink true delight mojito zesti minti citrusi flavor perfect iftar store buy drink prepar homemad mojito local ingredi tangi green mango sweet lyche special mojito recip bring twist bangladeshi flavor iftar tabl 10 uniqu mojito recip color delici hydrat unb report 10 nutriti tasti mojito recip ramadan classic lemon mint mojito ingredi juic 1 1 2 lemon tast 1 4 cup chill water 4 ic cube 15 leav fresh mint 4 5 tablespoon raw cane sugar tast chill sprite 7 requir 4 5 hajmola tast instruct crush hajmola fine powder mortar pestl set mason jar combin raw cane sugar chill water stir sugar dissolv add fresh mint leav gentli muddl spoon releas refresh aroma flavor add ic cube drink cool invigor pour chill sprite 7 fill mason jar enhanc fizzi sweet final sprinkl powder hajmola jar mix serv immedi tangi refresh drink green mango mojito aam panna ingredi 2 green mango 300 gram raw medium size 1 tablespoon black salt 1 tablespoon roast cumin powder mint leav lemon sugar syrup ic cube instruct pressur cook raw mango 2 3 whistl steam soft cool extract pulp discard seed skin mix cumin powder black salt pulp creat spice mango base refriger 3 4 dai classic aam panna dilut pulp water sweeten jaggeri sugar mojito muddl mint leav lemon slice highbal glass add ic cube 2 tablespoon spice mango pulp top chill sprite garnish mint lemon enjoi jwari fetch ari imag jw68348ee2b9329 lyche mojito ingredi 100 ml lyche juic 300 ml soda chill 6 lyche peel 15 mint leav 1 tablespoon lemon juic lemon 1 tablespoon powder sugar instruct muddl sugar lemon juic lemon slice lyche flavor combin fruit slightli crush add juic stir divid mixtur glass final top glass chill soda give drink refresh fizz serv immedi enjoi tamarind spice mojito ingredi 2 cup water 3 tablespoon tamarind chutnei teaspoon fennel seed teaspoon black salt 1 tablespoon sugar 1 inch ginger grate kashmiri red chilli powder lime wedg mint leav canada spin-dry option instruct pan medium heat add water tamarind chutnei fennel seed black salt sugar grate ginger stir wire whisk mixtur heat reach gentl boil heat cover pan sit 30 45 minut flavor infus strain liquid chill hour dai advanc serv mix black salt kashmiri red chilli powder plate rub lime wedg glass rim dip spice mix muddl mint leav lime insid final add ic tamarind water top canada spin-dry serv watermelon mint mojito mocktail ingredi 2 cup watermelon cube 2 lime juic 1 2 tablespoon sweeten mapl syrup honei sugar option 15 20 leav fresh mint sparkl water ic cube fresh mint slice lime instruct watermelon juic blend fresh watermelon lime juic mint leav sweeten smooth transfer juic jar refriger hour immedi 1 cup juic ahead store guest arriv readi serv muddl mint leav slice lime bottom glass pour cup watermelon juic glass add ic cube top cup sparkl water tast adjust sweet garnish extra watermelon piec lime slice serv immedi enjoi cheer coconut pineappl mojito ingredi lime cut segment 6 mint leav fresh 6 ic cube cup coconut water 1 cup pineappl juic honei glass rim desicc coconut spin-dry toast glass rim tablespoon pineappl instruct toast desicc coconut spin-dry pan low heat lightli golden spread honei plate ensur match diamet glass dip rim glass honei rotat toast coconut coat repeat glass add lime quarter mint leav glass muddl releas juic flavor drop ic cube glass pour coconut water pineappl juic garnish pineappl wedg rim decor touch serv immedi enjoi refresh tropic flavor delight drink spici pomegran mojito mocktail ingredi 5 6 fresh mint leav 1 tablespoon honei 120 ml pomegran juic juic lime 90 120 ml soda water crush ic pomegran aril mint leav lime wedg garnish instruct add fresh mint leav highbal glass gentli muddl releas aroma fill glass crush ic pour 1 tablespoon honei 120 ml pomegran juic juic half lime stir combin flavor top 90 120 ml tonic water refresh fizz stir garnish pomegran aril lime wedg fresh mint serv immedi enjoi vibrant slightli sweet refresh drink orang mocktail ingredi fresh orang juic 2 orang water requir 4 tablespoon sugar sugar syrup cup 15 mint leav fresh lemon juic half lemon soda water sparkl water brim 4 thin lemon slice 8 ic cube 4 thin orang slice instruct start squeez fresh juic orang lemon separ contain mix water sugar creat thick syrup slice orang lemon thinli 2 slice tall glass 5 mint leav bottom divid sugar syrup equal glass press orang lemon slice wall decor pour fresh orang lemon juic glass add 4 ic cube top soda sparkl water garnish mint leav serv immedi enjoi cucumb mojito mocktail ingredi 1 cucumb die 1 mini cucumb slice garnish 1 cup crush ic cup soda water 7up 10 fresh mint leav divid 2 fresh mint leav garnish 2 lime juic 2 teaspoon cane sugar instruct add cucumb sugar mint cocktail shaker muddl fragrant add club soda lime juic crush ic shaker shake combin mix pour drink glass garnish remain mint leav slice mini cucumb refresh touch serv immedi enjoi cool minti beverag strawberri lime mojito mocktail ingredi 12 14 strawberri stem remov 8 12 mint leav 2 1 2 cup sprite 1 8 cup fresh lime juic mint leav lime slice garnish instruct add strawberri mint leav pitcher gentli muddl muddler wooden spoon extract juic care tear mint leav muddl add lime juic sprite pitcher stir combin desir fill glass crush ic pour virgin mojito mixtur ic garnish extra mint leav lime slice refresh touch serv immedi enjoi fruiti minti beverag final word homemad mojito bring burst flavor perfect quench thirst dai fast fresh ingredi natur sweet healthi altern store buy drink easi recip iftar special,lifestyle,https://en.ittefaq.com.bd//en.ittefaq.com.bd/10938/10-ramadan-special-mojito-recipes,212,9,0.9996527312169359,Technology
"Publish : 10 Feb 2025, 10:59",Rising divorce in Bangladesh: Causes and consequences,divorc rariti bangladesh rate marit breakdown sharp increas recent domest violenc dowri demand extramarit affair emerg primari reason grow close real life expert opinion shed light deep seat issu lead break famili scar domest violenc neha real 28 envis happi life marri wealthi famili gulshan marriag peac time pass realiti harsh english medium school famili father law tell didn job monei wasn issu husband involv busi mean late night frequent drink lash issu stai quiet think chang neha share abus escal reach unbear level final decid leav refrain file time gather courag deserv neha stori uniqu domest violenc remain lead divorc leav woman physic emotion shatter burden dowri practice dowri legal prohibit continu social cur woman trap marriag law treat mere financi asset sohana real 26 recal relentless demand law father provid tk 6 lakh gold jewelleri wed monei furnitur return 15 dai demand televis refriger parent husband pressur couldn arrang monei throw verbal abus physic violenc eventu choose leav search job middl class famili choic extramarit affair break trust foundat marriag break relationship crumbl divorc stem extramarit affair increasingli common woman sonia real 25 find abandon vulner pregnanc expect move mother hous care learn husband woman deni confront proof didn hide anymor tell leav recount sonia affluent background initi stai silent husband refus financi respons legal action victim betray kabir real 42 marriag discov wife involv chang complet child bear notic stai late ly whereabout constantli chat dai undeni proof kabir discoveri leave devast child respons daughter son mother break heart expert analysi grow crisi barrist shubhra chowdhuri suprem court lawyer human right activist wit alarm rise divorc verbal abus domest violenc extramarit affair lead separ infidel common woman result extrem consequ includ murder rape suicid advis marriag toxic leav engag crimin act relationship unbear legal moral walk resort violenc law enforc perspect raju ahm inspector hatirjheel polic station previous serv gulshan domest violenc frequent unreport peopl drink parti night return home physic abus wive victim forward legal protect implement divorc legal stigma woman law exist protect victim enforc remain inconsist barrist chowdhuri emphasis strong implement law law properli enforc domest abus dowri relat violenc continu destroi live unspoken toll legal financi struggl divorc take heavi emot toll involv child trauma break home lifetim shape individu view relationship trust divorc rate continu rise imper address root domest violenc financi exploit infidel awar legal support societ chang healthi societi begin strong respect relationship,lifestyle,https://en.ittefaq.com.bd//en.ittefaq.com.bd/10697/rising-divorce-in-bangladesh-causes-and,213,7,0.608486480522414,Education
"Publish : 10 Jan 2025, 14:29",Workplace boundaries boost health and well-being,career justin stewart balanc multipl job meet time new product assist 3 noon rush job rend car airport pull shift retail store report unb quot ap time sleep car job eventu hospitalis exhaust staph infect morn coffe low risk death studi peopl admir hustl pay price stewart recal doctor tell stress quit 36 stewart set boundari job realis manag extra incom colleagu contact hour duti offer altern contact set boundari life difficult struggl manag enjoi satisfact plea expert emphasis learn declin request crucial safeguard physic mental health skill establish boundari easy practice expert organis behaviour specialist worker share strategi set limit schedul intention ad task calendar counterproduct reduc workload control time bobbi dutton founder event product compani gbm6 method call aggress calendar schedul task prone procrastin handl contract mondai 2 avoid overload book time regular task coffe walk dog eat lunch prepar script unaccustom write will rehear stewart practis inform colleagu workload overwhelm phrase lot stori manag cara houser workplac engag coach suggest don justifi refus simpli unavail time hope capac time person argu houser advis respond understand feel have decid handl entrepreneur amber krasinski rais class environ refus boss lose pai project phrase help situat underus type care stroke recoveri report limit tempt agre step choic respond request minut assess workload energi prioriti suggest israa nasir york base psychotherapist nasir recal boss frequent text relat queri 10 weekend don text propos check weekend plan time nasir advis keep track activ interact leav feel drain add list tool decid declin doesn reject request technologi wise mobil devic easy blur line person time limit distract realis check email weekend nasir move gmail app page iphon fridai night sundai night email signatur manag expect candic pokk senior consult organis effect segal includ notic email read receiv email normal hour have time respond suit select meet onlin meet common easi fill calendar invit accept invit leav time task janin pelosi ceo video technologi compani neat believ worker feel free leav meet aren relev environ unsur meet pelosi recommend request agendum desir outcom advanc set time limit lori perkin 65 hour cancer diagnosi chang routin chemotherapi manag hour dai feel sluggish drain treatment perkin realis surviv question continu pace limit owner riverdal avenu book 50 hour week reduc manuscript review send reject letter tell author check month hectic practice head journal record experi time enjoi museum friend theatr chang life perkin person embrac,lifestyle,https://en.ittefaq.com.bd//en.ittefaq.com.bd/10333/workplace-boundaries-boost-health-and-well-being,214,5,0.9993548280305707,Crime
"Publish : 08 Jan 2025, 15:11","Best air purifiers in Bangladesh: Models, prices & buying tips",dhaka bangladesh bustl capit consist rank world pollut citi alarmingli air qualiti index aqi classifi unhealthi improv citi air pollut term challeng step enhanc indoor air qualiti invest reliabl air purifi effect breath clean air home offic report unb guid cover popular air purifi model price ring tip choic air purifi air purifi home applianc circul purifi air enclos theatr air purifi devic opposit direct channel pull pollut air push filter filtrat technologi hepa filter depollut agent activ oxygen clean air benefit air purifi breath air tremend health benefit chronic diseas occur inhal pollut dusti air instal air purifi remov allergen allergen air trigger symptom sneez congest wateri itchi ey runni nose phlegm throat rash sore throat air purifi reduc allergen load air harmless level reduc asthma trigger hepa filter test certifi remov 99 97 pollen dust airborn particl trigger asthma relat difficulti reduc airborn pathogen purifi hepa filter catch bacteri viral pathogen scale free indoor air epidem contamin covid hmpv filter odour harm gase human live space odor reason gener deleteri gase purifi lifesav remov odor gase air tip choos air purifi home offic bui air purifi expect protect choose carefulli kei choic consider buyer bui decis frequenc cost replac filter filter requir replac 6 12 month regular activ carbon filter durat 3 month purifi provid indic light condit filter warn immin replac learn filter cost averag replac frequenc suitabl budget air deliveri rate cadr measur amount air purifi clean capac purifi cadr 250 gase reduc amount harm ga level replac 250 cubic foot contamin air volum fresh air cadr power fast purifi size measur size pick purifi cover space manufactur claim actual capac purifi buyer research talk exist user check review platform choose purifi nois noisi air purifi difficult live disrupt peac environ check decibel level devic packag bui type filter singl air purifi filter sort pollut design catch biolog pollut dust pet dander filter chemic pollut carbon monoxid air purifi type base filter technologi mechan filter purifi fan forc air den web fine fiber catch particl hepa filter qualiti fiber web fine mesh catch microscop particl mechan filter filter gase odor carbon filter purifi activ carbon filter effect type gase ammonia formaldehyd nitrogen oxid remov odor particl air air filter mechan activ carbon filter provid increas protect carbon fiber satur easili frequent clean replac ozon gener devic ozon alter chemic composit pollut result recommend indoor air qualiti danger electrostat ioniz purifi electrostat model charg aerial particl creat magnet effect stick particl nearbi surfac plate attach purifi purifi recommend produc ozon ultraviolet germicid irradi uvgi purifi nowadai uv lamp kill airborn pathogen featur increas purifi protect measur photocatalyt oxid pco photocatalyt oxid react harm pollut ineffect process creat harm byproduct recommend air purifi bangladesh 2025 electron home applianc manufactur air purifi market price base design capac filtrat technologi notabl air purifi bangladesh low ring beko air purifi p6 beko air purifi p6 simpl air purifi devic singer featur cadr 204 hour 3 stage filtrat system combin hepa 13 filter activ carbon filter simpl pre filter purifi clean 323 sf 27 minut bdt 9 038 xiaomi smart air purifi 4 lite googl assist xiaomi smart air purifi 4 lite clean air 120 squar meter hour cadr 360m captur air particl 0 3 micron produc low sound measur 33 4db feel whisper pm2 5 sensor monitor inhous air condit user purif purifi bangladesh approxim bdt 17 200 mid ring philip ac0650 44m air purifi philip ac0650 offer air purif 44 featur cadr 170 ultra quiet oper 19 db wi fi connect air app compact design dual filtrat system combin hepa pre filter filter purifi bdt 24 790 samsung 645sq foot air purifi samsung air purifi purifi 60 nois level 50 dba featur pre filter dust collect deodor filter dust odor sensor wi fi connect child lock auto mode oper 60w purifi price bdt 37 900 premium ring sharp air purifi humidifi sharp kc g50saw combin air purif humidif coverag 38 featur 7 sensor system includ pm2 5 odor dust sensor equip hepa filter plasmaclust ion technologi smart displai oper quietli 52 db purifi bdt 54 500 fujita bkj 60b fujita bkj 60b combin hepa filter ioniz photocatalyst filter protect cover 775 sq ft featur uv lamp technologi 180 degre rotat 4 speed set purifi durabl plastic bodi 1 000w power consumpt price tk 58 500 conclus unhealthi statu dhaka air qualiti global concern frequent airborn epidem invest qualiti air purifi ensur safeti famili factor choos air purifi purifi indoor air home offic,lifestyle,https://en.ittefaq.com.bd//en.ittefaq.com.bd/10305/best-air-purifiers-in-bangladesh-models-prices,215,5,0.9995088599485384,Crime
"Publish : 26 Dec 2024, 11:36",Smart Money-Saving Tips for 2025,rise inflat drive cost everydai necess manag regular expens feel overwhelm save futur build financi safeti net crucial 2025 save monei demand smart approach streamlin expens boost incom maxim financi effici discov action strategi safeguard financ thrive econom challeng unb report practice step save come set attain financi goal financi resolut do fade initi month set smart goal financi resolut fresh strong versatil defin short term save target build emerg fund hand term save target energ run race fulfil dream bui apart studi abroad retir fund burden strict frugal behavior wise set specif measur achiev relev time bind financi object save monei review expenditur product servic pai essenti luxuri track spend behaviour effect trick set realist save target don calcul head write cost paper util smart financi app person financ spreadsheet easili identifi spend pattern control expens review spend behaviour easili understand retrench instanc save monei doesn eat suffer malnutrit mean cut cost dinner replac homemad meal thrifti wardrob care winter cloth save monei bui shawl sweater nowadai peopl tend spend digit product month cancel unnecessari subscript reduc expens servic don regularli consid discontinu save monei shop groceri shop month week enjoi discount cashback compar price nearbi groceri shop super shop market product reason price grow veget rooftop balconi save monei groceri don forget negoti low rate product servic budget fix weekli monthli budget hard control cost diver sector groceri cloth travel spous child elderli famili depend kind expens prepar budget creat budget month week implement 50 30 20 rule mean alloc 50 30 20 save debt repay grow earn save easy boost incom increas earn servic holder addit incom sourc freelanc tutor onlin busi learn skill career opportun promot nowadai diver intern platform reput univers offer free pay onlin cours rend unus asset car autom save set financi object budget forget monei save account reason avoid issu opt automat transfer fund yield save account dp reput bank bangladesh offer profit dp scheme automat transfer amount monei salari account dp account month minim loan debt avoid take loan debt bank lure peopl credit card person loan uncontrol credit card spend trap huge debt avoid follow budget strictli pai cash take person loan bank low rate flexibl repay option avoid take loan repai previou loan avoid loan wise build save raini dai monitor adjust regularli time necess earn spend behavior chang month fail control expenditur due unforeseen situat review budget financi goal monthli adjust strategi base life prioriti don forget celebr mileston stai motiv conclus save financi stabl independ mention hard time medic emerg unemploy period save financi protect mental strength save monei habit requir determin sacrific implement mention strategi significantli increas save 2025 build strong financi foundat,lifestyle,https://en.ittefaq.com.bd//en.ittefaq.com.bd/10157/smart-money-saving-tips-for-2025,216,3,0.9994495984635116,Entertainment
"Publish : 23 Dec 2024, 14:57",Kamal Uddin loyal to Ittefaq for 5 decades,md kamal uddin senior businessman kulaura municip moulvibazar loyal newspap decad own busi call panama sound servic locat northern citi deep passion new kamal uddin favorit newspap daili ittefaq 75 kamal uddin start dai busi eagerli await newspap deliveri 50 read daili ittefaq find public appeal trustworthi read habit kamal uddin explain meticul section paper cover topic religion polit opinion world new entertain industri commerc dai paper publish revisit previou edit satisfi appetit new kamal uddin son establish banker expatri share period ill father insist hear daili ittefaq newspap match credibl qualiti report express admir public kamal uddin remark daili ittefaq journei decemb month victori 71 remain popular hope continu thrive believ secret newspap endur success li abil evolv time stai true root,lifestyle,https://en.ittefaq.com.bd//en.ittefaq.com.bd/10129/kamal-uddin-loyal-to-ittefaq-for-5-decades,217,2,0.5244327394694012,Sports
"Publish : 22 Dec 2024, 13:23",10 Facebook scams to avoid this christmas,christma draw holidai shopper bustl activ scammer hard devis elabor scheme advantag festiv season facebook holidai shop platform hotspot sophist scam leav unsuspect user empti hand wors compromis report gulf new fraudster creat fake promot holidai gift box lure victim promis huge discount free gift win prize scam pull user fill survei pai fee harvest sensit datum process 1 fraudul holidai decor sale holidai season prime time scammer prei shopper festiv decor deal advertis exist subpar holidai decor low price here identifi scam protect fall victim true extra precaut avoid seller spot giveawai didn enter request person financi inform stai safe ignor unsolicit prize messag 2 fake christma gift box promot fake christma gift box promot common scam design exploit holidai spirit give excit festiv deal harmless entic scam pose signific danger person datum theft financi fraud malwar distribut loss time monei fake gift box scheme request process ship fee trick victim share credit card bank inform lead unauthor charg outright theft account click link promot download malwar virus devic harm program spy activ steal sensit inform lock file ransom ransomwar note fake gift box scam masquerad promot trust brand leverag reput gain credibl victim unknowingli trust engag scam perceiv legitimaci spot unrealist price massiv discount fake review contact inform custom servic poo rly design websit grammat error pixel imag inconsist design pressur bui quickli creat sens urgenc phrase limit stock offer protect skeptic free offer avoid click link check offici websit social medium page brand confirm promot legitimaci read refund polici check websit url start http displai padlock symbol compar price reput retail rush bui cautiou seller accept untrac payment method cryptocurr wire transfer gift card secur payment method monitor bank statement 3 fake onlin store scam featur ad post promot unbeliev deal bogu store mimic trust brand shopper receiv subpar spot overli gener discount refund polici fake absent custom review stai safe research store websit verifi legitimaci review extern platform 4 counterfeit product retail coupon fake coupon scheme design exploit shopper seek holidai discount spot suspici low price poor qualiti product imag scammer peddl fake luxuri design bag electron claim authent stai safe bui brand item offici retail 5 facebook marketplac fraud fake list demand deposit scammer target buyer attract offer don deliv spot seller avoid person transact payment request insecur method wire transfer stai safe insist transact secur payment method 6 subscript trap free trial ad product beauti item hide recur costli subscript fine print spot term buri unavail credit card requir free trial stai safe avoid trial requir payment detail 7 phish link clone websit scammer ad post link lead fake site design steal person financi datum spot mismatch suspici url lack http secur stai safe doubl check url enter inform 8 overpay scam fraudster pose buyer overpai fake check refund excess spot request refund altern payment arrang stai safe avoid deal unusu payment method 9 rental vacat properti scam scammer post attract properti list request deposit disappear spot refus meet person properti visit unrealist low price stai safe inspect properti payment 10 invest scam ad promot resel product return lead deliv spot urgent pressur tactic offer unrealist profit margin stai safe conduct due dilig payment meta warn mondai decemb 9 meta parent compani facebook whatsapp instagram announc drive combat holidai shop scam worldwid anti scam awar campaign 2 million deactiv account trace scam hub locat cambodia myanmar lao philippin facebook parent firm meta addit meta report signific enforc action region includ remov 15 000 phish url vietnam 9 000 singapor highlight global scale scam oper holidai season facebook 3 billion monthli activ user april 2024 2 11 billion daili activ user dau mean 68 85 monthli user log daili april 2024 facebook 3 billion monthli activ user mau facebook 2 11 billion daili activ user dau mean 68 85 monthli user log daili large ag facebook 25 34 29 9 cent activ user 18 24 ag make 21 5 cent activ user,lifestyle,https://en.ittefaq.com.bd//en.ittefaq.com.bd/10114/10-facebook-scams-to-avoid-this-christmas,218,3,0.9995603169832895,Entertainment
"Publish : 12 Dec 2024, 18:12",$6.2M banana traced to Bangladeshi vendor who sold it for 25¢ in NYC,justin sun chine cryptocurr entrepreneur art collector purchas famou 6 2 million banana tape wall auction propos bui 100 000 banana bangladeshi vendor sell origin fruit 25 cent unexpect offer spark excit practice challeng vendor shah alam 74 fruit stand owner mohammad islam report york time origin artwork sell sothebi york captur worldwid attent price conceptu natur sun seek bui banana worth 25 000 alam stand sothebi sourc quantiti bronx wholesal market handl logist includ packag transport pose signific hurdl cost alam earn 12 hour 12 hour shift clarifi profit bulk sale stand owner alam estim modest 6 000 profit remain expens profit sell banana alam underlin stark differ art piec exorbit cost realiti run fruit stand report sun histori purchas uniqu costli artwork comment challeng text new event hong kong at origin banana person familiar exact cost banana write emphasis goal support alam highlight artist symbol banana fruit stand owner islam 53 share potenti profit alam employe learn sun propos report express concern impact onlin support alam grow fundrais campaign rais 20 000 underscor public address econom dispar highlight origin sale ad report alam brother mohammad alam badsha stand share view thanksgiv dai acknowledg potenti accept bulk sale substanti chang vendor circumst address deep inequ expos 6 2 million price tag inequ badsha bengali describ vast differ differ heaven hell,lifestyle,https://en.ittefaq.com.bd//en.ittefaq.com.bd/9988/6.2m-banana-traced-to-bangladeshi-vendor-who-sold,219,4,0.8396191090268529,Economy
"Publish : 11 Dec 2024, 12:45",Start 2025 with confidence: Key strategies,2024 wind arriv 2025 offer fresh slate set goal embrac chang build momentum person profession endeavor plan level career focu health strengthen relationship perfect opportun realign recharg unb report action tip start 2025 clariti motiv renew sens purpos prepar reflect success prepar accomplish pass 2024 feel content success person life academ profession career boost confid encourag start 2025 determin review unfulfil goal challeng time resolut goal 2024 normal unfulfil dream uncherish desir recogn shortcom effort identifi challeng prevent similar mistak overcom pass challeng set attain goal ahead start gratitud journal come start habit journal nowadai free android io app onlin journal simpl maintain paper diari purpos write moment happi gratitud due achiev person life academ profession career memor incid excit travel experi occur pass mention journal grate mind start optimist mindset set attain goal resolut remain unfulfil peopl tend set hard achiev overwhelm unrealist goal avoid accomplish person academ profession life 2025 break goal achiev step object focu mental health physic health career relationship learn depend specif goal object involv action yoga medit seek therapi reduc stress join gym foster life balanc learn skill aim promot scholarship pursu opportun declutt physic digit space clean tidi environ live workspac creat fresh start schedul time clean home free space empti wall clean diver purpos ad handi furnitur simpli artist decor declutt wardrob separ unus cloth accessori send donat resel remov unwant gadget document scope decor offic workspac smartli digit declutt clean email inbox updat softwar file screen interfac smartphon laptop comput safe user friendli organ set financi plan skillfulli review financ pass 2024 check inventori earn expenditur save sector overspend avoid wast monei 2025 wise set budget plan upcom expens nowadai financi manag app googl plai io platform manag financ everydai life possibl addit incom opportun save come set achiev organis financi goal increas bank credit start healthi lifestyl eat habit health preciou live happi content life earth eat healthi homemad meal ad nutriti food nut seed fruit regular diet improv health come set resolut avoid minim eat food unhealthi smoker plan adopt suitabl altern quit maintain fit improv physic mental health busi schedul hectic life hinder fit goal 2024 exercis routin come set flexibl realist goal start slow novic emot come focu mental health therapi time busi schedul mental relax activ yoga medic build optimist mindset start come posit affirm intent align person profession academ goal help maintain posit mindset chang opportun chanc person transform growth embrac journei ahead network creat memori have lose touch famili close friend reconnect messag phone call visit spend qualiti time peopl matter budget happi refresh mind love travel plan visit explor creat memori friend famili famili tour parti version human earth limit analys person improv instanc short temper set goal anger suffer procrastin focu time manag come deal shortcom sympathet flexibli upgrad persona charact prepar challeng understand life unexpect situat moment pass 2024 life throw challeng goal 2025 bed rise pragmat prepar mental stai flexibl adapt experienc unwant accident situat stai confid handl bottom line possibl challeng continu start come 2025 intent prepar feel motiv readi challeng opportun ahead,lifestyle,https://en.ittefaq.com.bd//en.ittefaq.com.bd/9969/start-2025-with-confidence-key-strategies,220,3,0.9995088599485384,Entertainment
"Publish : 15 Mar 2024, 20:24",How to get the perfect night's sleep,natur fibr bed suitabl mattress calm colour scheme element sleep weve rise health benefit sleep decad marker world sleep dai find 2008 hold fridai spring equinox northern hemispher acknowledg sleep sleep depriv advers affect econom product wellb draw knowledg research sleep medicin expert worldwid allevi difficulti wide believ habit improv sleep pattern stick regular routin avoid time spend screen bedtim grow evid bed impact qualiti sleep recent choic bed spring uk peopl consid choic bui bedlinen mattress settl basic bed bedlinen huge vari design blend artfulli style bedroom aesthet consum increasingli invest carefulli mattress bedlinen blanket pillow calibr optimis sleep uk weve obsess sleep mark tremlett founder devon base naturalmat make organ sustain mattress bed grow good exercis sleep gener sleep covid 19 peopl consciou health includ sleep pandem peopl awar mattress market slay commerc brand sell bed box mattress bed deliv home welcom conveni tremlett believ imper mattress person tell bbc cultur peopl combin mattress support proper align keep spine straight comfort kei achiev night sleep scienc relat correct mattress tension person weight heavy peopl support firm mattress your sleep bodi form hollow mattress spine isnt straight dr alli hare consult sleep medicin royal brompton hospit london evid support mattress pillow improv sleep qualiti individu chronic neck pain bed boom global phenomenon judg recent sale figur report publish globe newswir facilit distribut corpor press releas financi disclosur explor growth sector bolster sector brand manufactur bed sustain organ materi tremlett trace rise noughti sustain embrac earnest mainstream societi catalyst find naturalmat tremlett observ mattress expens boat cheap polyurethan foam slab lack support compani origin specialis mattress yacht focus home market bed synthet fibr inhibit sleep sell cheap mattress natur materi synthet bed look favour 1980 terenc conran habitat store introduc duvet continent quilt call british public 1960 labour save altern tradit blanket sheet extol duvet synthet fill 1983 1984 catalogu declar synthet fill captur light warmth tradit duvet inexpens allergen complet washabl 95 uk sleep synthet mattress tremlett afford bed natur fibr wide manufactur compani factor import sleep fortuit bed brand endors sustain natur fibr bedlinen bedfellow wide acknowledg kei obstacl sleep heat moistur natur fibr bedlinen bodi individu sweat half litr moistur night tremlett natur fibr moistur bodi sleep desir theyr breathabl importantli bodi maintain stabl bodi temperatur night essenti sleep thermoregul bed natur materi help encourag thermoregul studi conduct physic psycholog effect bed sleepwear find sleep pattern peopl expos heat cold suscept disrupt dr hare natur fibr linen cotton bamboo support thermoregul fibr mattress materi memori foam polyest retain moistur tremlett dr hare temperatur bedroom term encourag sleep 16 19 summer electr fan achiev comfort zone jessica hanlei find british bedlinen brand piglet bed 2017 bedlinen natur fibr help aid sleep pattern round natur wool mattress mattress topper duvet pillow natur linen bed regul bodi temperatur sleep season compani branch illinoi grow custom base produc bed predominantli sustain linen thermoregul essenti sleep heat gener weight blanket electr blanket hot water bottl advis consensu comfort counteract thermoregul studi weight blanket conclud reduc anxieti do aid sleep dr hare bedlinen natur materi advis reason natur fibr bedlinen benefici studi suggest thermoregul lose rapid ey movement sleep rem deep sleep rest tremlett large bed conduc sleep partli explain theyv grow size time partli peopl big tremlett bed state home standard doubl bed grandpar gener 1920 1930 measur 137cm 190cm scale king size bed measur 150cm 200cm emperor bed measur 200cm 200cm coupl share bed plenti individu space allow sleep bed size vari countri add tremlett peopl europ tall netherland averag length bed 210cm believ cultur differ arbitrari mattress sell barcelona hard popular demand squashy contrast japan firm low futon shikibuton foldabl store sight align tast minimalist interior china tradit kang bed incorpor platform brick line hollow hot coal bed warm india charpai bed wooden frame top rope surfac peopl sleep bedlinen facilit ventil hammock popular central south america sisal provid sleep protect insect sting anim bite custom scandinavia individu duvet coupl catch britain weve increas demand singl duvet coupl bed scandinavian hanlei mean weight duvet depend person prefer home pregnant hot night save lot argument growth bed sector west drive desir aesthet choic beg question colour pattern affect qualiti sleep advent social medium peopl share imag home onlin home extens person style hanlei recent weve custom mix match bedlinen creat total uniqu express individu prefer feel true impact creat feel happi retir night hanlei feel mute colour encourag sleep idea bedroom environ calm influenc choic colour pattern dr hare sumptuous upholst headboard strong design statement add comfort increasingli popular fabric find creat headboard creat harmoni balanc natasha huls creat headboard intric embroid natur inspir motif creat soft vital relax oper overstimul world demand feel lure bedroom recharg sourc bbc,lifestyle,https://en.ittefaq.com.bd//en.ittefaq.com.bd/7960/how-to-get-the-perfect-night-s-sleep%C2%A0,221,6,0.7049100709660602,Health
"Publish : 14 Feb 2024, 09:04","Happy Valentine's Day 2024: History, quotes, wishes, messages and greetings",valentin dai dai love valentin dai fall 8th dai valentin week dai hug dai express deep love affect special valentin dai embodi spirit love affect dai teach love form relationship help realiz import beauti connect live valentin dai carri beauti messag love beauti feel close relationship love big strength live happi valentin dai 2024 histori origin valentin dai trace stori st valentin rememb selfless act coupl st valentin sentenc imprison behead emperor claudiu ii solemn marriag coupl secretli dai execut st valentin note julia blind daughter jailer mention valentin valentin dai celebr februari 14 valentin dai lupercalia ancient roman festiv fertil cupid roman god love desir plan surpris love valentin dai memor celebr love connect curat quot wish messag express romant feel special happi valentin dai 2024 quot star die light john mark green foolishli forget think virginia woolf time love love deepli forev audr lord love wind feel nichola spark love path wolv fear prei lord byron love true destini mean life thoma merton happi valentin dai 2024 wish messag wish dai fill love laughter cherish moment happi valentin dai love life bring love endless joi happi valentin dai 2024 love treasur happi valentin dai beauti woman meet love keep love forev happi valentin dai send heartfelt wish dai love happi valentin dai bless soulmat life happi valentin dai belov heart skip beat time love love romanc appreci peopl live special happi valentin dai your person smile bad dai imagin spend singl dai happi valentin dai happi valentin dai father child love life shine beacon hope joi live dream,lifestyle,https://en.ittefaq.com.bd//en.ittefaq.com.bd/7519/happy-valentine-s-day-2024-history-quotes,222,2,0.9990250976057277,Sports
"Publish : 13 Feb 2024, 11:48","Happy Kiss Day 2024: Wishes, Quotes, And Messages To Send To Your Special Someone",kiss dai 7 dai valentin week fall hug dai dai valentin dai dai love valentin dai fall februari 14 celebr begin week rise dai februari 7 propos dai februari 8 chocol dai februari 9 teddi dai februari 10 promis dai februari 11 hug dai februari 12 kiss dai fall februari 13 special occas coupl peopl love kiss express romant feel celebr kiss dai love extra special send heartfelt messag moment express love kiss dai wish magic feel intens kiss happi kiss dai kiss feel million butterfli heart here rais toast beauti moment share happi kiss dai happi kiss dai miss kiss dai love sweetheart dai love sweetheart ador cute life kiss morn make dai happi bright happi kiss dai kiss lip lovely experi life kiss make dai peck cheek morn brighten dai happi kiss dai babi kiss dai dai fall happi kiss dai here moment stand forget world share kiss happi kiss dai word fail express love lip wont lie kiss happi kiss dai kiss feel million butterfli heart here rais toast beauti moment share happi kiss dai,lifestyle,https://en.ittefaq.com.bd//en.ittefaq.com.bd/7509/happy-kiss-day-2024-wishes-quotes-and-messages,223,2,0.9986032955110669,Sports
"Publish : 12 Feb 2024, 12:00","Wishes, Greetings, Quotes, And Messages For Your Special One",valentin dai celebr extend week begin week februari 14 start februari 7 dai earmark celebr rise dai propos dai hug dai hug dai celebr februari 12 hug natur stress buster love foster trust honesti relationship hug simpl affect commun varieti unspoken feel 30 hug instil trust posit feel special occas curat hug dai wish quot imag messag whatsapp status share love hug dai feel special forev happi hug dai hug express depth love happi hug dai hug preciou gift hug dai happi hug dai love love hug peopl hug meet greet line taylor swift hug relationship beauti last happi hug dai peopl hug partner dai happi hug dai occas hug dai send lot lot hug kiss happi hug dai love hug dai special happi hug dai darl farawai love send virtual hug till happi hug dai,lifestyle,https://en.ittefaq.com.bd//en.ittefaq.com.bd/7497/wishes-greetings-quotes-and-messages-for-your,224,2,0.9982833518051063,Sports
"Publish : 07 Feb 2024, 21:42","Date, Significance And Wishes",celebr valentin dai kick week begin valentin week start rise dai februari 7 februari 14 dai week propos dai chocol dai teddi dai promis dai hug dai kiss dai valentin week love feel special express love dai week repres love affect form serv opportun woo half signific peopl globe celebr rise dai dai coupl exchang rise send bouquet love convei sentiment feel rise symbol love fresh red rise romant express love red rise signifi romanc yellow rise friendship white rise symbolis peac affect pink rise grate wish wish send love dai special love share bloom grow strong pass dai happi rise dai love send bunch rise brighten dai fill love happi rise dai rise red violet blue world preciou happi rise dai hold heart rise spread fragranc love spread happi happi rise dai rise speak love admir fill life joi happi rise dai wonder partner receiv rise your cherish love measur wish happi rise dai fill bliss rise dai fill life colour fragranc preciou rise garden love sourc ndtv,lifestyle,https://en.ittefaq.com.bd//en.ittefaq.com.bd/7436/date-significance-and-wishes,225,2,0.9985939363001449,Sports
"Publish : 28 Jan 2024, 21:57",Five Ways to Mental Well-being,engag routin practice yoga offer signific benefit physic aspect posit impact health 5 compel stai activ yoga improv 1 reduc stress movement yoga renown movement emphasi control breath combin act stress reduc integr postur asana breathwork creat harmoni synergi trigger bodi relax respons regularli practis techniqu individu stressor increas calm resili 2 enhanc mood emot medit element yoga includ mind focus attent plai role regul emot enhanc mood activ medit guid breath exercis yoga promot awar encourag develop compassion mindset effect allevi symptom anxieti depress 3 improv cognit clariti strengthen mind bodi connect yoga establish strong connect mind bodi encourag practition moment attent bodili sensat heighten awar lead improv clariti enhanc concentr abil sens mind combin movement mind breath help improv mental clariti establish deep connect bodi mind 4 promot sleep yoga method relax sooth pose medit practice contribut sleep qualiti calm system reduc stress level yoga valuabl tool promot rest sleep suffici restor sleep plai detriment role maintain assist emot regul cognit function 5 empower explor consist engag yoga cultiv sens empower discoveri individu progress yoga journei build strength flexibl resili experi increas esteem confid newfound sens empower significantli impact health foster percept strong mindset regular yoga practice offer uniqu approach enhanc combin activ mind techniqu creat strategi manag stress improv emot health establish profound mind bodi connect incorpor yoga lifestyl individu reap benefit embark transform path flourish mental emotion,lifestyle,https://en.ittefaq.com.bd//en.ittefaq.com.bd/7312/five-ways-to-mental-well-being,226,5,0.605734433224106,Crime
"Publish : 25 Jun 2023, 10:37",Stay healthy during Eid-ul-Azha,eid ul azha holi festiv muslim celebr 10th zil hajj eid call feast sacrific commemor sacrific prophet ibrahim ra slaughter son allah command nowadai muslim enact prophet obedi slaughter sacrifici anim goat cow sheep lamb camel mind health consum spici delect dish diet healthi eid ul adha follow healthi tip balanc diet eat care portionsinstead take eat portion gap overeat peril diet crave long eat favorit food distend digest eat prudent share eateid festiv share pleasur share joi sweet dear prevent eat sweet excess restrict sugar intak eat grill foodfri food big culprit land troubl dai consum fri food lead consumpt insalubri oil huge amount grill fry ideal food roast oliv oil avoid unhealthi fat lead grave health issu avoid over jwari fetch ari imag jw68348eed21a6b avoid over dai sacrific succul fresh meat forward over make matter wors forc rush hospit eat moder fit healthi avoid fri meateat oili fri food healthi increas daili calori count avoid fri meat meat boil charcoal form eat kebab grill meat bbq healthi choic food bakra eid walk exercis walk exercis form help digest bulki protein rich eid diet advis physician finish meal 2 hour sleep time walk 30 minut food digest time easili bed feel light healthi spare 15 30 minut daili exercis avoid fizzi drinksfizzi drink meati eid food lethal combin shouldnt drink fizzi drink healthi healthy option lemon juic green tea increas metabol rate tea sugar pair veget meatpair veget meati food dilut danger effect consum meat hour eat meat creat jumbl toxin stomach easili result upset stomach acid nausea rest dai salad life savior eat portionstri overeat time trick eat regularli overeat eat portion interv 3 4 hour control meati crave eid al adha difficult eat wise acid bloat gastric,lifestyle,https://en.ittefaq.com.bd//en.ittefaq.com.bd/5824/stay-healthy-during-eid-ul-azha,227,6,0.9990250976057276,Health
"Publish : 21 Jun 2023, 11:00",Neem: The wonder plant,pack skin hair care benefit neem margosa power herb antioxid antifung antibacteri pest control applic reduc inflamm boost immun system load vitamin neem stimul collagen format smoothen fine line wrinkl option chemic product reduc excess blood sugar blood pressur aid digest daili basi herb aid heal wind sun damag grind neem leav past appli skin hair boil water water bath benefit neem everydai life reduc sign ageingon benefit neem anti ag characterist reduc wrinkl fine line maintain moistur level neem guard skin harm uv radiat pollut environment antioxid capabl vitamin fatti acid neem retain skin suppl diminish wrinkl fine line fight acn jwari fetch ari imag jw68348eef1c34f neem anti bacteri anti inflammatori properti prohibit growth bacterium reduc itchi red pain caus due acn tackl blackhead whiteheadsboth turmer neem skin treatment neem treat whitehead simultan turmer time aid prevent skin infect appli neem turmer past spin-dry problemat region fight bodi odourth bad smell sweat caus eat produc bacterium live skin bath neem oil help kill bacterium reduc bodi odour summer promot collagen productionvitamin abund neem aid natur creation collagen infus skin antioxid reduc fine wrinkl natur toothbrush jwari fetch ari imag jw68348eef1c377 brush tooth branch neem stem tooth clean strong shini free diseas effect cure pyorrhea gum bleed infect mouth remov bad smell heal minor wind insect awayth presenc azadirachtin pesticid find neem repel insect includ malaria caus mosquito pungent odour oil help addit neem wide popular antisept properti appli neem oil minor cut bruis boost bodi immun system help speed heal process wind treat hyper pigment level skin toneneem easili remov pathogen accumul skin pore layer antisept properti unclog skin pore free smooth skin toner neem oil lighten skin tone neem oil skin pigment effect treatment option excess accumul melanin call hyperpigment appli neem oil reduc product melanin pigment louse treatment jwari fetch ari imag jw68348eef1c395 hair louse common child peopl chemic rid harm child neem oil scalp leav overnight remedi rid louse scalp nourish herb doubl effect haircar ingredi ow anti fungal antioxid properti neem oil stimul dormant hair follicl promot blood circul minimis hair loss improv hair growth oil treatment dandruff treat malassezia fungu common flaki scalp,lifestyle,https://en.ittefaq.com.bd//en.ittefaq.com.bd/5768/neem-the-wonder-plant,228,6,0.9992088797629255,Health
"Publish : 18 Jun 2023, 09:30",Celebrate Father’s Day,father dai celebr sundai june world father dai observ june 18 father integr famili dai dedic father fulfil pamper father dai begin wide accept father dai america sonora dodd woman washington idea learn 1910 mother dai sermon wonder dad didnt grace golden clayton fairmont west virginia concept dai 1908 mine explod kill 360 nearbi town child kill time rememb father reason perfect dai spend dad favorit father figur father dai brunch cook favorit meal watch movi home heart know dad earn dai celebr dinner card cloth popular categori spend bake cake celebr incomplet cake bake father favorit cake heart stomach kart racingfor father insati speed track kart race father dai kart courtsid madani avenu xtreme race ashulia loo head park jwari fetch ari imag jw68348eef64120 matter outdoor adventur choos dad love opportun explor nearbi park resort don dai half dai tour nearbi sceneri hit highlight time dinner shoppingyour dad doesnt chang pick mini shop spree photo book photo reliv memori reminisc happen time creat photo book father includ photograph favorit memori allow travel time throw homemad pizza partynoth beat homemad pizza pizza scratch easy fun father dai parti greet card father handmad greet card feel crazi father laugh,lifestyle,https://en.ittefaq.com.bd//en.ittefaq.com.bd/5723/celebrate-father%E2%80%99s-day,229,2,0.9254999320744091,Sports
"Publish : 11 Jun 2023, 19:39",Ashik Khan: A tech whiz making fashion affordable for all,meet ashik khan fashion influenc chang fashion he style guru tech expert lead popular brand live shop khan journei london notic brand sell product price hefti discount experi lead creat live shop brand focus afford transpar fashion khan guidanc live shop grow rapidli boast team 250 peopl share goal fashion access incom khan leverag tech skill head tech compani advert limit shop live shop smooth easi experi custom jwari fetch ari imag jw68348eefe71aa chang fashion industri khan pro digit market brand he compani help increas onlin traffic improv sale boost onlin presenc uniqu blend tech market brand skill help succe field sum ashik khan multi talent influenc revolution fashion digit market drive fashion afford digit expertis true game changer live shop prepar global khan impact continu wide,lifestyle,https://en.ittefaq.com.bd//en.ittefaq.com.bd/5650/ashik-khan-a-tech-whiz-making-fashion-affordable,230,3,0.9980790509369958,Entertainment
"Publish : 07 Jun 2023, 12:44",Amazing benefits of litchi,litchi lyche juici delici fruit summer fruit sweet extrem nutriti grow subtrop world popular countri benefit lyche fruit litchi low molecular weight polyphenol call oligonol type miner enhanc blood flow bodi system ideal lose weight oligonol strengthen skin protect uv rai anti oxid anti influenza viru action benefit litchi fruit support bone health jwari fetch ari imag jw68348ef073d39 essenti nutrient magnesium phosphoru iron manganes copper abund litchi miner enhanc calcium absorpt bone enhanc bone health improv blood circul copper find litchi integr rbc format copper content boost blood circul increas oxygen organ cell promot flawless skin litchi fantast sourc vitamin power acn fight properti appli litchi juic aid fade mark imperfect leav skin smooth flawless benefit hair growth copper vitamin abund litchi assist stimul healthi blood flow hair follicl encourag hair growth prevent cancer jwari fetch ari imag jw68348ef073d63 litchi vitamin miner studi show litchi inhibit growth cancer cell flavonoid effect breast cancer sourc vitamin help bodi heart diseas vitamin skin bone tissu help reduc fat abdomenthough occur natur fruit mixtur litchi skin green tea name oligonol help reduc bodi abdomin fat inflamm fatigu consum mixtur highli benefici bodi wellb act analges effect avoid diarrhea reduc pain litchi fruit cut half boil spin-dry reduc swell gland bodi dose 3 6 gram dai form decoct rich fiber nutrient promot regular bowel movement help fight cancera scientif journal name cancer letter litchi fruit pericarp lfp extract rich nutrient anti cancer properti nutrient fight live cancer sort diseas boost immun jwari fetch ari imag jw68348ef073d81 litchi rich vitamin rich ascorb acid singl serv help boost immun vitamin stimul activ white blood cell bodi help protect bodi foreign substanc help digestionlitchi dietari fiber regul bowel movement improv metabol reliev suffer constip stomach ailment stimul digest juic help absorb nutrient food help regul blood pressur fruit miner copper potassium potassium compon find cell help control heart rate blood pressur assur protect stroke heart diseas potassium insid bodi product red blood cell increas presenc copper antivir capabilitieslitchi lycheetannin a2 compon litchi help prevent spread diseas strong antivir capabl help weight lossa litchi rich dietari fiber plai role weight loss fruit water content amount fat ideal fruit weight loss low calori fruit includ diet,lifestyle,https://en.ittefaq.com.bd//en.ittefaq.com.bd/5611/Amazing-benefits-of-litchi,231,6,0.9992694739020914,Health
"Publish : 05 Jun 2023, 20:41",BuildingAssets Journalism School fellowship launched for mid-career journalists,buildingasset journal school bj educ profit concern bangladeshi journalist intern medium bjim mondai launch fellowship mid career journalist sponsorship edward kennedi emk center dhaka fellowship titl workshop press award 40 mid career journalist rigor select procedur read press releas mix batch report photograph video journalist attempt promot multi expertis individu select emk center grant winner 2022 23 bj honest attempt arrang fellowship programm time countri attende learn refresh skill modul mobilephon journal storytel techniqu sourc multiplatform journal ethic investig storytel form stori write basic fake new misinform debunk basic hostil environ train trainer season journalist fellowship prove success track record career dissemin knowledg trainer shafiqul alam bureau chief afp dhaka rozina islam special correspond prothom alo faisal mahmud correspond al jazeera qadaruddin shishir editor afp factcheck dhaka maksuda aziz report mongabai mohammad ponir hossain photograph reuter dhaka sam jahan video text correspond reuter dhaka attend class spread ten week fellow receiv recognit certif top fellow receiv crest certif give ceremoni hold week septemb class hold dhaka emk center sponsor classroom intens fellowship train programm run local top ring trainer rare opportun fellow hone skill journalist hope continu endeavour futur sam jahan chief instructor bj fellow attend programm md sahabir miah mohammad mostafizur rahaman abdulah al jobair jhumur saha marzia hashmi momo nasimul ahm shuvo symun mubin pollob moniruzzaman monir md shabuj mahmud farizaa sabreen rafia khanom chowdhuri fauzia sultana shareefa sultana iffat jahan farhana haqu md hedaet ullah md arshad ali md sazzad hossain md jahidul islam golam rabbani md miraz hossain shaikh shahrukh farhan md minhazul abdin reaj chowdhuri mm hashmi sarker nayem shan md tanjil ahm md osman gani md tajnur islam taslimul alam towhid shoeb abdullah mahfuzur rahman manik stephan rozario uttom nur mohammad amit banik nazmu sakib md asaduz zaman hasan al manzur md mari hasan carei ashirbad biswa yeasir arafat,lifestyle,https://en.ittefaq.com.bd//en.ittefaq.com.bd/5593/BuildingAssets-Journalism-School-fellowship,232,9,0.9987223571215467,Technology
"Publish : 03 Jun 2023, 11:00",Easy ways to cut down on salt,salt vital ingredi cook absolut break dish excess salt process food readi meal health expert insist cut salt easi cut salt check food label jwari fetch ari imag jw68348ef183e5a nutrit inform panel food low sodium 100g simpl food label salt tabl tast eat habit form child famili regularli tabl salt salti sauc remov tabl reduc relianc sauc add flavour meal cut process food process food nugget sausag salt takeawai avoid eat takeawai week watch salt intak rest week select condiment care jwari fetch ari imag jw68348ef183e82 soi sauc bottl salad dress dip ketchup jar salsa caper mustard pickl oliv relish sky sodium reduc low sodium version experi herb spicesoregano easi amplifi flavour dish fresh rosemari sage add flavour herb spice citru dress vinegar salt choos umami saltysoi parmesan mushroom powder secret weapon cook drizzl dark soi tamari cook dress serv add dri cep porcini powder sauc risotto start cook altern salti watercook potato chicken stock salt water pick natur salt flavour nutrit stock cook carrot orang juic star anis complement carrot add deep background note cook thinli slice savoi cabbag tini knob melt unsalt butter carawai seed pan allow cabbag water content exud fold cook al dent tast food ad salt jwari fetch ari imag jw68348ef183ea2 boost flavor add freshli grind black pepper squeez fresh lemon lime test ad salt lemon pepper fish chicken veget prepar eat difficult salt dish eat restaur takeawai mind cure meat pepperoni salt chees cheddar chees salt swap chicken veget low salt chees mozzarella dress salt calori control add food,lifestyle,https://en.ittefaq.com.bd//en.ittefaq.com.bd/5560/Easy-ways-to-cut-down-on-salt,233,6,0.9987452767922546,Health
"Publish : 30 May 2023, 15:24",What are the benefits of the Ice Apple?,ic appl palmyra palm fruit taler shash bangla appear market summer true ic appl transluc fruit frosti appear mercuri rise summer fruit perfect treat ic appl cool bodi offer health benefit hot month fruit dark brown husk jelli transluc flesh unhusk fruit resembl lyche sweet juici flesh tast similar tender coconut palmyra palm fruit grow wild persian gulf cambodian vietnames border commonli cultiv asia papua guinea africa warm region includ hawaii southern florida cure live health benefit ic appl slowli rid live clean toxin content potassium fruit heal stomach ailment digest jwari fetch ari imag jw68348ef2108d6 stomach ailment constip bloat nausea regularli ic appl effect natur remedi cure issu relat digest reduc weight palm fruit ic appl low calori ideal food weight loss rich dietari fibr ensur satieti prevent over prevent diabet ic appl low carbohydr suitabl consumpt diabet patient patient diabet consum ic appl guilt ring nutrient palm fruit immun system strong healthi skinit ic appl benefit skin common summer skin issu rash prickli heat ward ic appl consumpt flesh ic appl appli affect reliev itchi sooth cool skin vitamin ic appl benefici skin health nutrient help skin produc collagen protein help maintain form structur skin vitamin preserv skin health prevent free radic damag act anti ag agent power nutrient aid reduct common summer skin heat relat rash strengthen hairhair loss common summer month dryness hair due heat deal hair loss difficult rise temperatur ic appl saviour combat palm fruit hair spin-dry dull act natur condition strengthen hair heat relat issu split hair grei sun damag prematur bald easili treat ic appl help cool bodi summer signific water electrolyt loss ic appl handi fruit water content prevent dehydr replac miner lose sweat maintain electrolyt balanc bodi sweet fruit energi prevent heat stroke boost immun system fruit vitamin essenti nutrient strengthen immun system vitamin support cellular function immun system boost abil fight diseas caus pathogen,lifestyle,https://en.ittefaq.com.bd//en.ittefaq.com.bd/5523/What-are-the-benefits-of-the-Ice-Apple,234,6,0.9991746500696375,Health
"Publish : 27 May 2023, 15:41",Incredible benefits of eating Java plum for your health,java plum indian blackberri jamun call asian contin origin highli seek summer fruit health benefit purpl colour fruit tangi sour astring water calcium iron vitamin magnesium phosphor thiamin riboflavin niacin carbohydr folic fibr fat protein jamoon indian berri jambolan java plum black plum duhat plum fruit seed leav bark heal java plum treat health challeng includ dysenteri acn diarrhoea gingiv mouth ulcer loss appetit leuorrhea bronchiti asthma anemia jaundic heart diseas fruit consum daili prevent harden arteri live diseas like necrosi fibrosi increas haemoglobin count purifi blood fruit ployphenol compound effect cancer heart diseas diabet asthma arthriti digest disord flatul bowel spasm stomach disord java plum health benefit help improv digest aid weight loss natur detoxifi rich sourc fiber vitamin miner make health vital java plum natur sweeten perfect ad sweet flavor favorit recip ad sugar favorit enjoi java plum java plum jam organ ingredi perfect sweet tart flavor java plum treat varieti ailment prevent cancerth benefit java plum prevent cancer level antioxid java plum make fruit anti cancer herb java plum rich antioxid antioxid bind free radic cell trigger growth cancer cell antioxid java plum includ polyphenol anthocyanin brighten skinno bother undergo treatment cost danger chemic drug simpli eat java plum rich vitamin smooth glow skin java plum rich antioxid compound vitamin format collagen skin diabet manag black plum possess anti diabet featur convert starch energi normalis level blood sugar due low glycem index black plum suitabl sugar patient reduc diabet symptom thrust frequent urin treat anaemia jwari fetch ari imag jw68348ef28dcc black plum adequ amount iron vitamin presenc iron black plum increas haemoglobin count act blood purifi agent healthi heartjamun lot potassium heart effect prevent heart relat jamun consumpt prevent arteri harden lead atherosclerosi reduc symptom blood pressur regul hypertens prevent stroke cardiac arrest 100 gm serv jamun includ 79 mg potassium choic blood pressur diet weight loss jwari fetch ari imag jw68348ef28dd09 jamun ideal fruit weight loss diet recip low calori fibr aid digest pharmacolog effect reduc water retent increas bodi metabol satiat appetit provid feel full combat respiratori problemsth fruit god folk cure varieti respiratori ailment fruit extract potent anti inflammatori anti biotic anti asthmat qualiti ideal treat typic cold cough flu symptom thin loosen catarrh particl chest nasal caviti breath easy assist bodi elimin mucu treatment bronchiti asthma,lifestyle,https://en.ittefaq.com.bd//en.ittefaq.com.bd/5484/Incredible-benefits-of-eating-litchi-for-your,235,6,0.9991746500696372,Health
"Publish : 22 May 2023, 12:08",14-year-old Maleesha Kharwa becomes face of luxury beauty brand,maleesha kharwa 15 content creator model inspir million peopl world slum dweller dream model dancer grow recent featur cover fashion magazin forest essenti pioneer luxuri ayurved industri featur maleesha kharwa campaign unveil yuvati ritual box jwari fetch ari imag jw68348ef320b36 video share brand april unveil maleesha collect aim empow mind video maleesha kharwa visibli shock delight brand product enter store dress school uniform pose poster collabor help maleesha achiev educ help embrac period growth learn addition yuvati collect contribut project paathshal 10 proce donat provid child underprivileg background access educ campaign centr idea believ dream promot maleesha brand dare hope inspir break forg path talent model subject short film documentari titl live fairytal ja sagu arsala qureishi highlight life maleesha friend endear relationship father mukesh clown imperson child parti grace front cover multipl fashion magazin close associ homegrown brand ordinari girl live ordinari life slum bandra mumbai courag dream determin fulfil dream distinct qualiti dream draw robert hoffman step 2 actor stick india pandem hoffman instagram page 200k follow maleesha princess slum embark journei supermodel,lifestyle,https://en.ittefaq.com.bd//en.ittefaq.com.bd/5432/Maleesha-Kharwa-14-Year-Old-Princess-From-The,236,3,0.742845002267765,Entertainment
"Publish : 14 May 2023, 13:53",Mother's day today,intern mother dai observ countri includ bangladesh mean mother top mind celebr mother 365 dai special dai pull stop express gratitud aim celebr dai honour mother motherhood celebr sundai mother dai dai celebr mother dedic love affect child dai mother safe pillar lap uncondit love smile word calm guid univers cultur dai celebr act motherhood pai tribut miracl birth special woman perform miracl mother jwari fetch ari imag jw68348ef624fc2 origin mother dai celebr unit date 19th centuri mother dai unit date 1907 anna jarvi mark death mother anna reev jarvi activist care injur soldier american civil war jarvi organis offici mother dai celebr grafton 1908 west virginia initi success local level jarvi set sight dai nation affair argu american holidai bias male achiev write campaign behalf 1912 offici mother dai recognis town countri 1914 offici establish feder holidai presid woodrow wilson sign execut measur wilson measur declar sundai nation holidai,lifestyle,https://en.ittefaq.com.bd//en.ittefaq.com.bd/5342/Mother-s-day-today,237,2,0.9983244746607822,Sports
"Publish : 13 May 2023, 16:20",How to take care of your hair,dirt dandruff lead hair loss major hair issu cleanli take care hair essenti lock silki smooth avoid irregular wash frequent style wear tight ponytail hair healthi strong check tip avoid shampoo wash shampoo strip hair protect oil swim hair suscept chemic salt water wash hair mean wash hair condition appl cider vinegar rins jwari fetch ari imag jw68348ef6a46e6 feel hair clean shine wash mix tablespoon vinegar cup warm water massag mixtur scalp condit mixtur minut rins regular vinegar appl cider vinegar trim hair endstrim hair salon home healthi hair don feel run salon watch trim millimetr length plenti simpl tutori trim youtub minim heat style style hair leave special occas fine hair air dri thick hair heat dri leave week wash frizzy hair sort reset water spritz heat style minimum protect hair hair cuticl proper dietwhat eat don eat real impact hair eat sugar bodi produc increas level dht hormon trigger hair loss limit sugar intak kei eat food rich nutrient protein vitamin omega 3 fatti acid iron b12 folat biotin zinc benefit hair low iron b12 folat level anemia reduc blood flow hair zinc reduc inflamm step hair fall take probiot gut gastrointestin system absorb critic nutrient hair thrive beauti sleep jwari fetch ari imag jw68348ef6a470b sleep hour healthi hair sleep silk pillow damag caus sleep due hair rough tangl silk pillow slipperi surfac hair avoid excess friction result repeat style brush avoid brush wet hairbrush hair wet lot damag weaken root split breakag brush wet hair hairbrush wide tooth comb avoid comb hair lead split comb wide tooth comb wide tooth brush don break strand essenti avoid comb metal plastic cut hair strand root damag do colour hairif hair grow healthi avoid colour dye hair damag level light dark natur hair colour natur black hair platinum blond lighten bleach strip hair damag process colour hair recommend consult profession hairstylist attempt home avoid ponytail braid jwari fetch ari imag jw68348ef6a472a ponytail braid stun stylish damag hair wear daili basi hair healthi avoid wear dai loo flow style doesn pressur hair strand,lifestyle,https://en.ittefaq.com.bd//en.ittefaq.com.bd/5331/How-to-take-care-of-your-hair,238,6,0.9991936795424774,Health
"Publish : 11 May 2023, 12:00",How to be safe during the cyclone,depress southeast bai bengal move northwestward move north northwestward intensifi gradual cyclon storm mocha region cyclon mocha mokha suggest yemen red sea port citi mokha introduc coffe world 500 ago cyclon prevent awar cyclon cyclon pass,lifestyle,https://en.ittefaq.com.bd//en.ittefaq.com.bd/5312/How-to-be-safe-during-the-cyclone,239,4,0.6840700865068724,Economy
"Publish : 07 May 2023, 15:37",Freshen your life with mint,mint perenni aromat herb speci hybrid cool affect tongu fresh leav flavor scent dri mint equal arab middl eastern cook mint heavili liber salad stew lamb yogurt dish varieti dark leafi green mint favorit summer ad smoothi salad soup sauc instantli brighten dish improv digest health jwari fetch ari imag jw68348ef7598d6 amaz benefit mint improv digest health reliev symptom irrit bowel syndrom ib peppermint oil allevi ib symptom menthol relax muscl digest system improv digest reduc stomach pain boost immun systema touch briefli mint antioxid free radic damag huge impact immun system maintain strong immun system essenti health prevent multitud ill antioxid rich mint antibacteri properti boost immun system fight season allergi improv oral hygien reliev irrit skin fight cold flu jwari fetch ari imag jw68348ef7598fa mint load antioxid vitamin help fight cold flu virus infect menthol peppermint activ ingredi function natur decongest help thin mucou break phlegm allevi cough menthol sooth sore throat spin-dry cough drink organ peppermint tea provid relief freshen breath mint antimicrobi properti kill bacterium mouth optim oral hygien chew fresh mint leav rub leaf directli tooth gum freshen mouth prevent plaqu format quick refresh drop organ peppermint essenti oil tongu swish water cool sensat set spit elimin harm bacterium sooth skin jwari fetch ari imag jw68348ef75991a fresh mint natur mosquito repel help allevi itch irrit caus mosquito bite bug bite herb help rash skin reaction substanc poison ivi poison oak appli mint leav peppermint essenti oil combin carrier oil organ jojoba oil irrit skin relief,lifestyle,https://en.ittefaq.com.bd//en.ittefaq.com.bd/5264/Freshen-Up-for-Summer-Top-5-Reasons-to-Start,240,6,0.9988610556029976,Health
"Publish : 06 May 2023, 17:37",Decorate your home with scented candles,candl fit interior style combin home decor hous home feel contribut sens peac secur warmth wide ring scent candl shop feel free scent discov favorit smell benefit scent candl help cognit function peopl alzheim jwari fetch ari imag jw68348ef7d7a54 scent candl aroma activ memori mood relat brain heal qualiti light scent candl psycholog effect ring boost energi reduc stress improv mental clariti uplift bodi mind condit scent candl repel neg energi rais spirit life improv cognit function peopl alzheim elev mood scent andl capac elev mood primari advantag mental good common choic aromatherapi fragranc assist relax sooth mind foster pleasant emot benefici situat anxieti sad reduc stress relax rejuven dai scent candl creat intimaci set pleasant mood arrang pleasantli accessori transform bedroom creat atmosphereanoth scent candl enhanc space alter space smell light soft light eas scent candl elicit equal calm rustic scent remind sooth summer night light jwari fetch ari imag jw68348ef7d7a7a simple enjoi scent candl light sourc space candl provid warm intim light relax feel comfort save electr act antidepress antidepress candl bring posit boost uplift stimul mind peopl struggl depress anxieti shock scent candl special gift griev loss love lift spirit difficult time,lifestyle,https://en.ittefaq.com.bd//en.ittefaq.com.bd/5253/Decorate-your-home-with-scented-candles,241,6,0.8531191343280742,Health
"Publish : 30 Apr 2023, 12:43",Sweat-proof yourself,summer skin balanc hydrat win feel heavi greasi harsh heat bright sunni dai overli stimul pore lead oili excess sweat summer frustrat beauti issu facial sweat normal sweat pore sweat gland oil sweati skin shini pore large makeup slip slide handi sweat proof skin coupl switch up skincar routin carri facial mist jwari fetch ari imag jw68348ef878add travel hard refresh makeup facial mist pump deliv fine sprai will cool skin makeup primerprim makeup cling skin cut shine dai appli put foundat moistur product oil free carri blot paper jwari fetch ari imag jw68348ef878b02 blot sheet easi store super portabl mean carri pat blot spin-dry blot paper hanki paper towel tissu toilet paper feel powder wear makeup start sweat add toner routineingredi witch hazel reduc oil product skin spin-dry stai alcohol base astring counter reactiv wipe handyoil build dai wash time help stock refresh skin tone wipe absorb excess oil rejuven time weekli mud mask jwari fetch ari imag jw68348ef878b1f takes10 minut ten minut hassl possibli fast remov oil product clai mask soak impur pore prevent breakout do week skin spin-dry bake sodather household item manag oili zone bake soda varga suggest mix bake soda water appli mask scrub skin leav minut rins water blackhead soft readi serumon tip serum serum combat oili minim pore appli drop morn even moistur,lifestyle,https://en.ittefaq.com.bd//en.ittefaq.com.bd/5193/Sweat-proof-yourself,242,6,0.9985939363001444,Health
"Publish : 23 Apr 2023, 14:52",Benefits of fenugreek seeds for hair,fenugreek methi chine ayurved medicin system centuri find powder seed form treatment ailment altern medicine1 report medicin plant origin trace india northern africa leafi green plant leav seed supplement cook seed powder creat distinct sweet nutti flavor describ similar mapl syrup fight dandruffapart embarrass hair condit deal dandruff complet ruin health scalp lead hair loss tackl past soak fenugreek seed yoghurt appli hair stai 15 20 minut wash lukewarm water repeat week quick result promot hair growthfenugreek seed load nutrient promot hair growth improv textur hair regularli prepar pack hair growth blend half cup soak fenugreek seed tablespoon alo vera gel tablespoon coconut oil drop rosemari oil appli scalp rest 30 40 minut wash reduc hair fallfenugreek seed help improv scalp health hair strong follicl reduc hair fall soak fenugreek seed night blend morn water lemon juic appli hair rest time rins make hair shini silkythes seed condit hair frizzi spin-dry hair fenugreek soak fenugreek seed water overnight appli water soak seed hair morn shini black hair prevent prematur hair greyingprematur hair grei common youth fenugreek seed pack potassium help tackl prematur hair grei mix soak fenugreek seed past amla juic appli scalp rest hour wash mild shampoo,lifestyle,https://en.ittefaq.com.bd//en.ittefaq.com.bd/5114/Benefits-of-fenugreek-seeds-for-hair,243,6,0.9987145300171223,Health
"Publish : 22 Apr 2023, 12:01",Look sassy this Eid,eid big occas festiv eid swelter summer difficult woman avoid experi approach unfamiliar prep skin week prior eid makeup tip skin fresh radiant enhanc bite touch makeup prefer light natur makeup light coverag foundat blend light color foundat skin tone appli neutral pink blush cheek brush blend blush form shape cheekbon low ey choos soft eyelook lip liner pink nude lipstick finish set sprai avoid cakei makeup prioritis skin prime base makeup product follow choos foundat suit skin type spin-dry textur skin avoid matt thick foundat will lead obviou cake avoid layer foundat dot appli powder specif easy touch sweat hour conceal don overdo cakei makeup appli foundat struggl spin-dry skin kei skin moisturis appli liquid cream product top foundat coverag product perfect coverag appli loo powder set sprai kei set makeup set sprai matt finish set sprai glowi finish makeup illumin skin set sprai carri loo powder blot paper insid bag appli amount moisturis choos primer appli suitabl proper amount foundat powder finish set sprai ensur makeup stai dai loo powder set sprai kei makeup dai loo powder grip cream liquid base product lock prevent base creas set sprai increas lifespan makeup,lifestyle,https://en.ittefaq.com.bd//en.ittefaq.com.bd/5103/Look-sassy-this-Eid,244,6,0.9985650906436173,Health
"Publish : 19 Apr 2023, 11:19",Frequent bathing during Summers can be harmful,bath refresh activ summer ten minut soak idea remov dirt impur bodi due scorch heat soar temperatur summer season bath dai bath dai harm bodi frequent shower bodi vulner infect expert studi conduct univers utah wash damag human microbiom collect essenti bacterium microb live bodi downsid shower 1 summer season excess temperatur increas bodi heat health disord nose bleed indigest heat stroke bath dai heat 2 wash protect layer skin lose moistur step heat grime attack skin harshli lack layer moistur skin prone dryness abras sun allergi deepli affect uv rai 3 healthi skin help maintain oil layer bacterium skin time clean skin soap take bath remov layer expert recommend bath dai bacterium skin elimin 4 antibodi increas immun bodi immun system amount common bacterium doctor child bath daili frequent bath affect abil immun system properli 5 expert peopl skin bath 5 minut stai shower minut harm skin hair,lifestyle,https://en.ittefaq.com.bd//en.ittefaq.com.bd/5064/Frequent-bathing-during-Summers-can-be-harmful,245,6,0.9983636733873082,Health
"Publish : 17 Apr 2023, 11:30",Prevent bad breath while fasting,ramadan muslim holi month fast disciplin due spin-dry mouth fast common foul breath help hint avoid bad breath fast brush brush brush practice brush tooth dai minut fluorid toothpast suhoor iftar clean mouth brush stick food particl lead tooth decai tongu clean remov residu form tongu main caus agent bad breath floss tooth floss regularli remov food remnant bad breath brush clean 60 percent tooth surfac jwari fetch ari imag jw68348efbd695b tongu scrapper tongu scraper clean rid white residu coat tongu bad breath purchas pharmaci stop smoke smoke affect tissu mouth bad breath tooth stain miswak miswak tooth clean twig arak tree fast hour help stimul saliva prevent dryness mouth bad breath effect anti bacteri action come 60,lifestyle,https://en.ittefaq.com.bd//en.ittefaq.com.bd/5034/How-to-prevent-bad-breath-while-fasting,246,6,0.9976485048560197,Health
"Publish : 16 Apr 2023, 12:06",How to stay cool in the heat this Summer,hot insid extrem heat blanket countri plenti stai cool summer tip stai cool summer stai hydrat averag adult lose half litr sweat dai hot environ increas litr half hour lose water dehydr bodi temperatur rise replac fluid essenti keep cool healthy stai hydrat drink plain water bottl water freezer hydrat make bodi easy maintain low core temperatur avoid beverag alcohol caffein lot sugar dehydr opt fruit veggi jwari fetch ari imag jw68348efc29f30 salad easy digest rice curri leav feel sluggish heat smoothi lunch add fruit veget meal watermelon cucumb water content food wear lightweight light color cloth lightweight loo fit cloth skin breath dark color absorb heat stick light shade wear loo shirt short dress cotton linen theyll feel airy tight denim cloth cover window kitchen foil heat home window cover window reflect plain aluminum foil kitchen reflect properti foil stop transfer radiant heat hous stai insid hot dai lot bearabl drink hot drink soup ingest hot drink disproportion increas amount sweat hot drink hot bodi temperatur amount increas sweat compens ad heat bodi fluid help cool bodi appli cold water ic appli ic cold water bodi feel cool appli cold water wrist wrist puls heat radiat run cold water bed reduc impact heat wrist produc eleph wet ear blast water trunk human begin wrist quickli cool blood flow vein wrist undersid vein elbow joint creas start effect templ head halfwai corner ey ear forehead soak foot ic cold water cool sprai cold water jwari fetch ari imag jw68348efc29f59 easy cool heat spritz stash sprai bottl refriger hot mist thermal regul water evapor cool eat spici food peopl live scorch climat mexico india eat hot stuff cool chili pepper capsaicin chemic compound help perspir readili sweat evapor experi cool relief,lifestyle,https://en.ittefaq.com.bd//en.ittefaq.com.bd/5022/How-to-stay-cool-in-the-heat-this-Summer,247,6,0.9990724997063098,Health
"Publish : 13 Apr 2023, 14:28",How to cool down a room without air conditioning,stai cool tough summer temperatur scorch extrem heat pose health concern heat stroke heat exhaust option cool home air condit stave offa hot stave heat home cook cook recip thatll cool avoid ad addit heat kitchen cold salad veggi fruit base dish option close curtain daydur summer leav curtain give sun access leav curtain blind close dai block sun cool ac indoor window cover option vari shade insul curtain tint frost window protect barrier energi effici block sun light heat enter window catch lot direct sunlight dark blackout curtain prevent rai overh hour sun activ ic cool water front fanput cold water ic front fan fan blow cool water ic cool close door window air trap insid idea ic gener cold air fan blow air ideal altern air condition don sit front stream doesnt irrit ey upgrad incandesc fluoresc light bulb ledal electron equip eman heat includ light bulb light hard cool dai contribut temperatur lead light hand stai cool energi effici will save util bill chang light bulb light natur daylight home cool light night reduc amount energi consum optim fan jwari fetch ari imag jw68348efcaba37 fan cool youll creativ creat cool cross breez posit fan window your window box fan blow cool hour dai outward warm hour dai place bowl ic angl front fan extra chilli gust air adjust ceil fan rotat counterclockwis pull hot air exhaust fansbathroom fan kitchen exhaust fan draw heat humid hous exhaust fan regularli steami shower dai cook summer month cool home dai draw hot air home lightsincandesc bulb energi effici 10 power light 90 emit heat switch light emit diod lead bulb cool home low energi expens addition switch lamp overhead light space unoccupi skip heat produc appliancesswitch cook routin give oven rest grill outdoor switch meal do requir heat avoid extend applianc heat toaster microwav dry focu bodi temperaturefocu bodi temperatur bodi temp hot summer month appli ic pack cold compress puls neck wrist stai hydrat ic water pick loo breathabl cotton fabric light color absorb heat,lifestyle,https://en.ittefaq.com.bd//en.ittefaq.com.bd/4991/How-to-cool-down-a-room-without-air-conditioning,248,6,0.9992058857394681,Health
"Publish : 12 Apr 2023, 13:54",Avoid fatigue during Ramadan this Summer,ramadan time fill dai deed night spiritu uplift prayer fast lack sleep toll bodi lack nutrient hydrat carri month proper plan guidanc diet nutrit exercis fight tire ramadan tip energi ensur easy fast choos meal wise jwari fetch ari imag jw68348efd3bea9 peopl stai energ prevent thirst fast ramadan refresh drink tamarind juic water melon juic jaggeri juic start surviv scorch holi month categori food avoid ramadan bloat dehydr weight gain avoid deep fri food fatti food iftar fat meal abdomin discomfort bloat process food sausag bread meat readi soup sodium mono sodium glutam excess thirst ad jilapi can juic soda load sugar weight gain lead spike insulin level result increas sugar crave excess snack hunger fast hour avoid excess amount sweet dessert daili basi limit sweet popular ramadan sweet time week moder portion caffein beverag coffe soft drink avoid bodi lose water increas dehydr start saladaft fast date milk eat fresh salad chickpea cucumb tomato mint grill steam poachit avoid hot spici dish fat food increas thirst opt dish cook healthy grill bake broil steam poach drink water fluid jwari fetch ari imag jw68348efd3becf water primari sourc hydrat human bodi fluid alongsid water benefit herb infus drink fruit veget provid bodi vitamin miner give refresh feel bird stone lettuc cucumb tomato watermelon grapefruit strawberri cantaloup celeri zucchini highli recommend ramadan compo water iftar broth base soup excel starter suhoor smoothi ingredi yogurt milk coconut water fruit grain seed refresh delici importantli healthi dai fast challeng human desir plenti health benefit chang fast habit compat healthy lifestyl assuredli reduc tire ramadan perman uplift energi level maintain holi month frequent napssleep drastic impact energi level ramadan activ sunset vital ensur rest take short nap dai recharg energi level 15 30 minut nap suffici dai avoid heat jwari fetch ari imag jw68348efd3be ramadan align summer season vital stai heat time postpon activ requir stai street daylight stai soup broth base soup haleem ideal iftar haleem abund miner enhanc immun help heal gut reduc intestin inflamm soup includ lot veget broccoli spinach pea green bean squash carrot fibr rich veget add vitamin miner soup essenti healthi digest system,lifestyle,https://en.ittefaq.com.bd//en.ittefaq.com.bd/4977/Avoid-fatigue-during-Ramadan-this-Summer,249,6,0.9992720083992805,Health
"Publish : 02 Apr 2023, 15:05",Managing diabetes during Ramadan,fast month ramadan pillar islam duti muslim surah al baqarah vers 184 185 guid fast ramadan compulsori chronic diseas fast endang harm life insulin renal failur pregnant share tip diabet manag ramadan fast don skip suhoor skip suhoor pre dawn meal balanc meal morn amount insulin take consider eat dai sunset miss sahur meal fast choos food low glycaem index gi prevent blood sugar fluctuat basmati rice low gi regular white rice drink adequ fluidstri drink 8 glass water dai choos sugar free fluid suhoor iftar replenish fluid loss dai dehydr result blood viscos sticki increas chanc thrombosi blood clot stai hydrat prevent dehydr complic test blood glucos fastingth danger happen fast low blood sugar hypoglycem event blood sugar hyperglycem event dehydr sign includ blur vision irregular heart rate dizzi faint confus test blood glucos break fast misconcept amount blood releas break fast school awar overeatingiftar celebr involv friend famili lot food awar over daylong fast spike blood glucos,lifestyle,https://en.ittefaq.com.bd//en.ittefaq.com.bd/4869/Managing-diabetes-during-Ramadan,250,6,0.9983109877179288,Health
