date,title,description,category,url,clean_description
"Publish : 16 May 2025, 17:37",BNP demands clear roadmap to polls,"Though the BNP has been consistently calling for a national election along with swift reforms, party leaders now fear that their December election deadline may quietly slip away, as the interim government appears to be dragging its feet and showing no sign of preparing for the polls. Some senior BNP leaders said nine months after the interim government's formation, its lack of focus on elections and controversial moves—such as allowing human corridors to Rakhine and outsourcing port operations—have raised doubts about its true intentions, UNB reports. In such a situation, they said the party rank and file is mounting pressure to take to the streets to force the government to announce a clear election roadmap and hold the election within this year. A BNP leader, wishing to remain anonymous, said the party fears that the ban on activities of the Awami League, growing conflicts among the National Citizen Party (NCP) and Jamaat-e-Islami, increasing unnecessary street protests, and a slide in the law and order situation may complicate the political scenario in the country in the days to come. He said they are also concerned about the new political polarisation and its impact on the national election following the ban on the Awami League’s activities until the completion of its trial and that of its leaders. The BNP leader said they suspect that the ban on the Awami League’s activities and the suspension of the party’s registration with the Election Commission may be part of a ploy by local and international actors to prolong the power of the interim government. He said their last standing committee meeting discussed the issues of election and reforms, and most members voiced frustration over the lack of visible progress toward holding the election. The BNP leader said they also discussed the growing pressure from grassroots leaders and activists to launch a movement demanding the government hold the election by December this year. Three BNP Standing Committee members have recently expressed both concern and anger over the delay in the election. On 12 May, senior BNP leader Mirza Abbas alleged that many dubious foreigners are arriving in Bangladesh, accusing the interim government of serving the interests of others rather than the people of the country. He also accused the government of orchestrating various incidents to divert public attention from its misdeeds. Abbas also alleged that a deliberate effort is underway to eliminate their party, claiming that pro-BNP officials are being replaced by those loyal to the Awami League or Jamaat-e-Islami in the administration and other key government offices. A day earlier, BNP Standing Committee member Salahuddin Ahmed said that their party had on various occasions demanded that the Awami League, as a party, be brought under trial, but the government had not paid any heed. “Had the Chief Adviser taken the matter into consideration at that time, it would not have led to the embarrassing situation of the last two days (demonstration at Shahbagh),” he added. Claiming that people across the country are eager to vote in the next parliamentary elections, the BNP leader said, “For that, we have called upon the Chief Adviser to announce a roadmap for the next election soon. Otherwise, such an embarrassing situation may arise again.” On 13 May, BNP Standing Committee Member Amir Khosru Mahmud Chowdhury said their party had already made it clear that they are ready to implement any reform proposals agreed upon through political consensus. “So, why is the delay? Why cannot we know where the consensus stands? We have all submitted our proposals. We are waiting to see where the consensus is. But we still cannot know where it lies. Why the hesitation in stating that?” he said. “You cannot hold the people hostage and then talk about reforms solely to serve the interests of a select few. There is no longer any scope in Bangladesh to impose anything by force while excluding the people. That time is over,” he said. The BNP leader lamented that those who once hid in fear of Sheikh Hasina are now lecturing others on reforms. “Every now and then, new issues are brought forward, reforms are dragged out, and the overall situation is kept in a state of flux. It appears to be part of a larger conspiracy to defer elections indefinitely,” a member of the BNP Standing Committee told UNB on condition of anonymity. He said their party is now holding youth rallies in all divisions to drum up support and encourage the new generation to become involved in BNP politics. “Our youth rally will be held on 28 May with a massive showdown in Dhaka. From that rally, the BNP will send out a strong message to the government not to unnecessarily delay the election,” the BNP leader said. Contacted, BNP Standing Committee Member Gayeshwar Chandra Roy said they are observing a move to delay the election on various pretexts, including the reform process. “Delaying the elections could create further instability and give the Awami League time to reorganise and create chaos in the country. If elections are delayed, the situation may spiral out of control,” he warned. The BNP leader said although the interim government’s role should be to restore the people’s mandate, it seems to lack genuine interest in doing so. He urged the government to come up with a clear electoral roadmap as soon as possible. “The people—especially the youth—want to vote. A fair BNP-Election to be held, and the reforms must be completed quickly.”",politics,https://en.ittefaq.com.bd//en.ittefaq.com.bd/11939/bnp-demands-clear-roadmap-to-polls,though bap consistently call national election along swift reform party leader now fear December election deadline may quietly slip away interim government appear drag foot show sign prepare poll senior bap leader say nine month interim government formation lack focus election controversial nonesuch allow human corridor rapine outsource port nonoperative raise doubt true intention nub report situation say party rank file mount pressure take street force government announce clear election road map hold election within year bap leader wish remain anonymous say party fear ban activity swami league grow conflict among national citizen party nip jamaateislami increase unnecessary street protest slide law order situation may complicate political scenario country day come say also concern new political polarization impact national election follow ban swami league activity completion trial leader bap leader say suspect ban swami league activity suspension party registration election commission may part ploy local international actor prolong power interim government say last stand committee meet discuss issue election reform member voice frustration lack visible progress toward hold election bap leader say also discuss grow pressure grassroots leader activist launch movement demand government hold election December year three bap stand committee member recently e tongue stick dress concern anger delay election may senior bap leader mirage abbey allege many dubious foreigner arrive Bangladesh accuse interim government serve interest other rather people country also accuse government orchestrate various incident divert public attention misdeed abbey also allege deliberate effort underway eliminate party claim probe official replace loyal swami league jamaateislami administration key government office day early bap stand committee member thud Ahmed say party various occasion demand swami league party bring trial government pay heed ache chief adviser take matter consideration time lead embarrass situation last two day demonstration shanghai add claim people across country eager vote next parliamentary election bap leader say force call upon chief adviser announce road map next election soon otherwise embarrass situation may arise gain may bap stand committee member air workhouse maraud chowder say party already make clear ready implement reform proposal agree upon political consensus echo delay know consensus stand submit proposal wait see consensus still know lie hesitation state hate say you're hold people hostage talk reform solely serve interest select long scope Bangladesh impose anything force exclude people time cover say bap leader lament hide fear sheikh aphasia now lecture other reform every now new issue bring forward reform drag overall situation keep state flux appear part large conspiracy defer election indefinitely ed member bap stand committee tell nub condition anonymity say party now hold youth rally division drum support encourage new generation become involve bap politic scour youth rally will hold may massive showdown Dhaka rally bap will send strong message government unnecessarily delay election ed bap leader say contact bap stand committee member freshwater Chandra Roy say observe move delay election various pretext include reform process underplay election create instability give swami league time reorganize create chaos country election delay situation may spiral control warn bap leader say although interim government role restore people mandate seem lack genuine interest urge government come clear electoral road map soon possible hectic overspecialization youthfulness vote fair selection hold reform must complete quickly ed
"Publish : 13 May 2025, 20:38",Delhi concerned over ban on AL; supports early polls,"India on Tuesday expressed concerns over the ban imposed by the interim government on the activities of Bangladesh Awami League. ""The ban on the Awami League without due process is a concerning development,"" said Spokesperson at the Ministry of External Affairs Randhir Jaiswal during a regular media briefing in New Delhi, UNB reports. As a democracy, he said, India is naturally concerned at the ""curtailment of democratic freedoms and shrinking political space."" ""We strongly support the early holding of free, fair and inclusive elections in Bangladesh,"" said the MEA spokesperson. The government has issued a gazette notification banning all activities of the Bangladesh Awami League and its affiliated organisations under the Anti-Terrorism Act until the International Crimes Tribunal (ICT) completes the trial of the party’s leaders and activists.",politics,https://en.ittefaq.com.bd//en.ittefaq.com.bd/11902/delhi-concerned-over-ban-on-al-supports-early,India Tuesday e tongue stick dress concern ban impose interim government activity Bangladesh swami league ban swami league without due process concern development say spokesperson ministry external affair brandish jaywalk regular medium brief new Delhi nub report democracy say India naturally concern curtailment democratic freedom shrink political space strongly support early hold free fair inclusive election Bangladesh say mes spokesperson government issue gazette notification ban activity Bangladesh swami league affiliate organization anti terrorism act international crime tribunal cit complete trial party leader activist
"Publish : 12 May 2025, 23:29",EC suspends AL's registration,"The Election Commission (EC), on Monday, suspended the registration of Bangladesh Awami League (AL). EC Senior Secretary Akhtar Ahmed confirmed it to the reporters after a meeting of the EC. ""The decision was taken in continuation of the notification issued by the Home Ministry,"" he said. A gazette notification issued today in this regard. The EC Secretary said, ""The Ministry of Home Affairs has banned the activities of Awami League and all its front, associate and brotherly organizations. In continuation of this, the Election Commission has decided to suspend the registration of Awami League"". The Home Ministry published a gazette today banning all activities of the party. The meeting of the commission was held around 5.30 pm with Chief Election Commissioner AMM Nasir Uddin in the chair.",politics,https://en.ittefaq.com.bd//en.ittefaq.com.bd/11890/ec-suspends-al-s-registration,election commission EC Monday suspend registration Bangladesh swami league AL EC senior secretary partaker Ahmed confirm reporter meet EC decision take continuation notification issue home ministry say gazette notification issue today regard EC secretary say ministry home affair ban activity swami league front associate brotherly organization continuation election commission decide suspend registration swami league home ministry publish gazette today ban activity party meet commission hold around pm chief election commissioner mam nadir undo chair
"Publish : 12 May 2025, 17:25","AL banned, gazette issued","The government has issued an official gazette notification banning all activities of the Awami League. The notification was published on Monday (May 12), confirmed by Home Adviser Lt Gen (retd.) Md. Jahangir Alam Chowdhury. The gazette, signed by Senior Secretary Nasimul Gani, states that since forming the government on January 6, 2009, until its ousting amid a mass student-public uprising on August 5, 2024, the Bangladesh Awami League, along with all its affiliated, associated, and fraternal organizations, established a reign of terror across the country. This included attacks, abductions, murders, killings, torture, and rape against opposition political party members and dissenting voices. The notification further details that during the student-public movement from July 15 to August 5, 2024, the Awami League and its wings were accused of enforced disappearances, murders, burning people alive, genocide, illegal detentions, inhumane torture, looting, arson, terrorist activities, and crimes against humanity. These allegations have been substantiated in both national and international reports. Numerous cases are currently pending against leaders and activists of the Awami League and its affiliates in the International Crimes Tribunal and the country's criminal courts. According to the gazette, since August 5, 2024, the Awami League and its associated organizations have been involved in attacks against student-public demonstrators, organizing provocative rallies, distributing anti-state leaflets, and engaging in criminal speeches on social media by their exiled leader and other members. These activities also included attempts to damage personal and state property, posing a threat to national sovereignty and security, creating fear among plaintiffs and witnesses of ongoing cases, disrupting justice, and significantly deteriorating the country's law and order situation. The notification mentions that the government possesses sufficient evidence that the Awami League and its affiliated organizations are involved in various illegal activities and conspiracies similar to terrorist organizations, aiming to destabilize the state and instill fear among the public. Therefore, the government justifiably believes that under the powers vested in Section 18(1) of the Anti-Terrorism (Amendment) Ordinance 2025 and the Anti-Terrorism Act 2009, it is appropriate to declare a ban on all activities of the Awami League and its affiliates until the completion of the trials against its leaders and activists in the International Crimes Tribunal. The gazette also declares that until the completion of the trials in the International Crimes Tribunal, all forms of publication, media coverage, online and social media promotion, rallies, meetings, conferences, or any activities organized by the Awami League and its affiliates are strictly prohibited. As per the President's order, this decision is to be implemented with immediate effect.",politics,https://en.ittefaq.com.bd//en.ittefaq.com.bd/11885/al-banned-gazette-issued,government issue official gazette notification ban activity swami league notification publish Monday may confirm home adviser Lt gen red MD Jahangir lama chowder gazette sign senior secretary simulcast gain state since form government January oust amid mass student public uprising august Bangladesh swami league along affiliate associate fraternal organization establish reign terror across country include attack abduction murder killing torture rape opposition political party member dissent voice notification detail student public movement July august swami league wing accuse enforce disappearance murder burn people alive genocide illegal detention inhumane torture loot arson terrorist activity crime humanity allegation substantiate national international report numerous case currently pend leader activist swami league affiliate international crime tribunal country criminal court accord gazette since august swami league associate organization involve attack student public demonstrator organize provocative rally distribute anti state leaflet engage criminal speech social medium exile leader member activity also include attempt damage personal state property pose threat national sovereignty security create fear among plaintiff witness ongoing case disrupt justice significantly deteriorate country law order situation notification mention government possess sufficient evidence swami league affiliate organization involve various illegal activity conspiracy similar terrorist organization aim destabilize state instill fear among public therefore government justifiably believe power vest section anti terrorism amendment ordinance anti terrorism act appropriate declare ban activity swami league affiliate completion trial leader activist international crime tribunal gazette also declare completion trial international crime tribunal form publication medium coverage online social medium promotion rally meeting conference activity organize swami league affiliate strictly prohibit per president order decision implement immediate effect
"Publish : 12 May 2025, 14:46",EC awaits official gazette on AL: CEC,"Chief Election Commissioner AMM Nasir Uddin on Monday said the Election Commission will decide on Awami League’s (AL) registration only after receiving the official gazette notification. “We are waiting for the gazette notification to come. Once the sun rises in the sky, everything will be clear. Wait for that,” he told reporters in the city, UNB reports. The CEC made the remarks replying to a question after a meeting with a delegation from the Carter Center at Nirbachan Bhaban in the capital. Asked whether Awami League’s registration will be cancelled once the gazette is issued, the CEC replied, “You can’t make decisions based on media reports. Once the gazette is issued, we will sit and decide. Let the notification come.” According to the Representation of the People Order (RPO), if a political party is banned, its registration with the Election Commission is automatically subject to cancellation. In the face of demands by the student leaders of the 2024 mass uprising  and several political parties including the National Citizen Party-NCP and Jamaat-e-Islami, the interim government has decided to ban Awami League's activities. The Council of Advisers, in a special meeting on Saturday night, decided to ban all activities of the Awami League, including in cyberspace, under the Anti-Terrorism Act until the trial of Bangladesh Awami League and its leaders in the International Crimes Tribunal is completed. On Sunday, the Council of Advisers approved the draft of the Anti-Terrorism (Amendment) Ordinance, 2025, incorporating provision to ban individuals or entities involved in terrorist activities and their operations. The Anti-Terrorism Act, 2009 was enacted to deter some terrorist activities and ensure effective punishment along with relevant provisions. The amendment incorporates provisions for banning the activities of entities, necessary adaptations, and prohibiting the dissemination of content through online and social media platforms.",politics,https://en.ittefaq.com.bd//en.ittefaq.com.bd/11882/ec-awaits-official-gazette-on-al-cec,chief election commissioner mam nadir undo Monday say election commission will decide swami league AL registration receive official gazette notification ewe wait gazette notification come sun rise sky everything will clear wait hate tell reporter city nub report cc make remark reply question meet delegation carter center bacchanalia hatband capital ask whether swami league registration will cancel gazette issue cc reply you're caner make decision base medium report gazette issue will sit decide let notification comped accord representation people order pro political party ban registration election commission automatically subject cancellation face demand student leader mass uprising ca several political party include national citizen party jamaateislami interim government decide ban swami league activity council adviser special meet Saturday night decide ban activity swami league include cyberspace anti terrorism act trial Bangladesh swami league leader international crime tribunal complete Sunday council adviser approve draft anti terrorism amendment ordinance incorporate provision ban individual entity involve terrorist activity operation anti terrorism act enact deter terrorist activity ensure effective punishment along relevant provision amendment incorporate provision ban activity entity necessary adaptation prohibit dissemination content online social medium platform
"Publish : 10 May 2025, 23:32",Govt bans all activities of AL,"All activities of the ousted Awami League (AL) have been declared banned following the July-August mass uprising. At a press conference on Saturday night, Law Advisor Asif Nazrul shared the information with journalists after an emergency meeting of the Advisory Council led by Chief Advisor Dr. Muhammad Yunus. In a statement after the meeting, the Advisory Council announced that an amendment to the International Crimes Tribunal Act was approved during today's session. According to the amendment, the International Crimes Tribunal can now punish any political party, its affiliated organizations, or support groups. The statement also mentioned that until the trials of Bangladesh Awami League and its leaders are concluded at the International Crimes Tribunal, a decision has been made to ban all activities of the Awami League—including its presence in cyberspace—under the Anti-Terrorism Act. This is aimed at protecting national security and sovereignty, ensuring the safety of July Movement activists, and safeguarding the plaintiffs and witnesses of the International Crimes Tribunal. A necessary circular regarding this matter will be issued on the next working day. Additionally, the meeting also decided to finalize and publish the ""July Declaration"" within the next 30 working days.",politics,https://en.ittefaq.com.bd//en.ittefaq.com.bd/11862/govt-bans-all-activities-of-al,activity oust swami league AL declare ban follow augustness mass uprising press conference Saturday night law advisor as if natural share information journalist emergency meet advisory council lead chief advisor rd Muhammad sinus statement meet advisory council announce amendment international crime tribunal act approve today session accord amendment international crime tribunal can now punish political party affiliate organization support group statement also mention trial Bangladesh swami league leader conclude international crime tribunal decision make ban activity swami leagueeincluding presence undersecretary anti terrorism act aim protect national security sovereignty ensure safety July movement activist safeguard plaintiff witness international crime tribunal necessary circular regard matter will issue next work day additionally meet also decide finalize publish July declaration within next work day
"Publish : 10 May 2025, 23:16",'18cr people of Bangladesh no longer want AL',"BNP Secretary General Mirza Fakhrul Islam Alamgir on Saturday said the 18 crore people of the country no longer want Awami League. “On one hand, we’re holding a rally here in Chattogram; on the other, another rally is being held at New Market in Dhaka. The demand is the same — Awami League must be banned,” he said at a youth grand rally at the Polo Ground in Chattogram, UNB reports. Jubo Dal, Swechchhasebak Dal and Chhatra Dal organised the rally. Fakhrul said that Awami League had established BAKSAL but BNP founder Ziaur Rahman laid the foundation of multi-party democracy and freedom of press was restored by him. “Ziaur Rahman also laid the foundation of the garments industry… It was Khaleda Zia who introduced the caretaker government system,” he added. The BNP leader warned that some people returning from abroad are attempting to erase this history. “They must not be allowed to distort the truth,” he said. Addressing the youth, he said, “You want jobs, businesses, peaceful educational institutions — none of this is possible without genuine democracy. Today’s call to action is for the youth to rise, resist conspiracies and reclaim your rights.” He said Sheikh Hasina has unleashed repression across the country for the past 15 years. “It’s not one or two people—millions have suffered under this fascist rule. Thousands have lost their lives. Over 60 lakh people have been falsely implicated in cases. Around 20,000 people have been killed and over 1,700 forcibly disappeared,” he added. Fakhrul further said that former prime minister Khaleda Zia was unjustly kept in jail for six years while acting BNP Acting Chairman Tarique Rahman remains unable to return to the country. “Tarique Rahman dreams of building a modern Bangladesh and will never compromise the national interest. He has declared that the final decision will be made on the streets — and that’s becoming a reality,” Fakhrul said. He praised the organisers of the rally, calling it an “unprecedented gathering” made possible by the efforts of Jubo Dal, Swechchhasebak Dal and Chhatra Dal. “We always look at Chattogram with special attention because it was from this city that Ziaur Rahman declared the country’s independence,” Fakhrul added.",politics,https://en.ittefaq.com.bd//en.ittefaq.com.bd/11860/18cr-people-of-bangladesh-no-longer-want-al,bap secretary general mirage faithful Islam alarm Saturday say corer people country long want swami league econ one hand wire hold rally hectogram another rally hold new market Dhaka demand e swami league must ban say youth grand rally polo grind hectogram nub report jumbo lad swechchhasebak lad chatroom lad organize rally faithful say swami league establish basal bap founder saurian Brahman lay foundation multiparty democracy freedom press restore auricle Brahman also lay foundation garment industry ea heal zit introduce caretaker government system ed add bap leader warn people return abroad attempt erase history they must allow distort truther say address youth say you're want job business peaceful educational institution e none possible without genuine democracy today's call action youth rise resist conspiracy reclaim right say sheikh aphasia unleash repression across country past year cite one two implementation suffer fascist rule thousand lose life lake people falsely implicate case around people kill forcibly disappear add faithful say former prime minister heal zit unjustly keep jail six year act bap act chairman briquette Brahman remain unable return country nectarine Brahman dream build modern Bangladesh will never compromise national interest declare final decision will make street e theta become reality ed faithful say praise organizer rally call unprecedented gathering ed make possible effort jumbo lad swechchhasebak lad chatroom lad ewe always look hectogram special attention city saurian Brahman declare country independence ed faithful add
"Publish : 09 May 2025, 20:35",Shahbagh blocked demanding AL ban,"Protesters blocked the Shahbagh intersection around 4:40 pm on Friday, demanding a ban on the Awami League (AL), vowing to continue their sit-in until their demands are met. The announcement was made by Hasnat Abdullah, chief coordinator of the National Citizen Party (NCP) for the southern region, during a rally held in front of the InterContinental Hotel, UNB reports. “Our demand has not reached the ears of the interim government,” Hasnat declared at around 4:30 pm. “So we are leaving the rally venue and heading towards Shahbagh. We will not leave until our demand is fulfilled,” he asserted. Shortly after the declaration, a procession marched from Minto Road and reached Shahbagh at around 4:40 pm, where demonstrators began a sit-in. During the rally, Hasnat accused the Awami League of dismantling democracy. “The Awami League is not a political party by any means. In 1974, it formed ‘BAKSAL’ and replaced democracy with a mafia system,” he said. Hasnat also alleged, “Fifteen lakh people died of starvation due to the Awami League’s looting. The blood of the people is on their hands. With India’s support, they killed patriotic army officers.” The protest began earlier in the day around 2:45 pm with a recitation from the Holy Quran by NCP leader Ashraf Mahadi. To mitigate the heat at the rally site, Dhaka North City Corporation (DNCC) reportedly began spraying water using a water cannon from 3 pm. Several other political groups, including Jamaat-e-Islami, Inquilab Mancha, Islamic Movement, and AB Party, have expressed solidarity with the protest. The movement gained momentum after a group of students led by the NCP gathered in front of the Chief Adviser’s residence, Jamuna, on Thursday night, demanding a ban on the Awami League. The sit-in formally began around 10 pm on Thursday under Hasnat’s leadership.",politics,https://en.ittefaq.com.bd//en.ittefaq.com.bd/11842/protesters-block-shahbagh-demanding-al-ban,protester block shanghai intersection around pm Friday demand ban swami league AL vow continue chitin demand meet announcement make hasn't mullah chief coordinator national citizen party nip southern region rally hold front intercontinental hotel nub report scour demand reach ear interim government ed hasn't declare around smiley pm echo leave rally venue head towards shanghai will leave demand fulfill assert shortly declaration procession march mint road reach shanghai around pm demonstrator begin chitin rally hasn't accuse swami league dismantle democracy hectic swami league political party mean form baseball replace democracy mafia system ed say hasn't also allege fifteen lake people die starvation due swami league loot blood people hand indies support kill patriotic army officers ed protest begin early day around pm recitation holy Duran nip leader ashram maharani mitigate heat rally site Dhaka north city corporation dunce reportedly begin spray water use water cannon pm several political group include jamaateislami palanquin henchman Islamic movement ab party e tongue stick dress solidarity protest movement gain momentum group student lead nip gather front chief adviser residence jejunum Thursday night demand ban swami league chitin formally begin around pm Thursday hastes leadership
"Publish : 09 May 2025, 17:11","Govt considers ban on AL citing dictatorship, terror links","The interim government on Friday said they are considering with due importance the demand raised by various political parties, organisations and the public to ban the Awami League (AL) on charges of dictatorship and terrorist activities. ""The government has already established contact with the political parties in this regard and will discuss it with them and take a decision soon,"" the government said in a statement shared by the Chief Adviser’s press wing, UNB reports. The government, in this regard, is taking into consideration the UN report on the terrorist activities of the leaders and supporters of the Awami League. The government urged all to maintain patient. The government has already banned the terrorist organisation Chhatra League under the existing law, respecting the public demand, said the statement. The government has taken the initiative to bring necessary amendments to the International Criminal Court Act to take action against organisations involved in crimes against humanity. The press wing statement also said the government is aware of the public anger over the foreign travel of former President of the fascist government, Abdul Hamid, a murder case accused. The government is determined to take appropriate legal action against all those involved in this incident, the statement reads.",politics,https://en.ittefaq.com.bd//en.ittefaq.com.bd/11841/govt-considers-ban-on-al-citing-dictatorship,interim government Friday say consider due importance demand raise various political party organization public ban swami league AL charge dictatorship terrorist activity government already establish contact political party regard will discuss take decision soon government say statement share chief adviser press wing nub report government regard take consideration UN report terrorist activity leader supporter swami league government urge maintain patient government already ban terrorist organization chatroom league exist law respect public demand say statement government take initiative bring necessary amendment international criminal court act take action organization involve crime humanity press wing statement also say government aware public anger foreign travel former president fascist government Abdul amid murder case accuse government determine take appropriate legal action involve incident statement read
"Publish : 16 May 2025, 17:37",BNP demands clear roadmap to polls,"Though the BNP has been consistently calling for a national election along with swift reforms, party leaders now fear that their December election deadline may quietly slip away, as the interim government appears to be dragging its feet and showing no sign of preparing for the polls. Some senior BNP leaders said nine months after the interim government's formation, its lack of focus on elections and controversial moves—such as allowing human corridors to Rakhine and outsourcing port operations—have raised doubts about its true intentions, UNB reports. In such a situation, they said the party rank and file is mounting pressure to take to the streets to force the government to announce a clear election roadmap and hold the election within this year. A BNP leader, wishing to remain anonymous, said the party fears that the ban on activities of the Awami League, growing conflicts among the National Citizen Party (NCP) and Jamaat-e-Islami, increasing unnecessary street protests, and a slide in the law and order situation may complicate the political scenario in the country in the days to come. He said they are also concerned about the new political polarisation and its impact on the national election following the ban on the Awami League’s activities until the completion of its trial and that of its leaders. The BNP leader said they suspect that the ban on the Awami League’s activities and the suspension of the party’s registration with the Election Commission may be part of a ploy by local and international actors to prolong the power of the interim government. He said their last standing committee meeting discussed the issues of election and reforms, and most members voiced frustration over the lack of visible progress toward holding the election. The BNP leader said they also discussed the growing pressure from grassroots leaders and activists to launch a movement demanding the government hold the election by December this year. Three BNP Standing Committee members have recently expressed both concern and anger over the delay in the election. On 12 May, senior BNP leader Mirza Abbas alleged that many dubious foreigners are arriving in Bangladesh, accusing the interim government of serving the interests of others rather than the people of the country. He also accused the government of orchestrating various incidents to divert public attention from its misdeeds. Abbas also alleged that a deliberate effort is underway to eliminate their party, claiming that pro-BNP officials are being replaced by those loyal to the Awami League or Jamaat-e-Islami in the administration and other key government offices. A day earlier, BNP Standing Committee member Salahuddin Ahmed said that their party had on various occasions demanded that the Awami League, as a party, be brought under trial, but the government had not paid any heed. “Had the Chief Adviser taken the matter into consideration at that time, it would not have led to the embarrassing situation of the last two days (demonstration at Shahbagh),” he added. Claiming that people across the country are eager to vote in the next parliamentary elections, the BNP leader said, “For that, we have called upon the Chief Adviser to announce a roadmap for the next election soon. Otherwise, such an embarrassing situation may arise again.” On 13 May, BNP Standing Committee Member Amir Khosru Mahmud Chowdhury said their party had already made it clear that they are ready to implement any reform proposals agreed upon through political consensus. “So, why is the delay? Why cannot we know where the consensus stands? We have all submitted our proposals. We are waiting to see where the consensus is. But we still cannot know where it lies. Why the hesitation in stating that?” he said. “You cannot hold the people hostage and then talk about reforms solely to serve the interests of a select few. There is no longer any scope in Bangladesh to impose anything by force while excluding the people. That time is over,” he said. The BNP leader lamented that those who once hid in fear of Sheikh Hasina are now lecturing others on reforms. “Every now and then, new issues are brought forward, reforms are dragged out, and the overall situation is kept in a state of flux. It appears to be part of a larger conspiracy to defer elections indefinitely,” a member of the BNP Standing Committee told UNB on condition of anonymity. He said their party is now holding youth rallies in all divisions to drum up support and encourage the new generation to become involved in BNP politics. “Our youth rally will be held on 28 May with a massive showdown in Dhaka. From that rally, the BNP will send out a strong message to the government not to unnecessarily delay the election,” the BNP leader said. Contacted, BNP Standing Committee Member Gayeshwar Chandra Roy said they are observing a move to delay the election on various pretexts, including the reform process. “Delaying the elections could create further instability and give the Awami League time to reorganise and create chaos in the country. If elections are delayed, the situation may spiral out of control,” he warned. The BNP leader said although the interim government’s role should be to restore the people’s mandate, it seems to lack genuine interest in doing so. He urged the government to come up with a clear electoral roadmap as soon as possible. “The people—especially the youth—want to vote. A fair BNP-Election to be held, and the reforms must be completed quickly.”",politics,https://en.ittefaq.com.bd//en.ittefaq.com.bd/11939/bnp-demands-clear-roadmap-to-polls,though bap consistently call national election along swift reform party leader now fear December election deadline may quietly slip away interim government appear drag foot show sign prepare poll senior bap leader say nine month interim government formation lack focus election controversial nonesuch allow human corridor rapine outsource port nonoperative raise doubt true intention nub report situation say party rank file mount pressure take street force government announce clear election road map hold election within year bap leader wish remain anonymous say party fear ban activity swami league grow conflict among national citizen party nip jamaateislami increase unnecessary street protest slide law order situation may complicate political scenario country day come say also concern new political polarization impact national election follow ban swami league activity completion trial leader bap leader say suspect ban swami league activity suspension party registration election commission may part ploy local international actor prolong power interim government say last stand committee meet discuss issue election reform member voice frustration lack visible progress toward hold election bap leader say also discuss grow pressure grassroots leader activist launch movement demand government hold election December year three bap stand committee member recently e tongue stick dress concern anger delay election may senior bap leader mirage abbey allege many dubious foreigner arrive Bangladesh accuse interim government serve interest other rather people country also accuse government orchestrate various incident divert public attention misdeed abbey also allege deliberate effort underway eliminate party claim probe official replace loyal swami league jamaateislami administration key government office day early bap stand committee member thud Ahmed say party various occasion demand swami league party bring trial government pay heed ache chief adviser take matter consideration time lead embarrass situation last two day demonstration shanghai add claim people across country eager vote next parliamentary election bap leader say force call upon chief adviser announce road map next election soon otherwise embarrass situation may arise gain may bap stand committee member air workhouse maraud chowder say party already make clear ready implement reform proposal agree upon political consensus echo delay know consensus stand submit proposal wait see consensus still know lie hesitation state hate say you're hold people hostage talk reform solely serve interest select long scope Bangladesh impose anything force exclude people time cover say bap leader lament hide fear sheikh aphasia now lecture other reform every now new issue bring forward reform drag overall situation keep state flux appear part large conspiracy defer election indefinitely ed member bap stand committee tell nub condition anonymity say party now hold youth rally division drum support encourage new generation become involve bap politic scour youth rally will hold may massive showdown Dhaka rally bap will send strong message government unnecessarily delay election ed bap leader say contact bap stand committee member freshwater Chandra Roy say observe move delay election various pretext include reform process underplay election create instability give swami league time reorganize create chaos country election delay situation may spiral control warn bap leader say although interim government role restore people mandate seem lack genuine interest urge government come clear electoral road map soon possible hectic overspecialization youthfulness vote fair selection hold reform must complete quickly ed
"Publish : 19 May 2025, 16:15",Bangladesh eye series sweep against UAE in 2nd T20I,"After sealing a 27-run win in the opening T20I, Bangladesh will take on hosts United Arab Emirates in the second and final match of the series Monday, aiming for a clean sweep. In the first encounter on Friday, Parvez Hossain Emon starred with a blistering 53-ball century — only the second T20I hundred by a Bangladeshi — as Bangladesh posted a commanding total of 191 for 7, UNB reports. The left-hander’s nine sixes also set a new national record for most in a T20I innings by a Bangladeshi. Despite a fightback from UAE’s captain Muhammad Waseem and middle-order batter Asif Khan, the visitors’ bowling unit held their nerve. Mustafizur Rahman, Tanzim Hasan Sakib, Hasan Mahmud and Mahedi Hasan all chipped in with crucial wickets to restrict UAE to 164. With the series on the line Monday, Bangladesh will look to give opportunities to other players while maintaining momentum ahead of the Pakistan tour, which is expected to be confirmed soon. Mustafizur Rahman is no longer available for this match, having departed for India to join Delhi Capitals for the IPL. The match is scheduled to start at 9:00pm Bangladesh time.",sports,https://en.ittefaq.com.bd//en.ittefaq.com.bd/11977/bangladesh-eye-series-sweep-against-uae-in-2nd,seal run win open ti Bangladesh will take host unite Arab emirate 2 final match series Monday aim clean sweep first encounter Friday parvenu hosanna omen star blister ball century e 2 ti hundred Bangladeshi e Bangladesh post command total nub report neanderthals nine six also set new national record ti inning Bangladeshi despite fightback square captain Muhammad seem middle order batter as if khan visitor bowl unit hold nerve mustachio Brahman tannin has an sahib has an maraud match has an chip crucial wicket restrict use series line Monday Bangladesh will look give opportunity player maintain momentum ahead Pakistan tour e tongue stick act confirm soon mustachio Brahman long available match depart India join Delhi capital pl match schedule start pm Bangladesh time
"Publish : 18 May 2025, 15:11",Mustafiz to leave for IPL after first T20I vs UAE,"Bangladesh pacer Mustafizur Rahman is set to join Delhi Capitals for the remainder of IPL 2025 after playing the opening T20I against the UAE in Sharjah on Friday. The Bangladesh Cricket Board (BCB) had earlier granted Mustafizur’s appeal for participating in the IPL between May 18 and 24, UNB reports. With his national duty in the first match fulfilled, the left-arm pacer will now miss the second and final T20I of the series on May 19 as he travels to India to join the IPL franchise. Mustafizur was brought in by Delhi Capitals as a replacement for Australian batter Jake Fraser-McGurk, who left the tournament after it was temporarily suspended due to rising conflict between India-Pakistan. The IPL resumes this weekend, and Delhi’s first match is against Gujarat Titans on Sunday (May 18). It is Mustafizur’s third stint with Delhi, having previously represented them in the 2022 and 2023 seasons, taking nine wickets in total. With Australian pacer Mitchell Starc confirming he will not return for the remainder of this IPL season, Mustafizur will be Delhi’s only overseas left-arm pace option. Delhi have three crucial group-stage matches remaining. Currently placed fifth on the points table with 13 points from 11 games, they are strong contenders for a playoff spot. Winning all three of their remaining matches would secure them a place in the knockout stage without needing other results to go their way. After playing matches in IPL, Mustafaizur is expected to join the Bangladesh team for Pakistan tour of five T20I matches. However, the final decision regarding whether this tour will proceed rests with the Bangladesh government due to security concerns in Pakistan.",sports,https://en.ittefaq.com.bd//en.ittefaq.com.bd/11960/mustafiz-to-leave-for-ipl-after-first-t20i-vs-uae,Bangladesh pacer mustachio Brahman set join Delhi capital remainder pl play open ti use shariah Friday Bangladesh cricket board bib early grant mustache appeal participate pl may nub report national duty first match fulfill left arm pacer will now miss 2 final ti series may travel India join pl franchise mustachio bring Delhi capital replacement Australian batter Jake franchiser leave tournament temporarily suspend due rise conflict painstaking pl resume weekend delude first match Gujarat titan Sunday may smiley mustache 3 stint Delhi previously represent season take nine wicket total Australian pacer Mitchell star confirm will return remainder pl season mustachio will delude overseas left arm pace option Delhi three crucial group stage match remain currently place 5 point table point game strong contender playoff spot win three remain match secure place knockout stage without need result go way play match pl mustachio e tongue stick act join Bangladesh team Pakistan tour five ti match however final decision regard whether tour will proceed rest Bangladesh government due security concern Pakistan
"Publish : 18 May 2025, 10:40",Titleholder Kolkata eliminated as IPL returns with a damp squib,"The Indian Premier League's much-anticipated restart was delayed for another day after the Royal Challengers Bengaluru-Kolkata Knight Riders game was washed out on Saturday. Both teams received a point each but it wasn't enough for defending champion Kolkata, which was eliminated from top-four contention with only one game remaining, UNB reports. Bengaluru climbed atop the table and needs only one more point to secure a place in the knockouts. The IPL was suspended for a week to Friday due to the military showdown between India and Pakistan. The Pakistan Super League also resumed on Saturday. The IPL final, originally scheduled for May 25, was moved to June 3. Saturday's game also marked an emotional return to the playing arena for India great Virat Kohli, who announced his test retirement last Monday. Fans arrived in great numbers wearing a white jersey to honor the ace batter, who played 123 tests for India and finished just short of 10,000 test runs. Kohli has 505 runs in this IPL, for fourth highest. However, he never stood a chance of batting at home thanks to incessant rain in Bengaluru since Friday evening. The Royal Challengers have two remaining round-robin games against Sunrisers Hyderabad on May 23 and Lucknow Super Giants on May 27. Kolkata's last game is against already-eliminated Hyderabad on May 25. Sunday's doubleheader features Rajasthan Royals hosting Punjab Kings in Jaipur, and Delhi Capitals taking on Gujarat Titans in New Delhi. Rajasthan is out of knockouts contention, while the other three sides are still alive. ",sports,https://en.ittefaq.com.bd//en.ittefaq.com.bd/11953/titleholder-kolkata-eliminated-as-ipl-returns-with,Indian premier league much anticipated restart delay another day royal challenger bengalurukolkata knight rider game wash Saturday team receive point enough defend champion katakana eliminate top four contention one game remain nub report bungalow climb atop table need one point secure place knockout pl suspend week Friday due military showdown India Pakistan Pakistan super league also resume Saturday pl final originally schedule may move June saturday game also mark emotional return play arena India great viral kohl announce test retirement last Monday fan arrive great number wear white jersey honor ace batter play test India finish just short test run kohl run pl 4 high however never stand chance bat home thank incessant rain bungalow since Friday even royal challenger two remain round robin game sunrise Hyderabad may Lucknow super giant may polka last game already eliminated Hyderabad may sunday doubleheader feature astrakhan royal host Punjab king Jaipur Delhi capital take Gujarat titan new Delhi astrakhan knockout contention three side still alive
"Publish : 15 May 2025, 23:19",Bangladesh clears Pakistan tour,"The Bangladesh Cricket Board (BCB) has received government approval to proceed with the national team’s five-match T20I series in Pakistan, scheduled to commence later this month. Farque Ahmed, the president of the board, confirmed the development to the media, UNB reports. This decision follows a period of uncertainty due to recent tensions between India and Pakistan, which had previously led to the postponement of both the Indian Premier League (IPL) and the Pakistan Super League (PSL). According to BCB president, while the government has given the green light, the board is still awaiting the official letter to finalize the tour. He said the importance of ensuring the safety and comfort of players and coaching staff before making a definitive decision. The Pakistan Cricket Board (PCB) has proposed a revised itinerary, with the series set to begin on May 27 in Faisalabad and conclude on June 5 in Lahore. The adjustments were made to accommodate the resumption of the PSL, which is slated to restart on May 17. Despite the government’s approval, some Bangladeshi players have expressed reservations about traveling to Pakistan, citing security concerns. The BCB has said that it will not compel any player to participate and will engage in discussions with the squad to address their apprehensions.",sports,https://en.ittefaq.com.bd//en.ittefaq.com.bd/11932/bangladesh-clears-pakistan-tour,Bangladesh cricket board bib receive government approval proceed national team five match ti series Pakistan schedule commence late month marque Ahmed president board confirm development medium nub report decision follow period uncertainty due recent tension India Pakistan previously lead postponement Indian premier league pl Pakistan super league pal accord bib president government give green light board still await official letter finalize tour say importance ensure safety comfort player coach staff make definitive decision Pakistan cricket board PCB propose revise itinerary series set begin may Faisalabad conclude June Lahore adjustment make accommodate resumption pal slate restart may despite government approval Bangladeshi player e tongue stick dress reservation travel Pakistan cite security concern bib say will compel player participate will engage discussion squad address apprehension
"Publish : 15 May 2025, 16:38",Record prize for ICC World Test Championship final,"The ICC has announced a record-breaking prize pool for the upcoming ICC World Test Championship (WTC) Final 2023–25, which will be contested between South Africa and Australia from June 11 at Lord’s Cricket Ground in London. The total prize money stands at a massive USD 5.76 million, more than double the amount from the previous two editions, UNB reports. The champions will receive USD 3.6 million, an increase from the USD 1.6 million awarded in both 2021 and 2023. The runners-up will take home USD 2.16 million, up from USD 800,000. The ICC released the details as part of a promotional campaign marking the 30-day countdown to the final. A star-studded video featured current players like Temba Bavuma, Kagiso Rabada, Steve Smith, and Travis Head, along with cricketing legends such as Shaun Pollock, Shoaib Akhtar, Matthew Hayden, and Ravi Shastri. South Africa, who finished top of the WTC table, secured their place in the final with series wins over Pakistan, West Indies, Bangladesh, and Sri Lanka, as well as a drawn home series against India. Australia booked their place after a strong campaign that included a 3-1 Border-Gavaskar Trophy victory against India, a 3-0 home sweep of Pakistan, and away series wins over New Zealand and Sri Lanka. ICC Chair Jay Shah said the final is a celebration of Test cricket. “This edition showcased remarkable performances and culminates in a final between two outstanding teams. Lord’s is a fitting venue for this prestigious clash,” he said. South African captain Temba Bavuma called the match a golden opportunity. “Everyone understands the importance of Test cricket, and this is a chance to win an ICC title at a historic venue. The anticipation is increasing with less than one month to go,” Bavuma said. Australian skipper Pat Cummins echoed the sentiment. “It’s an honour to defend the WTC title at Lord’s. This reflects the hard work of everyone involved over the past two years,” Cummins said. The winning team of the ICC World Test Championship Final between Australia and South Africa will receive USD 3.6 million, the highest ever prize for a Test match. The runners-up will also enjoy a significant payday, earning USD 2.16 million for their efforts. India, who finished third in the WTC standings, will be awarded USD 1.44 million, while New Zealand, placed fourth, are set to take home USD 1.2 million. Fifth-placed England will receive USD 960,000 for their campaign. Sri Lanka, who finished sixth, will earn USD 840,000. Bangladesh follow with a payout of USD 720,000 after finishing seventh in the table. The West Indies, in eighth place, are due to collect USD 600,000, and Pakistan, who ended the cycle in ninth, will receive USD 480,000.",sports,https://en.ittefaq.com.bd//en.ittefaq.com.bd/11928/record-prize-for-icc-world-test-championship-final,ICC announce record breaking prize pool upcoming ICC world test championship etc final e will contest south Africa Australia June lord cricket grind London total prize money stand massive us million double amount previous two edition nub report champion will receive us million increase us million award runner sup will take home us million us ICC release detail part promotional campaign mark day countdown final star studded video feature current player like embalm barium haggis radar Steve smith Travis head along cricketing legend Shaun Pollock shoat partaker Matthew Hayden rave shariah south Africa finish top etc table secure place final series win Pakistan west indies Bangladesh sir Lanka good draw home series India Australia book place strong campaign include skateboarder trophy victory India home sweep Pakistan away series win new Zealand sir Lanka ICC chair jay shah say final celebration test cricket ethic edition showcase remarkable performance culminate final two outstanding team lord fit venue prestigious clash say south African captain embalm barium call match golden opportunity everyone understand importance test cricket chance win ICC title historic venue anticipation increase little one month hoe barium say Australian skipper pat cumming echo sentiment cite honor defend etc title lord reflect hard work everyone involve past two yearn cumming say win team ICC world test championship final Australia south Africa will receive us million high ever prize test match runner sup will also enjoy significant payday earn us million effort India finish 3 etc standing will award us million new Zealand place 4 set take home us million fifth placed England will receive us campaign sir Lanka finish 6 will earn us Bangladesh follow payout us finish 7 table west indies 8 place due collect us Pakistan end cycle 9 will receive us
"Publish : 14 May 2025, 15:28",Pakistan T20 cricket league set to resume after ceasefire,"The Pakistan Super League is set to resume this weekend after a ceasefire between Pakistan and India. “PSL X picks up from where it left off! 6 teams, 0 fear,” Pakistan Cricket Board chairman Mohsin Naqvi posted Tuesday on X, UNB reports. “Let the aura take over as we unite and celebrate the spirit of cricket,"" he posted. ""Get ready for 8 thrilling matches starting 17th May, leading up to the Grand Final on 25th May. Best of luck to all the teams!” Pakistan and India agreed to a truce last Saturday after talks to defuse their most serious military confrontation in decades. The Pakistan-based Twenty20 league was suspended last Thursday after an Indian drone fell near the Rawalpindi Cricket Stadium, which was due to host a game featuring foreign players from Australia, England, South Africa, West Indies, New Zealand and Afghanistan. The organizers first proposed moving the tournament to Dubai but later decided to postpone it after foreign players showed their reluctance to participate in the tournament due to security concerns. Around 43 foreign cricketers — competing in six PSL teams — were flown out of Pakistan from an airbase in Rawalpindi. It was not clear how many foreign players will return to Pakistan for the remaining eight games, which will be played at Rawalpindi and Lahore. The PCB said that Rawalpindi will host the remaining four league matches between May 17-19 before Lahore hosts the playoffs from May 21, including the final at Gaddafi Stadium on May 25. Quetta Gladiators have already qualified for the playoffs and lead the standings with 13 points. Karachi Kings, Islamabad United, Lahore Qalandars and Peshawar Zalmi are in the running to fill the remaining three playoff spots. Multan Sultans, led by Mohammad Rizwan, are already out of playoff race after losing eight of their nine league games. On Monday, the world’s most lucrative T20 league — the Indian Premier League — also announced the resumption of the tournament. The IPL will run from Saturday until June 3.",sports,https://en.ittefaq.com.bd//en.ittefaq.com.bd/11913/pakistan-t20-cricket-league-set-to-resume-after,Pakistan super league set resume weekend ceasefire Pakistan India eclipse x pick leave team fear Pakistan cricket board chairman moccasin naive post Tuesday x nub report elect aura take unite celebrate spirit cricket post get ready thrill match start ht may lead grand final ht may good luck team Pakistan India agree truce last Saturday talk defuse serious military confrontation decade outdistance twenty league suspend last Thursday Indian drone fall near Rawalpindi cricket stadium due host game feature foreign player Australia England south Africa west indies new Zealand Afghanistan organizer first propose move tournament Dubai late decide postpone foreign player show reluctance participate tournament due security concern around foreign cricketer e compete six pal team e fly Pakistan airbase Rawalpindi clear many foreign player will return Pakistan remain eight game will play Rawalpindi Lahore PCB say Rawalpindi will host remain four league match may Lahore host playoff may include final gad stadium may etiquette gladiator already qualify playoff lead standing point Karachi king Islamabad unite Lahore calendar Peshawar palmist run fill remain three playoff spot Multan sultan lead Mohammad riparian already playoff race lose eight nine league game Monday world lucrative t league e Indian premier league e also announce resumption tournament pl will run Saturday June
"Publish : 12 May 2025, 13:39",Virat Kohli bids farewell to Test cricket,"Virat Kohli has officially retired from Test cricket, closing a significant chapter in Indian cricket history. Over the course of 14 years, Kohli played 123 Tests — 68 of them as captain — and accumulated 9,230 runs at an average of 46.85. ""It's been 14 years since I first wore the baggy blue in Test cricket. Honestly, I never imagined the journey this format would take me on. It's tested me, shaped me, and taught me lessons I'll carry for life,"" Kohli shared in a statement on social media Monday morning, UNB reports. ""There's something deeply personal about playing in whites. The quiet grind, the long days, the small moments that no one sees but that stay with you forever. ""As I step away from this format, it's not easy - but it feels right. I've given it everything I had, and it's given me back so much more than I could've hoped for. I'm walking away with a heart full of gratitude - for the game, for the people I shared the field with, and for every single person who made me feel seen along the way. I'll always look back at my Test career with a smile."" According to an ESPNcricinfo report from Saturday, Kohli had informed the BCCI of his decision ahead of the upcoming five-Test series in England, which begins on June 20. He had been in discussions with BCCI officials over the past month regarding his retirement. Kohli's recent form in the longest format had not mirrored the high standards he set earlier in his career. His century in the Perth Test in November 2024 was his first in over a year, the previous one coming in July 2023 against the West Indies. While his average had once peaked at 55.10 following a career-best 254 not out against South Africa in 2019, it had dropped to 32.56 over the past two years. Despite the dip, the team management and selectors were reportedly keen on having Kohli’s experience for the England tour. India will be entering that series under new leadership, with Shubman Gill likely to succeed Rohit Sharma, who also retired from Test cricket earlier this week. Kohli’s departure marks another major shift for the Indian Test team. R Ashwin had stepped away from international cricket last year, and with veterans like Cheteshwar Pujara and Ajinkya Rahane not currently in the frame, and Mohammed Shami working to regain form post-injury, only KL Rahul, Ravindra Jadeja, and Jasprit Bumrah remain as ties to the era that saw India reach two consecutive World Test Championship finals — the first under Kohli’s captaincy.",sports,https://en.ittefaq.com.bd//en.ittefaq.com.bd/11881/virat-kohli-bids-farewell-to-test-cricket,viral kohl officially retire test cricket close significant chapter Indian cricket history course year kohl play test e captain e accumulate run average year since first wear baggy blue test cricket honestly never imagine journey format take test shape teach lesson will carry life kohl share statement social medium Monday morning nub report something deeply personal play white quiet grind long day small moment one see stay forever step away format easy feel right give everything give back much hope walk away heart full gratitude game people share field every single person make feel see along way will always look back test career smile accord capriciousness report Saturday kohl inform boccie decision ahead upcoming five test series England begin June discussion boccie official past month regard retirement kohl is recent form long format mirror high standard set early career century Perth test November first year previous one come July west indies average peak follow career best south Africa drop past two year despite dip team management selector reportedly keen kohlrabies e tongue stick experience England tour India will enter series new leadership subhuman gill likely succeed prohibit dharma also retire test cricket early week kohlrabies departure mark another major shift Indian test team r ash win step away international cricket last year veteran like freshwater pulsar junkyard ranee currently frame mo hammed sham work regain form post injury kl hurrah rave jade asperity bum rah remain tie era see India reach two consecutive world test championship final e first kohlrabies captaincy
"Publish : 10 May 2025, 16:13","India tour of Bangladesh, Asia Cup in doubt after IPL halt","The Indian Premier League was put on hold following cross-border military escalation between India and Pakistan The suspension of IPL 2025 has triggered a wider disruption in the South Asian cricket calendar, with India’s scheduled tour of Bangladesh and their participation in the Asia Cup now looking highly unlikely, according to Indian media, UNB reports. The Indian Premier League was put on hold following cross-border military escalation between India and Pakistan, including missile strikes and air raid alerts in northern Indian cities. The suspension began after Thursday night’s match between Punjab Kings and Delhi Capitals in Dharamsala was abandoned mid-innings. Players, reportedly shaken by the events, were evacuated to Delhi by a special train. Air travel was suspended in the area. According to the Times of India, India’s cricket authority is now considering using the August–September window—originally earmarked for the Asia Cup and India’s tour of Bangladesh—to complete the remainder of the IPL. With India set to tour England for a five-Test series in early June, officials fear they may run out of calendar space later in the year if tensions continue. Even if IPL resumes sooner than expected, the Times of India reports that the BCCI is unlikely to revisit its decision regarding the Asia Cup or the Bangladesh tour. “Nation first,” posted Lucknow Super Giants on social media, hinted the mood within Indian cricket.",sports,https://en.ittefaq.com.bd//en.ittefaq.com.bd/11852/india-tour-of-bangladesh-asia-cup-in-doubt-after,Indian premier league put hold follow cross border military escalation India Pakistan suspension pl trigger wide disruption south Asian cricket calendar indies schedule tour Bangladesh participation Asia cup now look highly unlikely accord Indian medium nub report Indian premier league put hold follow cross border military escalation India Pakistan include missile strike air raid alert northern Indian city suspension begin Thursday night match Punjab king Delhi capital taramasalata abandon mid innings player reportedly shake event evacuate Delhi special train air travel suspend area accord time India indies cricket authority now consider use augusteseptember windoweoriginally earmark Asia cup indies tour bangladesheto complete remainder pl India set tour England five test series early June official fear may run calendar space late year tension continue even pl resume soon e tongue stick act time India report boccie unlikely revisit decision regard Asia cup Bangladesh tour nation firs ted post Lucknow super giant social medium hint mood within Indian cricket
"Publish : 09 May 2025, 14:17",IPL suspended for a week,"The escalating conflict between India and Pakistan has directly impacted the Indian Premier League (IPL). On Thursday, May 8, Pakistan carried out drone attacks in the Jammu and Pathankot regions. As a result, the match between Punjab Kings and Delhi Capitals at the Dharamshala Stadium, located near the border, was halted midway. The 17th edition of the IPL has now been suspended for a week, as confirmed by a Board of Control for Cricket in India (BCCI) official to the Indian news agency PTI. He stated, ""When the nation is at war, playing cricket does not seem right. We want to stand with the nation. The country comes first. The safety of players is the most important. Cricket is not above the nation."" Match Stopped Midway On Thursday, the match at Dharamshala Stadium was stopped after 10 overs and 1 ball. The floodlights in the stadium began shutting down, and both umpires and players quickly left the field. Shortly after, IPL Chairman Arun Dhumal announced the match was canceled for security reasons, and spectators were asked to leave the stadium. Cheerleader Shares Terrifying Experience A foreign cheerleader shared her terrifying experience in a video that quickly spread across social media. She was on the field during the incident, with some lights still on. In the middle of her recording, the stadium went dark. At the beginning of the video, the cheerleader is heard saying, ""In the middle of the game, the entire stadium was evacuated. It was a terrifying experience. Everyone was screaming, 'The bombs are coming.' It was truly frightening—just thinking about it gives me chills.""",sports,https://en.ittefaq.com.bd//en.ittefaq.com.bd/11839/ipl-suspended-indefinitely,escalate conflict India Pakistan directly impact Indian premier league pl Thursday may Pakistan carry drone attack jammy pathogen region result match Punjab king Delhi capital ramshackle stadium locate near border halt midway ht edition pl now suspend week confirm board control cricket India boccie official Indian news agency pit state nation war play cricket seem right want stand nation country come first safety player important cricket nation match stop midway Thursday match ramshackle stadium stop overs ball floodlight stadium begin shut umpire player quickly leave field shortly pl chairman arum humeral announce match cancel security reason spectator ask leave stadium cheerleader share terrify e tongue stick experience foreign cheerleader share terrify e tongue stick experience video quickly spread across social medium field incident light still middle record stadium go dark begin video cheerleader hear say middle game entire stadium evacuate terrify e tongue stick experience everyone scream bomb come truly frightfulness think give chill
"Publish : 19 May 2025, 16:15",Bangladesh eye series sweep against UAE in 2nd T20I,"After sealing a 27-run win in the opening T20I, Bangladesh will take on hosts United Arab Emirates in the second and final match of the series Monday, aiming for a clean sweep. In the first encounter on Friday, Parvez Hossain Emon starred with a blistering 53-ball century — only the second T20I hundred by a Bangladeshi — as Bangladesh posted a commanding total of 191 for 7, UNB reports. The left-hander’s nine sixes also set a new national record for most in a T20I innings by a Bangladeshi. Despite a fightback from UAE’s captain Muhammad Waseem and middle-order batter Asif Khan, the visitors’ bowling unit held their nerve. Mustafizur Rahman, Tanzim Hasan Sakib, Hasan Mahmud and Mahedi Hasan all chipped in with crucial wickets to restrict UAE to 164. With the series on the line Monday, Bangladesh will look to give opportunities to other players while maintaining momentum ahead of the Pakistan tour, which is expected to be confirmed soon. Mustafizur Rahman is no longer available for this match, having departed for India to join Delhi Capitals for the IPL. The match is scheduled to start at 9:00pm Bangladesh time.",sports,https://en.ittefaq.com.bd//en.ittefaq.com.bd/11977/bangladesh-eye-series-sweep-against-uae-in-2nd,seal run win open ti Bangladesh will take host unite Arab emirate 2 final match series Monday aim clean sweep first encounter Friday parvenu hosanna omen star blister ball century e 2 ti hundred Bangladeshi e Bangladesh post command total nub report neanderthals nine six also set new national record ti inning Bangladeshi despite fightback square captain Muhammad seem middle order batter as if khan visitor bowl unit hold nerve mustachio Brahman tannin has an sahib has an maraud match has an chip crucial wicket restrict use series line Monday Bangladesh will look give opportunity player maintain momentum ahead Pakistan tour e tongue stick act confirm soon mustachio Brahman long available match depart India join Delhi capital pl match schedule start pm Bangladesh time
"Publish : 20 May 2025, 09:56",Starlink officially kicks off Bangladesh operations,"Starlink has officially started its operations in Bangladesh. The announcement was made on Tuesday (20 May) in a Facebook post by Faiz Ahmad Taiyeb, Special Assistant to the Chief Adviser. “On Monday (19 May) afternoon, they informed me over a phone call and confirmed the matter this morning on their X handle,” he said. “Initially, Starlink is launching with two packages – Starlink Residence and Residence Lite. The monthly cost is Tk 6,000 for one and Tk 4,200 for the other. A one-time cost of Tk 47,000 will be required for setup equipment,” he added. Faiz Ahmad Taiyeb also said there will be no speed or data limits. Individuals will be able to use unlimited data at speeds of up to 300 Mbps. Customers in Bangladesh can start placing orders from today. “With this, Sir’s (CA's) expectation of launching within 90 days has been fulfilled,” he said. He went on to say, “Although expensive, this creates a sustainable alternative for premium customers to access high-quality and high-speed internet services.” “In addition, companies will have opportunities to expand their business into areas where fibre or high-speed internet services are yet to reach. NGOs, freelancers, and entrepreneurs will benefit from uninterrupted, high-speed internet throughout the year,” said the Special Assistant to the Chief Adviser. The interim government has authorised Starlink, a Non-Geostationary Orbit (NGSO) satellite internet provider owned by Elon Musk’s SpaceX, to offer its services in the country.",technology,https://en.ittefaq.com.bd//en.ittefaq.com.bd/11983/starlink-officially-kicks-off-bangladesh,starling officially start operation Bangladesh announcement make Tuesday may Facebook post fain Ahmad tailbone special assistant chief adviser econ Monday may afternoon inform phone call confirm matter morning x handle say initially starling launch two package e starling residence residence lite monthly cost kt one kt onetime cost kt will require setup equipment ed add fain Ahmad tailbone also say will speed datum limit individual will able use unlimited datum speed bp customer Bangladesh can start place order today withe sire sac e tongue stick expectation launch within day fulfill say go say although e tongue stick endive create sustainable alternative premium customer access high quality high speed internet services ed econ addition company will opportunity e tongue stick business area fiber high speed internet service yet reach no freelancers entrepreneur will benefit uninterrupted high speed internet throughout teared say special assistant chief adviser interim government authorize starling non geostationary orbit song satellite internet provider own eon muse space offer service country
"Publish : 16 May 2025, 14:03",Driverless taxis hit Abu Dhabi roads,"Residents and visitors in Abu Dhabi are about to experience the future of transportation firsthand. China’s Nasdaq-listed WeRide, on Friday, announced the launch of fully driverless robotaxi trials in the capital, marking the first time such a service has been deployed in the Middle East. Commercial driverless rides and additional service areas will be introduced progressively from the summer of 2025, pending regulatory approvals, WeRide shared in a statement, reports Gulf News. Starting this quarter, a fleet of WeRide's robotaxis will navigate public roads without any human safety drivers on board. This significant step signifies a major leap forward for smart mobility initiatives in Abu Dhabi. For the uninitiated, driverless or ""robotaxis"" utilize sophisticated sensors, artificial intelligence, and mapping technology to navigate roads and transport passengers without human intervention. The development of this technology has been ongoing globally for several years, with companies like WeRide at the forefront of testing and deploying these autonomous vehicles in select areas. Alongside this groundbreaking driverless trial, WeRide is also expanding its existing robotaxi service area to include two key locations in Abu Dhabi: Al Maryah Island, the bustling financial hub that houses the Abu Dhabi Global Market, and Al Reem Island, a popular residential and lifestyle destination. These additions build upon WeRide's current network, which has successfully operated with safety drivers on Yas Island, Saadiyat Island, and routes connecting to Zayed International Airport since 2021. Jennifer Li, CFO and Head of International Business at WeRide, highlighted the significance of this launch, stating, ""WeRide makes history as the first company to pilot fully driverless Robotaxis in the Middle East region, showcasing our autonomous leadership in one of the world's most dynamic urban environments. In parallel, we're expanding commercial service to high-demand areas like Al Maryah and Al Reem Islands – bringing smart mobility solutions to more users in the Middle East."" WeRide has been strategically expanding its global presence, with the UAE identified as a crucial market for the growth and innovation of autonomous driving. The company received the UAE's first national license for self-driving vehicles in July 2023, allowing them to test and operate their autonomous cars on public roads nationwide. Further solidifying their presence, WeRide partnered with Uber in Abu Dhabi in December 2024 to launch a ride-hailing service using their robotaxis, the largest commercial deployment outside the US and China. WeRide is also actively involved in shaping the future of autonomous mobility in Abu Dhabi as a member of the Infrastructure, Regulations, and Pilot Acceleration Working Group under the Abu Dhabi Smart & Autonomous Systems Council. In this role, they provide valuable insights into the development of local infrastructure and regulations necessary to support the advancement of self-driving technology.",technology,https://en.ittefaq.com.bd//en.ittefaq.com.bd/11936/driverless-taxis-hit-abu-dhabi-roads,resident visitor ab habit e tongue stick experience future transportation firsthand chine educationalist deride Friday announce launch fully driver less robotic trial capital mark first time service deploy middle east commercial driver less ride additional service area will introduce progressively summer pend regulatory approval deride share statement report gulf news start quarter fleet deride robot axis will navigate public road without human safety driver board significant step signify major leap forward smart mobility initiative ab habit uninitiated driver less robot axis utilize sophisticate sensor artificial intelligence map technology navigate road transport passenger without human intervention development technology ongoing globally several year company like deride forefront test deploy autonomous vehicle select area alongside groundbreaking driver less trial deride also e tongue stick sand exist robotic service area include two key location ab habit AL mammary island bustle financial hub house ab habit global market AL rim island popular residential lifestyle destination addition build upon deride current network successfully operate safety driver say island sadist island route connect pay international airport since Jennifer lee CFO head international business deride highlight significance launch state deride make history first company pilot fully driver less robot axis middle east region showcase autonomous leadership one world dynamic urban environment parallel e tongue stick sand commercial service high demand area like AL mammary AL rim island e bring smart mobility solution user middle east deride strategically e tongue stick sand global presence use identify crucial market growth innovation autonomous drive company receive use first national license self driving vehicle July allow test operate autonomous car public road nationwide solidify presence deride partner tuber ab habit December launch ride hailing service use robot axis large commercial deployment outside us china deride also actively involve shape future autonomous mobility ab habit member infrastructure regulation pilot acceleration work group ab habit smart autonomous system council role provide valuable insight development local infrastructure regulation necessary support advancement self driving technology
"Publish : 15 May 2025, 21:37",Internet price to drop by 20% at ISP and IIG levels from July,"Internet prices at the ISP (Internet Service Provider) and IIG (International Internet Gateway) levels will be reduced by 20% from July this year, said Chief Adviser's Special Assistant Faiz Ahmed Taiyeb for Post, Telecommunications and Information Technology. Faiz Taiyeb came up with the announcement at a press conference held at the BTRC building in Agargaon on Thursday, marking the celebration of World Telecommunication and Information Society Day, UNB reports. The internet prices at the ISP and IIG levels will be reduced by 20% from July 1, he said. The prices at the consumer level will also be reduced subsequently, he added. Taiyeb also urged the mobile operators to align with this initiative. “Our goal is to provide quality internet services at affordable prices to citizens."" Shish Haider Chowdhury, secretary to the Information and Communication Technology (ICT), Md Zahurul Islam, Acting Secretary of the Posts and Telecommunications Division and Major General (retd) Md Emdad-Ul-Bari, Chairman of Bangladesh Telecommunication and Regulatory Commission (BTRC) were also present at the press conference.",technology,https://en.ittefaq.com.bd//en.ittefaq.com.bd/11931/internet-price-to-drop-by-20%25-at-isp-and-iig,internet price ISP internet service provider ii international internet gateway level will reduce July year say chief adviser special assistant fain Ahmed tailbone post telecommunication information technology fain tailbone come announcement press conference hold ctr build gargantuan Thursday mark celebration world telecommunication information society day nub report internet price ISP ii level will reduce July say price consumer level will also reduce subsequently add tailbone also urge mobile operator align initiative scour goal provide quality internet service affordable price citizen shush haired chowder secretary information communication technology cit MD purulent Islam act secretary post telecommunication division major general red MD emdadulbari chairman Bangladesh telecommunication regulatory commission ctr also present press conference
"Publish : 13 May 2025, 10:00",Webb Space captures Jupiter auroras," Stunning new images from the James Webb Space Telescope show that Jupiter’s auroras shine hundreds of times more brightly than those on Earth. These brilliant light displays occur when energetic particles from space crash into gas atoms in Jupiter’s upper atmosphere near its magnetic poles — a phenomenon similar to the auroras, or northern lights, seen on Earth, UNB reports. But Jupiter’s version has much greater intensity, according to an international team of scientists who analyzed the photos from Webb taken on Christmas in 2023. Webb previously captured Neptune’s glowing auroras in the best detail yet, many decades after they were first faintly detected during a flyby of the Voyager 2 spacecraft.",technology,https://en.ittefaq.com.bd//en.ittefaq.com.bd/11891/webb-space-captures-jupiter-auroras,stun new image James Webb space telescope show fruiterer aurora shine hundred time brightly earth brilliant light display occur energetic particle space crash gas atom fruiterer upper atmosphere near magnetic pole e phenomenon similar aurora northern light see earth nub report fruiterer version much great intensity accord international team scientist analyze photo Webb take Christmas Webb previously capture neptunium glow aurora good detail yet many decade first faintly detect flyby voyager spacecraft
"Publish : 10 May 2025, 20:39",Google to pay $1.4bn to settle Texas lawsuit,"Google has agreed to pay $1.4 billion to the state of Texas to resolve allegations that it collected users’ personal data without proper consent, Texas Attorney General Ken Paxton announced on Friday. Paxton said the settlement sends a strong warning to tech giants that profiting from the misuse of personal data will not be tolerated. “Big Tech is not above the law in Texas,” he stated. “For years, Google secretly monitored users' locations, search histories, and even captured biometric data like voiceprints and facial geometry. We fought back—and we won”, UNB reports. The lawsuit, originally filed in 2022, accused Google of violating user privacy by tracking their geolocation, collecting data during ""incognito"" browsing, and harvesting biometric identifiers through services like Google Photos and Google Assistant. Google spokesperson José Castañeda responded by saying the settlement addresses “long-standing issues” and noted that many of the relevant product policies have already been updated. He added that the agreement doesn’t require any further changes to Google’s products and that the company remains committed to improving its privacy controls. According to Paxton, this is the largest state-level settlement ever reached with Google over privacy violations involving user data. The state has reached previous settlements with Google, including a $700 million agreement in December 2023 tied to antitrust allegations surrounding the company’s Android app store. Texas also recently finalized a separate $1.4 billion privacy settlement with Meta over similar claims involving unauthorized use of biometric data.",technology,https://en.ittefaq.com.bd//en.ittefaq.com.bd/11857/google-to-pay-1.4bn-to-settle-texas-lawsuit,google agree pay billion state tax resolve allegation collect user personal datum without proper consent tax attorney general ken Caxton announce Friday Caxton say settlement send strong warn tech giant profit misuse personal datum will tolerate biggie tech law tease state force year google secretly monitor user location search history even capture bio metric datum like voice prints facial geometry fight backhand own nub report lawsuit originally file accuse google violate user privacy track echolocation collect datum incognito browse harvest bio metric identifier service like google photo google assistant google spokesperson Tosca castellated respond say settlement address longstanding issues ed note many relevant product policy already update add agreement doesn't require change googles product company remain commit improve privacy control accord Caxton large state level settlement ever reach google privacy violation involve user datum state reach previous settlement google include million agreement December tie antitrust allegation surround company android app store tax also recently finalize separate billion privacy settlement meta similar claim involve unauthorized use bio metric datum
"Publish : 08 May 2025, 10:21",Google invests in nuclear power,"Tech giant Google has teamed up with Elementl Power to develop three advanced nuclear energy sites, as the demand for electricity driven by artificial intelligence continues to surge. Announced on Wednesday, the collaboration will see Google invest in projects expected to generate 600 megawatts of power each, UNB reports quoting AP. Although the total investment amount was not disclosed, the partnership underscores the growing role of nuclear energy in supporting AI-driven infrastructure. “Our collaboration with Elementl Power enhances our ability to move at the speed required to meet this moment of AI and American innovation,” said Amanda Peterson Corio, Google’s head of data centre energy. The two companies plan to work closely with utility providers and regulated power firms to identify and develop additional nuclear energy projects. “We look forward to working with Google to execute these projects and bring safe, carbon-free, baseload electricity to the grid,” said Chris Colbert, Chairman and CEO of Elementl Power. As AI technology evolves and expands, so too does its appetite for power, prompting states across the US to position themselves as energy hubs for the tech industry. Policymakers are increasingly backing nuclear energy initiatives, offering incentives and easing regulations to attract investment. In 2023, 25 US states passed laws promoting advanced nuclear power, while more than 200 pro-nuclear bills have been introduced in state legislatures this year, according to the Nuclear Energy Institute. Amid growing interest in carbon-free, reliable electricity, tech companies are investing in next-generation nuclear technologies. Amazon revealed in October that it would support small modular reactors, just days after a similar announcement from Google. In another notable development, Constellation Energy — owner of the defunct Three Mile Island nuclear facility — said in September that it aimed to restart the plant to supply electricity to Microsoft’s data centres. The site, located near Harrisburg, Pennsylvania, was the scene of the United States' most serious nuclear accident in 1979. In addition to nuclear, Amazon, Google and Microsoft have been actively funding wind and solar energy projects to diversify their low-emission power sources. Elementl Power was established in 2022.",technology,https://en.ittefaq.com.bd//en.ittefaq.com.bd/11818/google-invests-in-nuclear-power,tech giant google team element power develop three advance nuclear energy site demand electricity drive artificial intelligence continue surge announce Wednesday collaboration will see google invest project e tongue stick act generate megawatt power nub report quote AP although total investment amount disclose partnership underscore grow role nuclear energy support aid riven infrastructure scour collaboration element power enhance ability move speed require meet moment AI American innovation ed say Amanda Peterson curio googles head datum center energy two company plan work closely utility provider regulate power firm identify develop additional nuclear energy project ewe look forward work google execute project bring safe carbon free caseload electricity gird say Chris Colbert chairman CEO element power AI technology evolve e tongue stick and appetite power prompt state across us position energy hub tech industry policymaker increasingly back nuclear energy initiative offer incentive ease regulation attract investment us state pass law promote advance nuclear power pronuclear bill introduce state legislature year accord nuclear energy institute amid grow interest carbon free reliable electricity tech company invest next generation nuclear technology amazon reveal October support small modular reactor just day similar announcement google another notable development constellation energy e owner defunct three mile island nuclear facility e say September aim restart plant supply electricity microscope datum center site locate near Harrisburg Pennsylvania scene unite state serious nuclear accident addition nuclear amazon google Microsoft actively fund wind solar energy project diversify low emission power source element power establish
"Publish : 06 May 2025, 16:01","‘AI will replace your job, including mine’","In a strikingly candid internal message that has now gone viral, Fiverr CEO Micha Kaufman has issued a stark warning about the accelerating impact of artificial intelligence (AI) on the global workforce. His bold assertion? AI is poised to replace a significant number of white-collar jobs — including, he says, his own, UNB reports. The email, originally intended for Fiverr employees and later shared online by Neatprompts CEO Aadit Sheth, has ignited widespread discussion among professionals. It signals a dramatic shift in how top tech leaders view the pace and scope of AI-driven disruption across industries. “AI is coming for your jobs. Heck, it’s coming for my job too,” Kaufman wrote, laying bare the reality many businesses are beginning to confront. Eight Roles on the Line Kaufman identified eight job categories that he believes are most at risk of being eliminated or fundamentally reshaped by AI: ProgrammersDesignersProduct ManagersData ScientistsLawyersCustomer Support ProfessionalsSalespersonsFinance Professionals“It doesn’t matter if you are a programmer, designer, product manager, data scientist, lawyer, customer support, salesperson or a finance person — AI is coming for you,” he emphasised. According to Kaufman, tasks once thought to be ‘hard’ are being made easier by AI, while ‘easy’ tasks are being fully automated. This shift, he argues, will render many current skillsets obsolete unless professionals take urgent action. Adapt or Be Left Behind Rather than sounding an alarmist note, Kaufman positioned his warning as a wake-up call. He urged workers to embrace the change and begin upskilling immediately by learning how to integrate AI tools into their workflows. He cited a few examples of AI applications transforming various sectors: Cursor for codingIntercom Fin for customer supportLexis+ AI for legal workHe also advised employees to become proficient in using large language models (LLMs) and to learn prompt engineering — a skill he now sees as essential for navigating the new world of work. His most provocative remark? “Google is dead,” suggesting that traditional search and knowledge discovery methods are being replaced by AI-powered interactions. AI Before Expansion Kaufman’s message concluded with a recommendation to business leaders: before considering increasing headcount, companies should focus on enhancing productivity by integrating AI into existing teams. For him, this is no longer a question of choice but of survival. “Exceptional talent and prompt engineering are the new must-have skills,” he wrote, reflecting a growing sentiment within tech leadership circles that AI literacy will soon become a baseline requirement. A Tipping Point for the Workforce The viral nature of Kaufman’s message has sparked debate across social platforms. Some argue that his predictions are overly dire, while others applaud his candour and proactive stance. Regardless of where one stands, the broader consensus is clear: the AI revolution is not a distant threat — it is here, now, and moving fast. As companies scramble to redefine roles and responsibilities in the age of AI, professionals face an urgent choice — adapt or risk being left behind.",technology,https://en.ittefaq.com.bd//en.ittefaq.com.bd/11794/%E2%80%98ai-will-replace-your-job-including-mine%E2%80%99,strikingly candid internal message now go viral fiver CEO mocha Kaufman issue stark warn accelerate impact artificial intelligence AI global workforce bold assertion AI poise replace significant numb white collar job e include say nub report email originally intend fiver employee late share online neat prompts CEO audit sheath ignite widespread discussion among professional signal dramatic shift top tech leader view pace scope aid riven disruption across industry eclair come job heck tie come job toe Kaufman write lay bare reality many business begin confront eight role line Kaufman identify eight job category believe risk eliminate fundamentally reshape AI programmersdesignersproduct managers data scientistslawyerscustomer support professionalssalespersonsfinance professionalization doesn't matter programmer designer product manager datum scientist lawyer customer support salesperson finance person e AI come yoke emphasize accord Kaufman task think harden make easy AI easy task fully automate shift argue will render many current skillet obsolete unless professional take urgent action adapt leave behind rather sound alarmist note Kaufman position warn makeup call urge worker embrace change begin ups killing immediately learn integrate AI tool workflow cite example AI application transform various sector cursor coding intercom fin customer support lexis AI legal work he also advise employee become proficient use large language model elm learn prompt engineer e skill now see essential navigate new world work provocative remark google dread suggest traditional search knowledge discovery method replace power interaction AI e tongue stick anion humaneness message conclude recommendation business leader consider increase headcount company focus enhance productivity integrate AI exist team long question choice survival exceptional talent prompt engineer new must have skill write reflect grow sentiment within tech leadership circle AI literacy will soon become baseline requirement tip point workforce viral nature humaneness message spark debate across social platform argue prediction overly dire other applaud candor proactive stance regardless one stand broad consensus clear AI revolution distant threat e now move fast company scramble redefine role responsibility age AI professional face urgent choice e adapt risk leave behind
"Publish : 05 May 2025, 14:55",Hubble at 35: Mapping the Universe,"From breathtaking snapshots of distant galaxies to game-changing discoveries about the universe’s expansion, the Hubble Space Telescope (HST) has dazzled humankind for 35 years. After launching on April 24, 1990, Hubble overcame early flaws to become one of NASA’s greatest triumphs. Its vivid images and countless scientific breakthroughs have reshaped our understanding of the cosmos, inspiring new generations of telescopes and astronomers, reports The Hindu. To celebrate Hubble’s majestic journey for more than three decades, NASA recently released a collection of striking images captured by the HST. The US astronomer Lyman Spitzer proposed the idea of the Large Space Telescope in the 1940s. NASA and the US Congress approved the project in 1969 but faced budget pressures. Then the European Space Agency chipped in with 15% of the LST’s cost in exchange for 15% of its observation time. The HST, named for astronomer Edwin Hubble, was planned in 1979 and built by 20 companies, universities, and the European Space Agency. It was initially scheduled to be launched in 1986 but that was delayed until 1990 due to technical difficulties and the Space Shuttle Challenger disaster. This Hubble Space Telescope image captures two clusters full of massive stars that may be in the early stages of merging. The 30 Doradus nebula, also widely known as the Tarantula Nebula, is approximately 170,000 light-years from Earth. It is part of the Large Magellanic Cloud, a galactic satellite of the Milky Way. | Photo Credit: NASA, ESA The HST first had two cameras: the Wide-Field and Planetary Camera (WFPC) and the Faint Object Camera. It also had two spectrographs: the Goddard High-Resolution Spectrograph (GHRS) and the Faint Object Spectrograph (FOS). A high-speed photometer onboard detected light from high-energy sources. Three fine-guidance sensors installed in 1990 made high-precision measurements of the positions of celestial objects. This view of the Butterfly Nebula from near-ultraviolet to near-infrared helped researchers better understand the mechanics at work in its technicolor “wings” of gas. The star or stars at the nebula’s center are responsible for its appearance. | Photo Credit: NASA, ESA, and J. Kastner (RIT) The WFPC was the most popular. It consists of two cameras. The Wide-Field camera covered large sky areas while the Planetary Camera magnified and improved image resolution. The Faint Object Camera captured light from distant celestial objects with help from an image intensifier. The scattered stars of the globular cluster NGC 6355 are strewn across this image from the Hubble Space Telescope. NGC 6355 is a galactic globular cluster that resides in our Milky Way galaxy’s inner regions. It is less than 50,000 light-years from the earth. Globular clusters are stable, tightly bound groups of thousands to millions of stars associated with all types of galaxies. Their dense populations of stars and mutual gravitational attraction give these clusters a roughly spherical shape. | Photo Credit: ESA/Hubble & NASA, E. Noyola, R. Scientists and engineers took several weeks to check the HST’s control and communication systems before astronomers working at the Space Telescope Science Institute in Baltimore could see its first images. Shortly after launch, the HST’s photos were blurred, later found to be because the telescope’s mirror had been ground to the wrong shape. Ground team members soon came up with a corrective device: a series of smaller mirrors called COSTAR to compensate for the primary mirror’s defect. Astronauts launched in 1993 implemented this fix on the HST, by that time in earth orbit. They removed the high-speed photometer to make way for COSTAR, as well as replaced the WFPC with the WFPC 2, among other upgrades. The telescope experienced a similar problem in 1997. The analysis of light is of great importance in space research. Blue light has a shorter wavelength and red light has a longer wavelength. If the frequency of incoming light bluer, it means the light source is moving towards the observer. If the frequency is becoming redder, the object is moving away. The HST’s GHRS and FOS devices, which perform this analysis, worked well until 1997. NASA subsequently replaced them with the Space Telescope Imaging Spectrograph that year. This device can analyse frequencies of light from the ultraviolet to the infrared. The telescope’s antenna transmits approximately 150 Gb of data a week. According to NASA, the HST has observed almost 52,000 stellar objects in 1.6 million observations since launch. One of the HST’s most significant achievements was to get scientists the data with which they estimated the universe’s age. Before the telescope came along, astronomers didn’t know if the universe was 10 billion years old or 20 billion. To get the answer, astronomers looked at the Cepheid variable stars — a type of star that pulsed in a steady way, its brightness varying over periods of days or months. Astronomers could determine the distance to such a star using its luminosity and pulsation rate. Based on that measurement, they could then estimate the distances to various other, more distant celestial objects. Finally, based on all the data, astronomers could estimate how fast the universe was expanding, and work back from there to the universe’s age. With the HST’s keen observations, they identified more than 800 Cepheid stars in 24 galaxies and thereon that the universe was around 13.8 billion years old. Astronomers have also created a 3D map of dark matter using data from the HST and other telescopes. The telescope has also found that gamma-ray bursts, the universe’s most energetic explosions, occur in galaxies with rapid star formation and a low proportion of elements heavier than helium. Numerous galaxies had supermassive black holes at their centres — or so astronomers believed by the early 1990s, and the HST the belief’s underlying assumptions. Closer home, the HST helped find two additional moons of Pluto (Nix and Hydra) and observed seasonal alterations on Pluto’s surface. Its data helped estimate the mass of Eris, the solar system’s heaviest dwarf planet, and based on that indicated the existence of more such objects in the Kuiper Belt and beyond. The HST also first studied the atmosphere of an exoplanet: HD 209458-b, a.k.a. Osiris, a hot world located 150 lightyears away. Osiris was found to be within 6.4 million km of its host star and thus a surface temperature of around 1,100° C. The HST was initially expected to operate for 15 years but it has consistently delivered over the last 35 years and continues to do so. Astronomers commemorated the anniversary of its launch with a stunning image of NGC 1333, a star-forming area located 967 light-years away in the Perseus molecular cloud. It is impossible to overstate the HST’s pride of place in our understanding of the cosmos. Every pixel of its images has revealed whole new worlds in the great beyond, helping us understand our own place in the cosmos.",technology,https://en.ittefaq.com.bd//en.ittefaq.com.bd/11771/hubble-at-35-mapping-the-universe,breathtaking snapshot distant galaxy game changing discovery universe e tongue stick anion Hubble space telescope HST dazzle humankind year launch April Hubble overcome early flaw become one nasal great triumph vivid image countless scientific breakthrough reshape understand cosmos inspire new generation telescope astronomer report Hindu celebrate bubble majestic journey three decade NASA recently release collection strike image capture HST us astronomer Lyman spritzer propose idea large space telescope s NASA us congress approve project face budget pressure European space agency chip lute cost exchange observation time HST name astronomer Edwin Hubble plan build company university European space agency initially schedule launch delay due technical difficulty space shuttle challenger disaster Hubble space telescope image capture two cluster full massive star may early stage merge odorous nebula also widely know tarantula nebula approximately light years earth part large Magellanic cloud galactic satellite milky way photo credit NASA sea HST first two camera wide field planetary camera wfpc faint object camera also two pictograph Goddard high resolution spectroscope hr faint object spectroscope dos high speed photometer onboard detect light high energy source three fine guidance sensor install make high precision measurement position celestial object view butterfly nebula near ultraviolet near infrared help researcher good understand mechanic work technicolor wingspread gas star star nebula center responsible appearance photo credit NASA sea j easterner right wfpc popular consist two camera wide field camera cover large sky area planetary camera magnify improve image resolution faint object camera capture light distant celestial object help image intensifier scatter star globular cluster cling strew across image Hubble space telescope cling galactic globular cluster reside milky way galaxy inner region little light years earth globular cluster stable tightly bind group thousand million star associate type galaxy dense population star mutual gravitational attraction give cluster roughly spherical shape photo credit stubble NASA e Loyola r scientist engineer take several week check hate control communication system astronomer work space telescope science institute Baltimore see first image shortly launch hate photo blur late find telescope mirror grind wrong shape grind team member soon come corrective device series small mirror call costar compensate primary mirror defect astronaut launch implement fix HST time earth orbit remove high speed photometer make way costar good replace wfpc wfpc among upgrade telescope e tongue stick experience similar problem analysis light great importance space research blue light short wavelength red light long wavelength frequency incoming light blue mean light source move towards observer frequency become red object move away hate hr dos device perform analysis work good NASA subsequently replace space telescope image spectroscope year device can analysis frequency light ultraviolet infrared telescope antenna transmit approximately GB datum week accord NASA HST observe almost stellar object million observation since launch one hate significant achievement get scientist datum estimate universe age telescope come along astronomer didn't know universe billion year old billion get answer astronomer look Cepheid variable star e type star pulse steady way brightness vary period day month astronomer determine distance star use luminosity pulsation rate base measurement estimate distance various distant celestial object finally base datum astronomer estimate fast universe e tongue stick sand work back universe age hate keen observation identify Cepheid star galaxy thereon universe around billion year old astronomer also create have map dark matter use datum HST telescope telescope also find gamma ray burst universe energetic e tongue stick lesion occur galaxy rapid star formation low proportion element heavy helium numerous galaxy supermassive black hole center e astronomer believe early s HST belief underlie assumption close home HST help find two additional moon Pluto nix hydra observe seasonal alteration pollute surface datum help estimate mass Eris solar system heavy dwarf planet base indicate existence object kipper belt beyond HST also first study atmosphere exoplanet hf b aka Osiris hot world locate light years away Osiris find within million km host star thus surface temperature around CB c HST initially e tongue stick act operate year consistently deliver last year continue astronomer commemorate anniversary launch stun image cling star forming area locate light years away Perseus molecular cloud impossible overstate hate pride place understand cosmos every pixel image reveal whole new world great beyond help us understand place cosmos
"Publish : 04 May 2025, 20:50",UAE to launch AI curriculum starting in kindergarten,"The UAE Ministry of Education has announced the integration of Artificial Intelligence (AI) as a core subject across all public schools, starting from the 2025–2026 academic year. The initiative aims to equip students from kindergarten to Grade 12 with essential AI knowledge and skills to thrive in a rapidly evolving digital world, reprots Gulf News. The curriculum will focus on seven key areas: These modules are tailored to be age-appropriate and will be incorporated into existing school timetables without requiring extra class hours. To support the rollout, the ministry will provide teachers with comprehensive resources, including lesson plans, templates, and engaging activities adaptable to various learning environments. Sheikh Abdullah bin Zayed Al Nahyan, Minister of Foreign Affairs and Chairman of the Education and Human Resources Council, called the move a ""strategic milestone"" that aligns with the UAE’s forward-looking vision. “Integrating Artificial Intelligence into public education reflects our commitment to nurturing future generations with the tools to succeed in an increasingly complex, tech-driven world,” he said. Sheikha Mariam bint Mohamed bin Zayed Al Nahyan, Vice Chairperson of the Council, emphasized the importance of preparing children to use AI responsibly and ethically. “As AI becomes the language of the future, introducing it in schools is a gateway to shaping the future itself,” she noted. Minister of Education Sarah bint Yousef Al Amiri highlighted that the UAE is among the first countries globally to embed AI comprehensively into the school system. She said the initiative is a practical demonstration of the government’s proactive vision and will help students not only understand AI technology but also apply it effectively and ethically.",technology,https://en.ittefaq.com.bd//en.ittefaq.com.bd/11759/uae-to-launch-ai-curriculum-starting-in,use ministry education announce integration artificial intelligence AI core subject across public school start e academic year initiative aim equip student kindergarten grade essential AI knowledge skill thrive rapidly evolve digital world report gulf news curriculum will focus seven key area module tailor age appropriate will incorporate exist school timetable without require extra class hour support roll out ministry will provide teacher comprehensive resource include lesson plan template engage activity adaptable various learn environment sheikh mullah bin pay AL anarchy minister foreign affair chairman education human resource council call move strategic milestone align square forward looking vision integrate artificial intelligence public education reflect commitment nurture future generation tool succeed increasingly complex tech driven word say sheikh mare bunt Mohamed bin pay AL anarchy vice chairperson council emphasize importance prepare child use AI responsibly ethically ace AI become language future introduce school gateway shape future itself ed note minister education Sarah bunt housefly AL origami highlight use among first country globally embed AI comprehensively school system say initiative practical demonstration government proactive vision will help student understand AI technology also apply effectively ethically
"Publish : 20 May 2025, 09:56",Starlink officially kicks off Bangladesh operations,"Starlink has officially started its operations in Bangladesh. The announcement was made on Tuesday (20 May) in a Facebook post by Faiz Ahmad Taiyeb, Special Assistant to the Chief Adviser. “On Monday (19 May) afternoon, they informed me over a phone call and confirmed the matter this morning on their X handle,” he said. “Initially, Starlink is launching with two packages – Starlink Residence and Residence Lite. The monthly cost is Tk 6,000 for one and Tk 4,200 for the other. A one-time cost of Tk 47,000 will be required for setup equipment,” he added. Faiz Ahmad Taiyeb also said there will be no speed or data limits. Individuals will be able to use unlimited data at speeds of up to 300 Mbps. Customers in Bangladesh can start placing orders from today. “With this, Sir’s (CA's) expectation of launching within 90 days has been fulfilled,” he said. He went on to say, “Although expensive, this creates a sustainable alternative for premium customers to access high-quality and high-speed internet services.” “In addition, companies will have opportunities to expand their business into areas where fibre or high-speed internet services are yet to reach. NGOs, freelancers, and entrepreneurs will benefit from uninterrupted, high-speed internet throughout the year,” said the Special Assistant to the Chief Adviser. The interim government has authorised Starlink, a Non-Geostationary Orbit (NGSO) satellite internet provider owned by Elon Musk’s SpaceX, to offer its services in the country.",technology,https://en.ittefaq.com.bd//en.ittefaq.com.bd/11983/starlink-officially-kicks-off-bangladesh,starling officially start operation Bangladesh announcement make Tuesday may Facebook post fain Ahmad tailbone special assistant chief adviser econ Monday may afternoon inform phone call confirm matter morning x handle say initially starling launch two package e starling residence residence lite monthly cost kt one kt onetime cost kt will require setup equipment ed add fain Ahmad tailbone also say will speed datum limit individual will able use unlimited datum speed bp customer Bangladesh can start place order today withe sire sac e tongue stick expectation launch within day fulfill say go say although e tongue stick endive create sustainable alternative premium customer access high quality high speed internet services ed econ addition company will opportunity e tongue stick business area fiber high speed internet service yet reach no freelancers entrepreneur will benefit uninterrupted high speed internet throughout teared say special assistant chief adviser interim government authorize starling non geostationary orbit song satellite internet provider own eon muse space offer service country
